ISO-10303-21;
HEADER;
/* Generated by software containing ST-Developer
 * from STEP Tools, Inc. (www.steptools.com) 
 */

FILE_DESCRIPTION(
/* description */ (''),
/* implementation_level */ '2;1');

FILE_NAME(
/* name */ 'Hackpad case.step',
/* time_stamp */ '2026-08-24T23:42:07-04:00',
/* author */ (''),
/* organization */ (''),
/* preprocessor_version */ 'ST-DEVELOPER v20.1',
/* originating_system */ 'Autodesk Translation Framework v15.8.0.0',
/* authorisation */ '');

FILE_SCHEMA (('AUTOMOTIVE_DESIGN { 1 0 10303 214 3 1 1 }'));
ENDSEC;

DATA;
#10=MECHANICAL_DESIGN_GEOMETRIC_PRESENTATION_REPRESENTATION('',(#8103,#8104,
#8105,#8106,#8107,#8108,#8109,#8110,#8111,#8112,#8113,#8114,#8115,#8116,
#8117,#8118,#8119,#8120,#8121,#8122,#8123,#8124),#14678);
#11=ELLIPSE('',#9363,1.4142135623731,1.);
#12=SPHERICAL_SURFACE('',#9244,1.);
#13=SPHERICAL_SURFACE('',#9246,1.);
#14=SPHERICAL_SURFACE('',#9266,1.);
#15=SPHERICAL_SURFACE('',#9272,0.999999999999996);
#16=SPHERICAL_SURFACE('',#9324,1.);
#17=SPHERICAL_SURFACE('',#9523,1.);
#18=SPHERICAL_SURFACE('',#9525,1.);
#19=SPHERICAL_SURFACE('',#9538,1.);
#20=SPHERICAL_SURFACE('',#9547,1.);
#21=ITEM_DEFINED_TRANSFORMATION($,$,#8599,#8638);
#22=ITEM_DEFINED_TRANSFORMATION($,$,#8599,#8639);
#23=ITEM_DEFINED_TRANSFORMATION($,$,#8599,#8640);
#24=ITEM_DEFINED_TRANSFORMATION($,$,#8599,#8641);
#25=ITEM_DEFINED_TRANSFORMATION($,$,#8599,#8642);
#26=ITEM_DEFINED_TRANSFORMATION($,$,#8599,#8643);
#27=ITEM_DEFINED_TRANSFORMATION($,$,#8599,#8644);
#28=ITEM_DEFINED_TRANSFORMATION($,$,#8599,#8645);
#29=ITEM_DEFINED_TRANSFORMATION($,$,#8591,#9226);
#30=ITEM_DEFINED_TRANSFORMATION($,$,#8592,#9227);
#31=ITEM_DEFINED_TRANSFORMATION($,$,#8593,#9228);
#32=ITEM_DEFINED_TRANSFORMATION($,$,#8594,#9229);
#33=ITEM_DEFINED_TRANSFORMATION($,$,#8595,#9230);
#34=ITEM_DEFINED_TRANSFORMATION($,$,#8596,#9231);
#35=ITEM_DEFINED_TRANSFORMATION($,$,#8597,#9232);
#36=ITEM_DEFINED_TRANSFORMATION($,$,#8598,#9233);
#37=ITEM_DEFINED_TRANSFORMATION($,$,#8646,#9234);
#38=ITEM_DEFINED_TRANSFORMATION($,$,#8590,#9568);
#39=(
REPRESENTATION_RELATIONSHIP($,$,#14735,#14727)
REPRESENTATION_RELATIONSHIP_WITH_TRANSFORMATION(#21)
SHAPE_REPRESENTATION_RELATIONSHIP()
);
#40=(
REPRESENTATION_RELATIONSHIP($,$,#14735,#14728)
REPRESENTATION_RELATIONSHIP_WITH_TRANSFORMATION(#22)
SHAPE_REPRESENTATION_RELATIONSHIP()
);
#41=(
REPRESENTATION_RELATIONSHIP($,$,#14735,#14729)
REPRESENTATION_RELATIONSHIP_WITH_TRANSFORMATION(#23)
SHAPE_REPRESENTATION_RELATIONSHIP()
);
#42=(
REPRESENTATION_RELATIONSHIP($,$,#14735,#14730)
REPRESENTATION_RELATIONSHIP_WITH_TRANSFORMATION(#24)
SHAPE_REPRESENTATION_RELATIONSHIP()
);
#43=(
REPRESENTATION_RELATIONSHIP($,$,#14735,#14731)
REPRESENTATION_RELATIONSHIP_WITH_TRANSFORMATION(#25)
SHAPE_REPRESENTATION_RELATIONSHIP()
);
#44=(
REPRESENTATION_RELATIONSHIP($,$,#14735,#14732)
REPRESENTATION_RELATIONSHIP_WITH_TRANSFORMATION(#26)
SHAPE_REPRESENTATION_RELATIONSHIP()
);
#45=(
REPRESENTATION_RELATIONSHIP($,$,#14735,#14733)
REPRESENTATION_RELATIONSHIP_WITH_TRANSFORMATION(#27)
SHAPE_REPRESENTATION_RELATIONSHIP()
);
#46=(
REPRESENTATION_RELATIONSHIP($,$,#14735,#14734)
REPRESENTATION_RELATIONSHIP_WITH_TRANSFORMATION(#28)
SHAPE_REPRESENTATION_RELATIONSHIP()
);
#47=(
REPRESENTATION_RELATIONSHIP($,$,#14727,#14726)
REPRESENTATION_RELATIONSHIP_WITH_TRANSFORMATION(#29)
SHAPE_REPRESENTATION_RELATIONSHIP()
);
#48=(
REPRESENTATION_RELATIONSHIP($,$,#14728,#14726)
REPRESENTATION_RELATIONSHIP_WITH_TRANSFORMATION(#30)
SHAPE_REPRESENTATION_RELATIONSHIP()
);
#49=(
REPRESENTATION_RELATIONSHIP($,$,#14729,#14726)
REPRESENTATION_RELATIONSHIP_WITH_TRANSFORMATION(#31)
SHAPE_REPRESENTATION_RELATIONSHIP()
);
#50=(
REPRESENTATION_RELATIONSHIP($,$,#14730,#14726)
REPRESENTATION_RELATIONSHIP_WITH_TRANSFORMATION(#32)
SHAPE_REPRESENTATION_RELATIONSHIP()
);
#51=(
REPRESENTATION_RELATIONSHIP($,$,#14731,#14726)
REPRESENTATION_RELATIONSHIP_WITH_TRANSFORMATION(#33)
SHAPE_REPRESENTATION_RELATIONSHIP()
);
#52=(
REPRESENTATION_RELATIONSHIP($,$,#14732,#14726)
REPRESENTATION_RELATIONSHIP_WITH_TRANSFORMATION(#34)
SHAPE_REPRESENTATION_RELATIONSHIP()
);
#53=(
REPRESENTATION_RELATIONSHIP($,$,#14733,#14726)
REPRESENTATION_RELATIONSHIP_WITH_TRANSFORMATION(#35)
SHAPE_REPRESENTATION_RELATIONSHIP()
);
#54=(
REPRESENTATION_RELATIONSHIP($,$,#14734,#14726)
REPRESENTATION_RELATIONSHIP_WITH_TRANSFORMATION(#36)
SHAPE_REPRESENTATION_RELATIONSHIP()
);
#55=(
REPRESENTATION_RELATIONSHIP($,$,#14736,#14726)
REPRESENTATION_RELATIONSHIP_WITH_TRANSFORMATION(#37)
SHAPE_REPRESENTATION_RELATIONSHIP()
);
#56=(
REPRESENTATION_RELATIONSHIP($,$,#14726,#14725)
REPRESENTATION_RELATIONSHIP_WITH_TRANSFORMATION(#38)
SHAPE_REPRESENTATION_RELATIONSHIP()
);
#57=CONTEXT_DEPENDENT_SHAPE_REPRESENTATION(#39,#14706);
#58=CONTEXT_DEPENDENT_SHAPE_REPRESENTATION(#40,#14707);
#59=CONTEXT_DEPENDENT_SHAPE_REPRESENTATION(#41,#14708);
#60=CONTEXT_DEPENDENT_SHAPE_REPRESENTATION(#42,#14709);
#61=CONTEXT_DEPENDENT_SHAPE_REPRESENTATION(#43,#14710);
#62=CONTEXT_DEPENDENT_SHAPE_REPRESENTATION(#44,#14711);
#63=CONTEXT_DEPENDENT_SHAPE_REPRESENTATION(#45,#14712);
#64=CONTEXT_DEPENDENT_SHAPE_REPRESENTATION(#46,#14713);
#65=CONTEXT_DEPENDENT_SHAPE_REPRESENTATION(#47,#14715);
#66=CONTEXT_DEPENDENT_SHAPE_REPRESENTATION(#48,#14716);
#67=CONTEXT_DEPENDENT_SHAPE_REPRESENTATION(#49,#14717);
#68=CONTEXT_DEPENDENT_SHAPE_REPRESENTATION(#50,#14718);
#69=CONTEXT_DEPENDENT_SHAPE_REPRESENTATION(#51,#14719);
#70=CONTEXT_DEPENDENT_SHAPE_REPRESENTATION(#52,#14720);
#71=CONTEXT_DEPENDENT_SHAPE_REPRESENTATION(#53,#14721);
#72=CONTEXT_DEPENDENT_SHAPE_REPRESENTATION(#54,#14722);
#73=CONTEXT_DEPENDENT_SHAPE_REPRESENTATION(#55,#14723);
#74=CONTEXT_DEPENDENT_SHAPE_REPRESENTATION(#56,#14724);
#75=NEXT_ASSEMBLY_USAGE_OCCURRENCE('D_DO-35_SOD27_P7.62mm_Horizontal:1',
'D_DO-35_SOD27_P7.62mm_Horizontal:1',
'D_DO-35_SOD27_P7.62mm_Horizontal:1',#14740,#14748,
'D_DO-35_SOD27_P7.62mm_Horizontal:1');
#76=NEXT_ASSEMBLY_USAGE_OCCURRENCE('D_DO-35_SOD27_P7.62mm_Horizontal:1',
'D_DO-35_SOD27_P7.62mm_Horizontal:1',
'D_DO-35_SOD27_P7.62mm_Horizontal:1',#14741,#14748,
'D_DO-35_SOD27_P7.62mm_Horizontal:1');
#77=NEXT_ASSEMBLY_USAGE_OCCURRENCE('D_DO-35_SOD27_P7.62mm_Horizontal:1',
'D_DO-35_SOD27_P7.62mm_Horizontal:1',
'D_DO-35_SOD27_P7.62mm_Horizontal:1',#14742,#14748,
'D_DO-35_SOD27_P7.62mm_Horizontal:1');
#78=NEXT_ASSEMBLY_USAGE_OCCURRENCE('D_DO-35_SOD27_P7.62mm_Horizontal:1',
'D_DO-35_SOD27_P7.62mm_Horizontal:1',
'D_DO-35_SOD27_P7.62mm_Horizontal:1',#14743,#14748,
'D_DO-35_SOD27_P7.62mm_Horizontal:1');
#79=NEXT_ASSEMBLY_USAGE_OCCURRENCE('D_DO-35_SOD27_P7.62mm_Horizontal:1',
'D_DO-35_SOD27_P7.62mm_Horizontal:1',
'D_DO-35_SOD27_P7.62mm_Horizontal:1',#14744,#14748,
'D_DO-35_SOD27_P7.62mm_Horizontal:1');
#80=NEXT_ASSEMBLY_USAGE_OCCURRENCE('D_DO-35_SOD27_P7.62mm_Horizontal:1',
'D_DO-35_SOD27_P7.62mm_Horizontal:1',
'D_DO-35_SOD27_P7.62mm_Horizontal:1',#14745,#14748,
'D_DO-35_SOD27_P7.62mm_Horizontal:1');
#81=NEXT_ASSEMBLY_USAGE_OCCURRENCE('D_DO-35_SOD27_P7.62mm_Horizontal:1',
'D_DO-35_SOD27_P7.62mm_Horizontal:1',
'D_DO-35_SOD27_P7.62mm_Horizontal:1',#14746,#14748,
'D_DO-35_SOD27_P7.62mm_Horizontal:1');
#82=NEXT_ASSEMBLY_USAGE_OCCURRENCE('D_DO-35_SOD27_P7.62mm_Horizontal:1',
'D_DO-35_SOD27_P7.62mm_Horizontal:1',
'D_DO-35_SOD27_P7.62mm_Horizontal:1',#14747,#14748,
'D_DO-35_SOD27_P7.62mm_Horizontal:1');
#83=NEXT_ASSEMBLY_USAGE_OCCURRENCE(
'D_DO-35_SOD27_P7.62mm_Horizontal (1):1',
'D_DO-35_SOD27_P7.62mm_Horizontal (1):1',
'D_DO-35_SOD27_P7.62mm_Horizontal (1):1',#14739,#14740,
'D_DO-35_SOD27_P7.62mm_Horizontal (1):1');
#84=NEXT_ASSEMBLY_USAGE_OCCURRENCE(
'D_DO-35_SOD27_P7.62mm_Horizontal (1):2',
'D_DO-35_SOD27_P7.62mm_Horizontal (1):2',
'D_DO-35_SOD27_P7.62mm_Horizontal (1):2',#14739,#14741,
'D_DO-35_SOD27_P7.62mm_Horizontal (1):2');
#85=NEXT_ASSEMBLY_USAGE_OCCURRENCE(
'D_DO-35_SOD27_P7.62mm_Horizontal (1):3',
'D_DO-35_SOD27_P7.62mm_Horizontal (1):3',
'D_DO-35_SOD27_P7.62mm_Horizontal (1):3',#14739,#14742,
'D_DO-35_SOD27_P7.62mm_Horizontal (1):3');
#86=NEXT_ASSEMBLY_USAGE_OCCURRENCE(
'D_DO-35_SOD27_P7.62mm_Horizontal (1):4',
'D_DO-35_SOD27_P7.62mm_Horizontal (1):4',
'D_DO-35_SOD27_P7.62mm_Horizontal (1):4',#14739,#14743,
'D_DO-35_SOD27_P7.62mm_Horizontal (1):4');
#87=NEXT_ASSEMBLY_USAGE_OCCURRENCE(
'D_DO-35_SOD27_P7.62mm_Horizontal (1):5',
'D_DO-35_SOD27_P7.62mm_Horizontal (1):5',
'D_DO-35_SOD27_P7.62mm_Horizontal (1):5',#14739,#14744,
'D_DO-35_SOD27_P7.62mm_Horizontal (1):5');
#88=NEXT_ASSEMBLY_USAGE_OCCURRENCE(
'D_DO-35_SOD27_P7.62mm_Horizontal (1):6',
'D_DO-35_SOD27_P7.62mm_Horizontal (1):6',
'D_DO-35_SOD27_P7.62mm_Horizontal (1):6',#14739,#14745,
'D_DO-35_SOD27_P7.62mm_Horizontal (1):6');
#89=NEXT_ASSEMBLY_USAGE_OCCURRENCE(
'D_DO-35_SOD27_P7.62mm_Horizontal (1):7',
'D_DO-35_SOD27_P7.62mm_Horizontal (1):7',
'D_DO-35_SOD27_P7.62mm_Horizontal (1):7',#14739,#14746,
'D_DO-35_SOD27_P7.62mm_Horizontal (1):7');
#90=NEXT_ASSEMBLY_USAGE_OCCURRENCE(
'D_DO-35_SOD27_P7.62mm_Horizontal (1):8',
'D_DO-35_SOD27_P7.62mm_Horizontal (1):8',
'D_DO-35_SOD27_P7.62mm_Horizontal (1):8',#14739,#14747,
'D_DO-35_SOD27_P7.62mm_Horizontal (1):8');
#91=NEXT_ASSEMBLY_USAGE_OCCURRENCE('hackpad_PCB:1','hackpad_PCB:1',
'hackpad_PCB:1',#14739,#14749,'hackpad_PCB:1');
#92=NEXT_ASSEMBLY_USAGE_OCCURRENCE('pcb:1','pcb:1','pcb:1',#14738,#14739,
'pcb:1');
#93=SHAPE_REPRESENTATION_RELATIONSHIP('SRR','None',#14735,#96);
#94=SHAPE_REPRESENTATION_RELATIONSHIP('SRR','None',#14736,#97);
#95=SHAPE_REPRESENTATION_RELATIONSHIP('SRR','None',#14725,#98);
#96=ADVANCED_BREP_SHAPE_REPRESENTATION('',(#330,#331),#14676);
#97=ADVANCED_BREP_SHAPE_REPRESENTATION('',(#332),#14677);
#98=ADVANCED_BREP_SHAPE_REPRESENTATION('',(#333,#334,#335),#14666);
#99=FACE_BOUND('',#953,.T.);
#100=FACE_BOUND('',#955,.T.);
#101=FACE_BOUND('',#966,.T.);
#102=FACE_BOUND('',#967,.T.);
#103=FACE_BOUND('',#968,.T.);
#104=FACE_BOUND('',#969,.T.);
#105=FACE_BOUND('',#970,.T.);
#106=FACE_BOUND('',#971,.T.);
#107=FACE_BOUND('',#972,.T.);
#108=FACE_BOUND('',#973,.T.);
#109=FACE_BOUND('',#974,.T.);
#110=FACE_BOUND('',#975,.T.);
#111=FACE_BOUND('',#976,.T.);
#112=FACE_BOUND('',#977,.T.);
#113=FACE_BOUND('',#978,.T.);
#114=FACE_BOUND('',#979,.T.);
#115=FACE_BOUND('',#980,.T.);
#116=FACE_BOUND('',#981,.T.);
#117=FACE_BOUND('',#982,.T.);
#118=FACE_BOUND('',#983,.T.);
#119=FACE_BOUND('',#984,.T.);
#120=FACE_BOUND('',#985,.T.);
#121=FACE_BOUND('',#986,.T.);
#122=FACE_BOUND('',#987,.T.);
#123=FACE_BOUND('',#988,.T.);
#124=FACE_BOUND('',#989,.T.);
#125=FACE_BOUND('',#990,.T.);
#126=FACE_BOUND('',#991,.T.);
#127=FACE_BOUND('',#992,.T.);
#128=FACE_BOUND('',#993,.T.);
#129=FACE_BOUND('',#994,.T.);
#130=FACE_BOUND('',#995,.T.);
#131=FACE_BOUND('',#996,.T.);
#132=FACE_BOUND('',#997,.T.);
#133=FACE_BOUND('',#998,.T.);
#134=FACE_BOUND('',#999,.T.);
#135=FACE_BOUND('',#1000,.T.);
#136=FACE_BOUND('',#1001,.T.);
#137=FACE_BOUND('',#1002,.T.);
#138=FACE_BOUND('',#1003,.T.);
#139=FACE_BOUND('',#1004,.T.);
#140=FACE_BOUND('',#1005,.T.);
#141=FACE_BOUND('',#1006,.T.);
#142=FACE_BOUND('',#1007,.T.);
#143=FACE_BOUND('',#1008,.T.);
#144=FACE_BOUND('',#1009,.T.);
#145=FACE_BOUND('',#1010,.T.);
#146=FACE_BOUND('',#1011,.T.);
#147=FACE_BOUND('',#1012,.T.);
#148=FACE_BOUND('',#1013,.T.);
#149=FACE_BOUND('',#1014,.T.);
#150=FACE_BOUND('',#1015,.T.);
#151=FACE_BOUND('',#1016,.T.);
#152=FACE_BOUND('',#1017,.T.);
#153=FACE_BOUND('',#1018,.T.);
#154=FACE_BOUND('',#1019,.T.);
#155=FACE_BOUND('',#1020,.T.);
#156=FACE_BOUND('',#1021,.T.);
#157=FACE_BOUND('',#1022,.T.);
#158=FACE_BOUND('',#1023,.T.);
#159=FACE_BOUND('',#1024,.T.);
#160=FACE_BOUND('',#1025,.T.);
#161=FACE_BOUND('',#1026,.T.);
#162=FACE_BOUND('',#1027,.T.);
#163=FACE_BOUND('',#1028,.T.);
#164=FACE_BOUND('',#1029,.T.);
#165=FACE_BOUND('',#1030,.T.);
#166=FACE_BOUND('',#1031,.T.);
#167=FACE_BOUND('',#1032,.T.);
#168=FACE_BOUND('',#1033,.T.);
#169=FACE_BOUND('',#1034,.T.);
#170=FACE_BOUND('',#1035,.T.);
#171=FACE_BOUND('',#1036,.T.);
#172=FACE_BOUND('',#1037,.T.);
#173=FACE_BOUND('',#1038,.T.);
#174=FACE_BOUND('',#1039,.T.);
#175=FACE_BOUND('',#1040,.T.);
#176=FACE_BOUND('',#1041,.T.);
#177=FACE_BOUND('',#1042,.T.);
#178=FACE_BOUND('',#1043,.T.);
#179=FACE_BOUND('',#1044,.T.);
#180=FACE_BOUND('',#1045,.T.);
#181=FACE_BOUND('',#1046,.T.);
#182=FACE_BOUND('',#1047,.T.);
#183=FACE_BOUND('',#1048,.T.);
#184=FACE_BOUND('',#1049,.T.);
#185=FACE_BOUND('',#1050,.T.);
#186=FACE_BOUND('',#1051,.T.);
#187=FACE_BOUND('',#1052,.T.);
#188=FACE_BOUND('',#1053,.T.);
#189=FACE_BOUND('',#1054,.T.);
#190=FACE_BOUND('',#1056,.T.);
#191=FACE_BOUND('',#1057,.T.);
#192=FACE_BOUND('',#1058,.T.);
#193=FACE_BOUND('',#1059,.T.);
#194=FACE_BOUND('',#1060,.T.);
#195=FACE_BOUND('',#1061,.T.);
#196=FACE_BOUND('',#1062,.T.);
#197=FACE_BOUND('',#1063,.T.);
#198=FACE_BOUND('',#1064,.T.);
#199=FACE_BOUND('',#1065,.T.);
#200=FACE_BOUND('',#1066,.T.);
#201=FACE_BOUND('',#1067,.T.);
#202=FACE_BOUND('',#1068,.T.);
#203=FACE_BOUND('',#1069,.T.);
#204=FACE_BOUND('',#1070,.T.);
#205=FACE_BOUND('',#1071,.T.);
#206=FACE_BOUND('',#1072,.T.);
#207=FACE_BOUND('',#1073,.T.);
#208=FACE_BOUND('',#1074,.T.);
#209=FACE_BOUND('',#1075,.T.);
#210=FACE_BOUND('',#1076,.T.);
#211=FACE_BOUND('',#1077,.T.);
#212=FACE_BOUND('',#1078,.T.);
#213=FACE_BOUND('',#1079,.T.);
#214=FACE_BOUND('',#1080,.T.);
#215=FACE_BOUND('',#1081,.T.);
#216=FACE_BOUND('',#1082,.T.);
#217=FACE_BOUND('',#1083,.T.);
#218=FACE_BOUND('',#1084,.T.);
#219=FACE_BOUND('',#1085,.T.);
#220=FACE_BOUND('',#1086,.T.);
#221=FACE_BOUND('',#1087,.T.);
#222=FACE_BOUND('',#1088,.T.);
#223=FACE_BOUND('',#1089,.T.);
#224=FACE_BOUND('',#1090,.T.);
#225=FACE_BOUND('',#1091,.T.);
#226=FACE_BOUND('',#1092,.T.);
#227=FACE_BOUND('',#1093,.T.);
#228=FACE_BOUND('',#1094,.T.);
#229=FACE_BOUND('',#1095,.T.);
#230=FACE_BOUND('',#1096,.T.);
#231=FACE_BOUND('',#1097,.T.);
#232=FACE_BOUND('',#1098,.T.);
#233=FACE_BOUND('',#1099,.T.);
#234=FACE_BOUND('',#1100,.T.);
#235=FACE_BOUND('',#1101,.T.);
#236=FACE_BOUND('',#1102,.T.);
#237=FACE_BOUND('',#1103,.T.);
#238=FACE_BOUND('',#1104,.T.);
#239=FACE_BOUND('',#1105,.T.);
#240=FACE_BOUND('',#1106,.T.);
#241=FACE_BOUND('',#1107,.T.);
#242=FACE_BOUND('',#1108,.T.);
#243=FACE_BOUND('',#1109,.T.);
#244=FACE_BOUND('',#1110,.T.);
#245=FACE_BOUND('',#1111,.T.);
#246=FACE_BOUND('',#1112,.T.);
#247=FACE_BOUND('',#1113,.T.);
#248=FACE_BOUND('',#1114,.T.);
#249=FACE_BOUND('',#1115,.T.);
#250=FACE_BOUND('',#1116,.T.);
#251=FACE_BOUND('',#1117,.T.);
#252=FACE_BOUND('',#1118,.T.);
#253=FACE_BOUND('',#1119,.T.);
#254=FACE_BOUND('',#1120,.T.);
#255=FACE_BOUND('',#1121,.T.);
#256=FACE_BOUND('',#1122,.T.);
#257=FACE_BOUND('',#1123,.T.);
#258=FACE_BOUND('',#1124,.T.);
#259=FACE_BOUND('',#1125,.T.);
#260=FACE_BOUND('',#1126,.T.);
#261=FACE_BOUND('',#1127,.T.);
#262=FACE_BOUND('',#1128,.T.);
#263=FACE_BOUND('',#1129,.T.);
#264=FACE_BOUND('',#1130,.T.);
#265=FACE_BOUND('',#1131,.T.);
#266=FACE_BOUND('',#1132,.T.);
#267=FACE_BOUND('',#1133,.T.);
#268=FACE_BOUND('',#1134,.T.);
#269=FACE_BOUND('',#1135,.T.);
#270=FACE_BOUND('',#1136,.T.);
#271=FACE_BOUND('',#1137,.T.);
#272=FACE_BOUND('',#1138,.T.);
#273=FACE_BOUND('',#1139,.T.);
#274=FACE_BOUND('',#1140,.T.);
#275=FACE_BOUND('',#1141,.T.);
#276=FACE_BOUND('',#1142,.T.);
#277=FACE_BOUND('',#1143,.T.);
#278=FACE_BOUND('',#1144,.T.);
#279=FACE_BOUND('',#1369,.T.);
#280=FACE_BOUND('',#1370,.T.);
#281=FACE_BOUND('',#1371,.T.);
#282=FACE_BOUND('',#1372,.T.);
#283=FACE_BOUND('',#1375,.T.);
#284=FACE_BOUND('',#1401,.T.);
#285=FACE_BOUND('',#1409,.T.);
#286=FACE_BOUND('',#1410,.T.);
#287=FACE_BOUND('',#1411,.T.);
#288=FACE_BOUND('',#1412,.T.);
#289=FACE_BOUND('',#1413,.T.);
#290=FACE_BOUND('',#1415,.T.);
#291=FACE_BOUND('',#1416,.T.);
#292=FACE_BOUND('',#1417,.T.);
#293=FACE_BOUND('',#1418,.T.);
#294=FACE_BOUND('',#1423,.T.);
#295=FACE_BOUND('',#1424,.T.);
#296=FACE_BOUND('',#1425,.T.);
#297=FACE_BOUND('',#1426,.T.);
#298=FACE_BOUND('',#1427,.T.);
#299=FACE_BOUND('',#1428,.T.);
#300=FACE_BOUND('',#1429,.T.);
#301=FACE_BOUND('',#1430,.T.);
#302=FACE_BOUND('',#1431,.T.);
#303=FACE_BOUND('',#1432,.T.);
#304=FACE_BOUND('',#1433,.T.);
#305=FACE_BOUND('',#1434,.T.);
#306=FACE_BOUND('',#1435,.T.);
#307=FACE_BOUND('',#1436,.T.);
#308=FACE_BOUND('',#1437,.T.);
#309=FACE_BOUND('',#1438,.T.);
#310=FACE_BOUND('',#1439,.T.);
#311=FACE_BOUND('',#1440,.T.);
#312=FACE_BOUND('',#1444,.T.);
#313=FACE_BOUND('',#1445,.T.);
#314=FACE_BOUND('',#1446,.T.);
#315=FACE_BOUND('',#1447,.T.);
#316=FACE_BOUND('',#1448,.T.);
#317=FACE_BOUND('',#1449,.T.);
#318=FACE_BOUND('',#1450,.T.);
#319=FACE_BOUND('',#1451,.T.);
#320=FACE_BOUND('',#1452,.T.);
#321=FACE_BOUND('',#1453,.T.);
#322=FACE_BOUND('',#1575,.T.);
#323=FACE_BOUND('',#1576,.T.);
#324=FACE_BOUND('',#1577,.T.);
#325=FACE_BOUND('',#1578,.T.);
#326=FACE_BOUND('',#1586,.T.);
#327=FACE_BOUND('',#1587,.T.);
#328=FACE_BOUND('',#1600,.T.);
#329=FACE_BOUND('',#1601,.T.);
#330=MANIFOLD_SOLID_BREP('Body1',#8560);
#331=MANIFOLD_SOLID_BREP('Body2',#8561);
#332=MANIFOLD_SOLID_BREP('Body1',#8562);
#333=MANIFOLD_SOLID_BREP('case bottom',#8563);
#334=MANIFOLD_SOLID_BREP('case top part 1',#8564);
#335=MANIFOLD_SOLID_BREP('case top part 2',#8565);
#336=PLANE('',#8617);
#337=PLANE('',#8618);
#338=PLANE('',#8622);
#339=PLANE('',#8624);
#340=PLANE('',#8636);
#341=PLANE('',#8637);
#342=PLANE('',#8647);
#343=PLANE('',#8648);
#344=PLANE('',#8649);
#345=PLANE('',#8650);
#346=PLANE('',#8830);
#347=PLANE('',#9010);
#348=PLANE('',#9014);
#349=PLANE('',#9015);
#350=PLANE('',#9022);
#351=PLANE('',#9023);
#352=PLANE('',#9037);
#353=PLANE('',#9038);
#354=PLANE('',#9045);
#355=PLANE('',#9046);
#356=PLANE('',#9060);
#357=PLANE('',#9061);
#358=PLANE('',#9068);
#359=PLANE('',#9069);
#360=PLANE('',#9080);
#361=PLANE('',#9081);
#362=PLANE('',#9088);
#363=PLANE('',#9089);
#364=PLANE('',#9100);
#365=PLANE('',#9101);
#366=PLANE('',#9108);
#367=PLANE('',#9109);
#368=PLANE('',#9123);
#369=PLANE('',#9124);
#370=PLANE('',#9131);
#371=PLANE('',#9132);
#372=PLANE('',#9146);
#373=PLANE('',#9147);
#374=PLANE('',#9154);
#375=PLANE('',#9155);
#376=PLANE('',#9166);
#377=PLANE('',#9167);
#378=PLANE('',#9174);
#379=PLANE('',#9175);
#380=PLANE('',#9208);
#381=PLANE('',#9210);
#382=PLANE('',#9223);
#383=PLANE('',#9225);
#384=PLANE('',#9248);
#385=PLANE('',#9251);
#386=PLANE('',#9258);
#387=PLANE('',#9268);
#388=PLANE('',#9271);
#389=PLANE('',#9279);
#390=PLANE('',#9283);
#391=PLANE('',#9287);
#392=PLANE('',#9291);
#393=PLANE('',#9292);
#394=PLANE('',#9295);
#395=PLANE('',#9298);
#396=PLANE('',#9301);
#397=PLANE('',#9304);
#398=PLANE('',#9305);
#399=PLANE('',#9314);
#400=PLANE('',#9315);
#401=PLANE('',#9316);
#402=PLANE('',#9317);
#403=PLANE('',#9326);
#404=PLANE('',#9361);
#405=PLANE('',#9364);
#406=PLANE('',#9401);
#407=PLANE('',#9404);
#408=PLANE('',#9405);
#409=PLANE('',#9406);
#410=PLANE('',#9407);
#411=PLANE('',#9408);
#412=PLANE('',#9409);
#413=PLANE('',#9410);
#414=PLANE('',#9411);
#415=PLANE('',#9412);
#416=PLANE('',#9413);
#417=PLANE('',#9414);
#418=PLANE('',#9415);
#419=PLANE('',#9416);
#420=PLANE('',#9417);
#421=PLANE('',#9418);
#422=PLANE('',#9419);
#423=PLANE('',#9420);
#424=PLANE('',#9421);
#425=PLANE('',#9422);
#426=PLANE('',#9423);
#427=PLANE('',#9424);
#428=PLANE('',#9425);
#429=PLANE('',#9426);
#430=PLANE('',#9427);
#431=PLANE('',#9428);
#432=PLANE('',#9429);
#433=PLANE('',#9430);
#434=PLANE('',#9431);
#435=PLANE('',#9432);
#436=PLANE('',#9433);
#437=PLANE('',#9434);
#438=PLANE('',#9435);
#439=PLANE('',#9436);
#440=PLANE('',#9437);
#441=PLANE('',#9438);
#442=PLANE('',#9439);
#443=PLANE('',#9440);
#444=PLANE('',#9441);
#445=PLANE('',#9442);
#446=PLANE('',#9443);
#447=PLANE('',#9444);
#448=PLANE('',#9445);
#449=PLANE('',#9446);
#450=PLANE('',#9447);
#451=PLANE('',#9448);
#452=PLANE('',#9449);
#453=PLANE('',#9450);
#454=PLANE('',#9452);
#455=PLANE('',#9454);
#456=PLANE('',#9456);
#457=PLANE('',#9458);
#458=PLANE('',#9460);
#459=PLANE('',#9462);
#460=PLANE('',#9464);
#461=PLANE('',#9466);
#462=PLANE('',#9468);
#463=PLANE('',#9470);
#464=PLANE('',#9472);
#465=PLANE('',#9474);
#466=PLANE('',#9476);
#467=PLANE('',#9478);
#468=PLANE('',#9480);
#469=PLANE('',#9482);
#470=PLANE('',#9484);
#471=PLANE('',#9486);
#472=PLANE('',#9488);
#473=PLANE('',#9490);
#474=PLANE('',#9492);
#475=PLANE('',#9494);
#476=PLANE('',#9496);
#477=PLANE('',#9498);
#478=PLANE('',#9500);
#479=PLANE('',#9502);
#480=PLANE('',#9504);
#481=PLANE('',#9506);
#482=PLANE('',#9508);
#483=PLANE('',#9510);
#484=PLANE('',#9512);
#485=PLANE('',#9529);
#486=PLANE('',#9534);
#487=PLANE('',#9542);
#488=PLANE('',#9543);
#489=PLANE('',#9550);
#490=PLANE('',#9551);
#491=PLANE('',#9552);
#492=PLANE('',#9553);
#493=PLANE('',#9554);
#494=PLANE('',#9555);
#495=PLANE('',#9556);
#496=PLANE('',#9559);
#497=PLANE('',#9560);
#498=PLANE('',#9561);
#499=PLANE('',#9562);
#500=PLANE('',#9563);
#501=PLANE('',#9564);
#502=PLANE('',#9565);
#503=PLANE('',#9566);
#504=PLANE('',#9567);
#505=TOROIDAL_SURFACE('',#8604,0.5,0.25);
#506=TOROIDAL_SURFACE('',#8611,0.5,0.25);
#507=TOROIDAL_SURFACE('',#8630,0.6,0.4);
#508=TOROIDAL_SURFACE('',#8633,0.6,0.4);
#509=FACE_OUTER_BOUND('',#944,.T.);
#510=FACE_OUTER_BOUND('',#945,.T.);
#511=FACE_OUTER_BOUND('',#946,.T.);
#512=FACE_OUTER_BOUND('',#947,.T.);
#513=FACE_OUTER_BOUND('',#948,.T.);
#514=FACE_OUTER_BOUND('',#949,.T.);
#515=FACE_OUTER_BOUND('',#950,.T.);
#516=FACE_OUTER_BOUND('',#951,.T.);
#517=FACE_OUTER_BOUND('',#952,.T.);
#518=FACE_OUTER_BOUND('',#954,.T.);
#519=FACE_OUTER_BOUND('',#956,.T.);
#520=FACE_OUTER_BOUND('',#957,.T.);
#521=FACE_OUTER_BOUND('',#958,.T.);
#522=FACE_OUTER_BOUND('',#959,.T.);
#523=FACE_OUTER_BOUND('',#960,.T.);
#524=FACE_OUTER_BOUND('',#961,.T.);
#525=FACE_OUTER_BOUND('',#962,.T.);
#526=FACE_OUTER_BOUND('',#963,.T.);
#527=FACE_OUTER_BOUND('',#964,.T.);
#528=FACE_OUTER_BOUND('',#965,.T.);
#529=FACE_OUTER_BOUND('',#1055,.T.);
#530=FACE_OUTER_BOUND('',#1145,.T.);
#531=FACE_OUTER_BOUND('',#1146,.T.);
#532=FACE_OUTER_BOUND('',#1147,.T.);
#533=FACE_OUTER_BOUND('',#1148,.T.);
#534=FACE_OUTER_BOUND('',#1149,.T.);
#535=FACE_OUTER_BOUND('',#1150,.T.);
#536=FACE_OUTER_BOUND('',#1151,.T.);
#537=FACE_OUTER_BOUND('',#1152,.T.);
#538=FACE_OUTER_BOUND('',#1153,.T.);
#539=FACE_OUTER_BOUND('',#1154,.T.);
#540=FACE_OUTER_BOUND('',#1155,.T.);
#541=FACE_OUTER_BOUND('',#1156,.T.);
#542=FACE_OUTER_BOUND('',#1157,.T.);
#543=FACE_OUTER_BOUND('',#1158,.T.);
#544=FACE_OUTER_BOUND('',#1159,.T.);
#545=FACE_OUTER_BOUND('',#1160,.T.);
#546=FACE_OUTER_BOUND('',#1161,.T.);
#547=FACE_OUTER_BOUND('',#1162,.T.);
#548=FACE_OUTER_BOUND('',#1163,.T.);
#549=FACE_OUTER_BOUND('',#1164,.T.);
#550=FACE_OUTER_BOUND('',#1165,.T.);
#551=FACE_OUTER_BOUND('',#1166,.T.);
#552=FACE_OUTER_BOUND('',#1167,.T.);
#553=FACE_OUTER_BOUND('',#1168,.T.);
#554=FACE_OUTER_BOUND('',#1169,.T.);
#555=FACE_OUTER_BOUND('',#1170,.T.);
#556=FACE_OUTER_BOUND('',#1171,.T.);
#557=FACE_OUTER_BOUND('',#1172,.T.);
#558=FACE_OUTER_BOUND('',#1173,.T.);
#559=FACE_OUTER_BOUND('',#1174,.T.);
#560=FACE_OUTER_BOUND('',#1175,.T.);
#561=FACE_OUTER_BOUND('',#1176,.T.);
#562=FACE_OUTER_BOUND('',#1177,.T.);
#563=FACE_OUTER_BOUND('',#1178,.T.);
#564=FACE_OUTER_BOUND('',#1179,.T.);
#565=FACE_OUTER_BOUND('',#1180,.T.);
#566=FACE_OUTER_BOUND('',#1181,.T.);
#567=FACE_OUTER_BOUND('',#1182,.T.);
#568=FACE_OUTER_BOUND('',#1183,.T.);
#569=FACE_OUTER_BOUND('',#1184,.T.);
#570=FACE_OUTER_BOUND('',#1185,.T.);
#571=FACE_OUTER_BOUND('',#1186,.T.);
#572=FACE_OUTER_BOUND('',#1187,.T.);
#573=FACE_OUTER_BOUND('',#1188,.T.);
#574=FACE_OUTER_BOUND('',#1189,.T.);
#575=FACE_OUTER_BOUND('',#1190,.T.);
#576=FACE_OUTER_BOUND('',#1191,.T.);
#577=FACE_OUTER_BOUND('',#1192,.T.);
#578=FACE_OUTER_BOUND('',#1193,.T.);
#579=FACE_OUTER_BOUND('',#1194,.T.);
#580=FACE_OUTER_BOUND('',#1195,.T.);
#581=FACE_OUTER_BOUND('',#1196,.T.);
#582=FACE_OUTER_BOUND('',#1197,.T.);
#583=FACE_OUTER_BOUND('',#1198,.T.);
#584=FACE_OUTER_BOUND('',#1199,.T.);
#585=FACE_OUTER_BOUND('',#1200,.T.);
#586=FACE_OUTER_BOUND('',#1201,.T.);
#587=FACE_OUTER_BOUND('',#1202,.T.);
#588=FACE_OUTER_BOUND('',#1203,.T.);
#589=FACE_OUTER_BOUND('',#1204,.T.);
#590=FACE_OUTER_BOUND('',#1205,.T.);
#591=FACE_OUTER_BOUND('',#1206,.T.);
#592=FACE_OUTER_BOUND('',#1207,.T.);
#593=FACE_OUTER_BOUND('',#1208,.T.);
#594=FACE_OUTER_BOUND('',#1209,.T.);
#595=FACE_OUTER_BOUND('',#1210,.T.);
#596=FACE_OUTER_BOUND('',#1211,.T.);
#597=FACE_OUTER_BOUND('',#1212,.T.);
#598=FACE_OUTER_BOUND('',#1213,.T.);
#599=FACE_OUTER_BOUND('',#1214,.T.);
#600=FACE_OUTER_BOUND('',#1215,.T.);
#601=FACE_OUTER_BOUND('',#1216,.T.);
#602=FACE_OUTER_BOUND('',#1217,.T.);
#603=FACE_OUTER_BOUND('',#1218,.T.);
#604=FACE_OUTER_BOUND('',#1219,.T.);
#605=FACE_OUTER_BOUND('',#1220,.T.);
#606=FACE_OUTER_BOUND('',#1221,.T.);
#607=FACE_OUTER_BOUND('',#1222,.T.);
#608=FACE_OUTER_BOUND('',#1223,.T.);
#609=FACE_OUTER_BOUND('',#1224,.T.);
#610=FACE_OUTER_BOUND('',#1225,.T.);
#611=FACE_OUTER_BOUND('',#1226,.T.);
#612=FACE_OUTER_BOUND('',#1227,.T.);
#613=FACE_OUTER_BOUND('',#1228,.T.);
#614=FACE_OUTER_BOUND('',#1229,.T.);
#615=FACE_OUTER_BOUND('',#1230,.T.);
#616=FACE_OUTER_BOUND('',#1231,.T.);
#617=FACE_OUTER_BOUND('',#1232,.T.);
#618=FACE_OUTER_BOUND('',#1233,.T.);
#619=FACE_OUTER_BOUND('',#1234,.T.);
#620=FACE_OUTER_BOUND('',#1235,.T.);
#621=FACE_OUTER_BOUND('',#1236,.T.);
#622=FACE_OUTER_BOUND('',#1237,.T.);
#623=FACE_OUTER_BOUND('',#1238,.T.);
#624=FACE_OUTER_BOUND('',#1239,.T.);
#625=FACE_OUTER_BOUND('',#1240,.T.);
#626=FACE_OUTER_BOUND('',#1241,.T.);
#627=FACE_OUTER_BOUND('',#1242,.T.);
#628=FACE_OUTER_BOUND('',#1243,.T.);
#629=FACE_OUTER_BOUND('',#1244,.T.);
#630=FACE_OUTER_BOUND('',#1245,.T.);
#631=FACE_OUTER_BOUND('',#1246,.T.);
#632=FACE_OUTER_BOUND('',#1247,.T.);
#633=FACE_OUTER_BOUND('',#1248,.T.);
#634=FACE_OUTER_BOUND('',#1249,.T.);
#635=FACE_OUTER_BOUND('',#1250,.T.);
#636=FACE_OUTER_BOUND('',#1251,.T.);
#637=FACE_OUTER_BOUND('',#1252,.T.);
#638=FACE_OUTER_BOUND('',#1253,.T.);
#639=FACE_OUTER_BOUND('',#1254,.T.);
#640=FACE_OUTER_BOUND('',#1255,.T.);
#641=FACE_OUTER_BOUND('',#1256,.T.);
#642=FACE_OUTER_BOUND('',#1257,.T.);
#643=FACE_OUTER_BOUND('',#1258,.T.);
#644=FACE_OUTER_BOUND('',#1259,.T.);
#645=FACE_OUTER_BOUND('',#1260,.T.);
#646=FACE_OUTER_BOUND('',#1261,.T.);
#647=FACE_OUTER_BOUND('',#1262,.T.);
#648=FACE_OUTER_BOUND('',#1263,.T.);
#649=FACE_OUTER_BOUND('',#1264,.T.);
#650=FACE_OUTER_BOUND('',#1265,.T.);
#651=FACE_OUTER_BOUND('',#1266,.T.);
#652=FACE_OUTER_BOUND('',#1267,.T.);
#653=FACE_OUTER_BOUND('',#1268,.T.);
#654=FACE_OUTER_BOUND('',#1269,.T.);
#655=FACE_OUTER_BOUND('',#1270,.T.);
#656=FACE_OUTER_BOUND('',#1271,.T.);
#657=FACE_OUTER_BOUND('',#1272,.T.);
#658=FACE_OUTER_BOUND('',#1273,.T.);
#659=FACE_OUTER_BOUND('',#1274,.T.);
#660=FACE_OUTER_BOUND('',#1275,.T.);
#661=FACE_OUTER_BOUND('',#1276,.T.);
#662=FACE_OUTER_BOUND('',#1277,.T.);
#663=FACE_OUTER_BOUND('',#1278,.T.);
#664=FACE_OUTER_BOUND('',#1279,.T.);
#665=FACE_OUTER_BOUND('',#1280,.T.);
#666=FACE_OUTER_BOUND('',#1281,.T.);
#667=FACE_OUTER_BOUND('',#1282,.T.);
#668=FACE_OUTER_BOUND('',#1283,.T.);
#669=FACE_OUTER_BOUND('',#1284,.T.);
#670=FACE_OUTER_BOUND('',#1285,.T.);
#671=FACE_OUTER_BOUND('',#1286,.T.);
#672=FACE_OUTER_BOUND('',#1287,.T.);
#673=FACE_OUTER_BOUND('',#1288,.T.);
#674=FACE_OUTER_BOUND('',#1289,.T.);
#675=FACE_OUTER_BOUND('',#1290,.T.);
#676=FACE_OUTER_BOUND('',#1291,.T.);
#677=FACE_OUTER_BOUND('',#1292,.T.);
#678=FACE_OUTER_BOUND('',#1293,.T.);
#679=FACE_OUTER_BOUND('',#1294,.T.);
#680=FACE_OUTER_BOUND('',#1295,.T.);
#681=FACE_OUTER_BOUND('',#1296,.T.);
#682=FACE_OUTER_BOUND('',#1297,.T.);
#683=FACE_OUTER_BOUND('',#1298,.T.);
#684=FACE_OUTER_BOUND('',#1299,.T.);
#685=FACE_OUTER_BOUND('',#1300,.T.);
#686=FACE_OUTER_BOUND('',#1301,.T.);
#687=FACE_OUTER_BOUND('',#1302,.T.);
#688=FACE_OUTER_BOUND('',#1303,.T.);
#689=FACE_OUTER_BOUND('',#1304,.T.);
#690=FACE_OUTER_BOUND('',#1305,.T.);
#691=FACE_OUTER_BOUND('',#1306,.T.);
#692=FACE_OUTER_BOUND('',#1307,.T.);
#693=FACE_OUTER_BOUND('',#1308,.T.);
#694=FACE_OUTER_BOUND('',#1309,.T.);
#695=FACE_OUTER_BOUND('',#1310,.T.);
#696=FACE_OUTER_BOUND('',#1311,.T.);
#697=FACE_OUTER_BOUND('',#1312,.T.);
#698=FACE_OUTER_BOUND('',#1313,.T.);
#699=FACE_OUTER_BOUND('',#1314,.T.);
#700=FACE_OUTER_BOUND('',#1315,.T.);
#701=FACE_OUTER_BOUND('',#1316,.T.);
#702=FACE_OUTER_BOUND('',#1317,.T.);
#703=FACE_OUTER_BOUND('',#1318,.T.);
#704=FACE_OUTER_BOUND('',#1319,.T.);
#705=FACE_OUTER_BOUND('',#1320,.T.);
#706=FACE_OUTER_BOUND('',#1321,.T.);
#707=FACE_OUTER_BOUND('',#1322,.T.);
#708=FACE_OUTER_BOUND('',#1323,.T.);
#709=FACE_OUTER_BOUND('',#1324,.T.);
#710=FACE_OUTER_BOUND('',#1325,.T.);
#711=FACE_OUTER_BOUND('',#1326,.T.);
#712=FACE_OUTER_BOUND('',#1327,.T.);
#713=FACE_OUTER_BOUND('',#1328,.T.);
#714=FACE_OUTER_BOUND('',#1329,.T.);
#715=FACE_OUTER_BOUND('',#1330,.T.);
#716=FACE_OUTER_BOUND('',#1331,.T.);
#717=FACE_OUTER_BOUND('',#1332,.T.);
#718=FACE_OUTER_BOUND('',#1333,.T.);
#719=FACE_OUTER_BOUND('',#1334,.T.);
#720=FACE_OUTER_BOUND('',#1335,.T.);
#721=FACE_OUTER_BOUND('',#1336,.T.);
#722=FACE_OUTER_BOUND('',#1337,.T.);
#723=FACE_OUTER_BOUND('',#1338,.T.);
#724=FACE_OUTER_BOUND('',#1339,.T.);
#725=FACE_OUTER_BOUND('',#1340,.T.);
#726=FACE_OUTER_BOUND('',#1341,.T.);
#727=FACE_OUTER_BOUND('',#1342,.T.);
#728=FACE_OUTER_BOUND('',#1343,.T.);
#729=FACE_OUTER_BOUND('',#1344,.T.);
#730=FACE_OUTER_BOUND('',#1345,.T.);
#731=FACE_OUTER_BOUND('',#1346,.T.);
#732=FACE_OUTER_BOUND('',#1347,.T.);
#733=FACE_OUTER_BOUND('',#1348,.T.);
#734=FACE_OUTER_BOUND('',#1349,.T.);
#735=FACE_OUTER_BOUND('',#1350,.T.);
#736=FACE_OUTER_BOUND('',#1351,.T.);
#737=FACE_OUTER_BOUND('',#1352,.T.);
#738=FACE_OUTER_BOUND('',#1353,.T.);
#739=FACE_OUTER_BOUND('',#1354,.T.);
#740=FACE_OUTER_BOUND('',#1355,.T.);
#741=FACE_OUTER_BOUND('',#1356,.T.);
#742=FACE_OUTER_BOUND('',#1357,.T.);
#743=FACE_OUTER_BOUND('',#1358,.T.);
#744=FACE_OUTER_BOUND('',#1359,.T.);
#745=FACE_OUTER_BOUND('',#1360,.T.);
#746=FACE_OUTER_BOUND('',#1361,.T.);
#747=FACE_OUTER_BOUND('',#1362,.T.);
#748=FACE_OUTER_BOUND('',#1363,.T.);
#749=FACE_OUTER_BOUND('',#1364,.T.);
#750=FACE_OUTER_BOUND('',#1365,.T.);
#751=FACE_OUTER_BOUND('',#1366,.T.);
#752=FACE_OUTER_BOUND('',#1367,.T.);
#753=FACE_OUTER_BOUND('',#1368,.T.);
#754=FACE_OUTER_BOUND('',#1373,.T.);
#755=FACE_OUTER_BOUND('',#1374,.T.);
#756=FACE_OUTER_BOUND('',#1376,.T.);
#757=FACE_OUTER_BOUND('',#1377,.T.);
#758=FACE_OUTER_BOUND('',#1378,.T.);
#759=FACE_OUTER_BOUND('',#1379,.T.);
#760=FACE_OUTER_BOUND('',#1380,.T.);
#761=FACE_OUTER_BOUND('',#1381,.T.);
#762=FACE_OUTER_BOUND('',#1382,.T.);
#763=FACE_OUTER_BOUND('',#1383,.T.);
#764=FACE_OUTER_BOUND('',#1384,.T.);
#765=FACE_OUTER_BOUND('',#1385,.T.);
#766=FACE_OUTER_BOUND('',#1386,.T.);
#767=FACE_OUTER_BOUND('',#1387,.T.);
#768=FACE_OUTER_BOUND('',#1388,.T.);
#769=FACE_OUTER_BOUND('',#1389,.T.);
#770=FACE_OUTER_BOUND('',#1390,.T.);
#771=FACE_OUTER_BOUND('',#1391,.T.);
#772=FACE_OUTER_BOUND('',#1392,.T.);
#773=FACE_OUTER_BOUND('',#1393,.T.);
#774=FACE_OUTER_BOUND('',#1394,.T.);
#775=FACE_OUTER_BOUND('',#1395,.T.);
#776=FACE_OUTER_BOUND('',#1396,.T.);
#777=FACE_OUTER_BOUND('',#1397,.T.);
#778=FACE_OUTER_BOUND('',#1398,.T.);
#779=FACE_OUTER_BOUND('',#1399,.T.);
#780=FACE_OUTER_BOUND('',#1400,.T.);
#781=FACE_OUTER_BOUND('',#1402,.T.);
#782=FACE_OUTER_BOUND('',#1403,.T.);
#783=FACE_OUTER_BOUND('',#1404,.T.);
#784=FACE_OUTER_BOUND('',#1405,.T.);
#785=FACE_OUTER_BOUND('',#1406,.T.);
#786=FACE_OUTER_BOUND('',#1407,.T.);
#787=FACE_OUTER_BOUND('',#1408,.T.);
#788=FACE_OUTER_BOUND('',#1414,.T.);
#789=FACE_OUTER_BOUND('',#1419,.T.);
#790=FACE_OUTER_BOUND('',#1420,.T.);
#791=FACE_OUTER_BOUND('',#1421,.T.);
#792=FACE_OUTER_BOUND('',#1422,.T.);
#793=FACE_OUTER_BOUND('',#1441,.T.);
#794=FACE_OUTER_BOUND('',#1442,.T.);
#795=FACE_OUTER_BOUND('',#1443,.T.);
#796=FACE_OUTER_BOUND('',#1454,.T.);
#797=FACE_OUTER_BOUND('',#1455,.T.);
#798=FACE_OUTER_BOUND('',#1456,.T.);
#799=FACE_OUTER_BOUND('',#1457,.T.);
#800=FACE_OUTER_BOUND('',#1458,.T.);
#801=FACE_OUTER_BOUND('',#1459,.T.);
#802=FACE_OUTER_BOUND('',#1460,.T.);
#803=FACE_OUTER_BOUND('',#1461,.T.);
#804=FACE_OUTER_BOUND('',#1462,.T.);
#805=FACE_OUTER_BOUND('',#1463,.T.);
#806=FACE_OUTER_BOUND('',#1464,.T.);
#807=FACE_OUTER_BOUND('',#1465,.T.);
#808=FACE_OUTER_BOUND('',#1466,.T.);
#809=FACE_OUTER_BOUND('',#1467,.T.);
#810=FACE_OUTER_BOUND('',#1468,.T.);
#811=FACE_OUTER_BOUND('',#1469,.T.);
#812=FACE_OUTER_BOUND('',#1470,.T.);
#813=FACE_OUTER_BOUND('',#1471,.T.);
#814=FACE_OUTER_BOUND('',#1472,.T.);
#815=FACE_OUTER_BOUND('',#1473,.T.);
#816=FACE_OUTER_BOUND('',#1474,.T.);
#817=FACE_OUTER_BOUND('',#1475,.T.);
#818=FACE_OUTER_BOUND('',#1476,.T.);
#819=FACE_OUTER_BOUND('',#1477,.T.);
#820=FACE_OUTER_BOUND('',#1478,.T.);
#821=FACE_OUTER_BOUND('',#1479,.T.);
#822=FACE_OUTER_BOUND('',#1480,.T.);
#823=FACE_OUTER_BOUND('',#1481,.T.);
#824=FACE_OUTER_BOUND('',#1482,.T.);
#825=FACE_OUTER_BOUND('',#1483,.T.);
#826=FACE_OUTER_BOUND('',#1484,.T.);
#827=FACE_OUTER_BOUND('',#1485,.T.);
#828=FACE_OUTER_BOUND('',#1486,.T.);
#829=FACE_OUTER_BOUND('',#1487,.T.);
#830=FACE_OUTER_BOUND('',#1488,.T.);
#831=FACE_OUTER_BOUND('',#1489,.T.);
#832=FACE_OUTER_BOUND('',#1490,.T.);
#833=FACE_OUTER_BOUND('',#1491,.T.);
#834=FACE_OUTER_BOUND('',#1492,.T.);
#835=FACE_OUTER_BOUND('',#1493,.T.);
#836=FACE_OUTER_BOUND('',#1494,.T.);
#837=FACE_OUTER_BOUND('',#1495,.T.);
#838=FACE_OUTER_BOUND('',#1496,.T.);
#839=FACE_OUTER_BOUND('',#1497,.T.);
#840=FACE_OUTER_BOUND('',#1498,.T.);
#841=FACE_OUTER_BOUND('',#1499,.T.);
#842=FACE_OUTER_BOUND('',#1500,.T.);
#843=FACE_OUTER_BOUND('',#1501,.T.);
#844=FACE_OUTER_BOUND('',#1502,.T.);
#845=FACE_OUTER_BOUND('',#1503,.T.);
#846=FACE_OUTER_BOUND('',#1504,.T.);
#847=FACE_OUTER_BOUND('',#1505,.T.);
#848=FACE_OUTER_BOUND('',#1506,.T.);
#849=FACE_OUTER_BOUND('',#1507,.T.);
#850=FACE_OUTER_BOUND('',#1508,.T.);
#851=FACE_OUTER_BOUND('',#1509,.T.);
#852=FACE_OUTER_BOUND('',#1510,.T.);
#853=FACE_OUTER_BOUND('',#1511,.T.);
#854=FACE_OUTER_BOUND('',#1512,.T.);
#855=FACE_OUTER_BOUND('',#1513,.T.);
#856=FACE_OUTER_BOUND('',#1514,.T.);
#857=FACE_OUTER_BOUND('',#1515,.T.);
#858=FACE_OUTER_BOUND('',#1516,.T.);
#859=FACE_OUTER_BOUND('',#1517,.T.);
#860=FACE_OUTER_BOUND('',#1518,.T.);
#861=FACE_OUTER_BOUND('',#1519,.T.);
#862=FACE_OUTER_BOUND('',#1520,.T.);
#863=FACE_OUTER_BOUND('',#1521,.T.);
#864=FACE_OUTER_BOUND('',#1522,.T.);
#865=FACE_OUTER_BOUND('',#1523,.T.);
#866=FACE_OUTER_BOUND('',#1524,.T.);
#867=FACE_OUTER_BOUND('',#1525,.T.);
#868=FACE_OUTER_BOUND('',#1526,.T.);
#869=FACE_OUTER_BOUND('',#1527,.T.);
#870=FACE_OUTER_BOUND('',#1528,.T.);
#871=FACE_OUTER_BOUND('',#1529,.T.);
#872=FACE_OUTER_BOUND('',#1530,.T.);
#873=FACE_OUTER_BOUND('',#1531,.T.);
#874=FACE_OUTER_BOUND('',#1532,.T.);
#875=FACE_OUTER_BOUND('',#1533,.T.);
#876=FACE_OUTER_BOUND('',#1534,.T.);
#877=FACE_OUTER_BOUND('',#1535,.T.);
#878=FACE_OUTER_BOUND('',#1536,.T.);
#879=FACE_OUTER_BOUND('',#1537,.T.);
#880=FACE_OUTER_BOUND('',#1538,.T.);
#881=FACE_OUTER_BOUND('',#1539,.T.);
#882=FACE_OUTER_BOUND('',#1540,.T.);
#883=FACE_OUTER_BOUND('',#1541,.T.);
#884=FACE_OUTER_BOUND('',#1542,.T.);
#885=FACE_OUTER_BOUND('',#1543,.T.);
#886=FACE_OUTER_BOUND('',#1544,.T.);
#887=FACE_OUTER_BOUND('',#1545,.T.);
#888=FACE_OUTER_BOUND('',#1546,.T.);
#889=FACE_OUTER_BOUND('',#1547,.T.);
#890=FACE_OUTER_BOUND('',#1548,.T.);
#891=FACE_OUTER_BOUND('',#1549,.T.);
#892=FACE_OUTER_BOUND('',#1550,.T.);
#893=FACE_OUTER_BOUND('',#1551,.T.);
#894=FACE_OUTER_BOUND('',#1552,.T.);
#895=FACE_OUTER_BOUND('',#1553,.T.);
#896=FACE_OUTER_BOUND('',#1554,.T.);
#897=FACE_OUTER_BOUND('',#1555,.T.);
#898=FACE_OUTER_BOUND('',#1556,.T.);
#899=FACE_OUTER_BOUND('',#1557,.T.);
#900=FACE_OUTER_BOUND('',#1558,.T.);
#901=FACE_OUTER_BOUND('',#1559,.T.);
#902=FACE_OUTER_BOUND('',#1560,.T.);
#903=FACE_OUTER_BOUND('',#1561,.T.);
#904=FACE_OUTER_BOUND('',#1562,.T.);
#905=FACE_OUTER_BOUND('',#1563,.T.);
#906=FACE_OUTER_BOUND('',#1564,.T.);
#907=FACE_OUTER_BOUND('',#1565,.T.);
#908=FACE_OUTER_BOUND('',#1566,.T.);
#909=FACE_OUTER_BOUND('',#1567,.T.);
#910=FACE_OUTER_BOUND('',#1568,.T.);
#911=FACE_OUTER_BOUND('',#1569,.T.);
#912=FACE_OUTER_BOUND('',#1570,.T.);
#913=FACE_OUTER_BOUND('',#1571,.T.);
#914=FACE_OUTER_BOUND('',#1572,.T.);
#915=FACE_OUTER_BOUND('',#1573,.T.);
#916=FACE_OUTER_BOUND('',#1574,.T.);
#917=FACE_OUTER_BOUND('',#1579,.T.);
#918=FACE_OUTER_BOUND('',#1580,.T.);
#919=FACE_OUTER_BOUND('',#1581,.T.);
#920=FACE_OUTER_BOUND('',#1582,.T.);
#921=FACE_OUTER_BOUND('',#1583,.T.);
#922=FACE_OUTER_BOUND('',#1584,.T.);
#923=FACE_OUTER_BOUND('',#1585,.T.);
#924=FACE_OUTER_BOUND('',#1588,.T.);
#925=FACE_OUTER_BOUND('',#1589,.T.);
#926=FACE_OUTER_BOUND('',#1590,.T.);
#927=FACE_OUTER_BOUND('',#1591,.T.);
#928=FACE_OUTER_BOUND('',#1592,.T.);
#929=FACE_OUTER_BOUND('',#1593,.T.);
#930=FACE_OUTER_BOUND('',#1594,.T.);
#931=FACE_OUTER_BOUND('',#1595,.T.);
#932=FACE_OUTER_BOUND('',#1596,.T.);
#933=FACE_OUTER_BOUND('',#1597,.T.);
#934=FACE_OUTER_BOUND('',#1598,.T.);
#935=FACE_OUTER_BOUND('',#1599,.T.);
#936=FACE_OUTER_BOUND('',#1602,.T.);
#937=FACE_OUTER_BOUND('',#1603,.T.);
#938=FACE_OUTER_BOUND('',#1604,.T.);
#939=FACE_OUTER_BOUND('',#1605,.T.);
#940=FACE_OUTER_BOUND('',#1606,.T.);
#941=FACE_OUTER_BOUND('',#1607,.T.);
#942=FACE_OUTER_BOUND('',#1608,.T.);
#943=FACE_OUTER_BOUND('',#1609,.T.);
#944=EDGE_LOOP('',(#5462,#5463,#5464,#5465,#5466));
#945=EDGE_LOOP('',(#5467,#5468,#5469,#5470,#5471,#5472));
#946=EDGE_LOOP('',(#5473,#5474,#5475,#5476,#5477,#5478));
#947=EDGE_LOOP('',(#5479,#5480,#5481,#5482,#5483,#5484));
#948=EDGE_LOOP('',(#5485,#5486,#5487,#5488,#5489));
#949=EDGE_LOOP('',(#5490));
#950=EDGE_LOOP('',(#5491));
#951=EDGE_LOOP('',(#5492,#5493,#5494,#5495));
#952=EDGE_LOOP('',(#5496));
#953=EDGE_LOOP('',(#5497));
#954=EDGE_LOOP('',(#5498));
#955=EDGE_LOOP('',(#5499));
#956=EDGE_LOOP('',(#5500,#5501,#5502,#5503));
#957=EDGE_LOOP('',(#5504,#5505,#5506,#5507));
#958=EDGE_LOOP('',(#5508,#5509,#5510,#5511));
#959=EDGE_LOOP('',(#5512,#5513,#5514,#5515));
#960=EDGE_LOOP('',(#5516));
#961=EDGE_LOOP('',(#5517));
#962=EDGE_LOOP('',(#5518,#5519,#5520,#5521));
#963=EDGE_LOOP('',(#5522,#5523,#5524,#5525));
#964=EDGE_LOOP('',(#5526,#5527,#5528,#5529));
#965=EDGE_LOOP('',(#5530,#5531,#5532,#5533));
#966=EDGE_LOOP('',(#5534,#5535,#5536,#5537,#5538,#5539,#5540,#5541,#5542,
#5543,#5544,#5545,#5546,#5547,#5548,#5549));
#967=EDGE_LOOP('',(#5550));
#968=EDGE_LOOP('',(#5551));
#969=EDGE_LOOP('',(#5552));
#970=EDGE_LOOP('',(#5553));
#971=EDGE_LOOP('',(#5554));
#972=EDGE_LOOP('',(#5555));
#973=EDGE_LOOP('',(#5556));
#974=EDGE_LOOP('',(#5557,#5558,#5559,#5560,#5561,#5562,#5563,#5564,#5565,
#5566,#5567,#5568,#5569,#5570,#5571,#5572));
#975=EDGE_LOOP('',(#5573));
#976=EDGE_LOOP('',(#5574));
#977=EDGE_LOOP('',(#5575));
#978=EDGE_LOOP('',(#5576));
#979=EDGE_LOOP('',(#5577));
#980=EDGE_LOOP('',(#5578));
#981=EDGE_LOOP('',(#5579));
#982=EDGE_LOOP('',(#5580,#5581,#5582,#5583,#5584,#5585,#5586,#5587,#5588,
#5589,#5590,#5591,#5592,#5593,#5594,#5595));
#983=EDGE_LOOP('',(#5596));
#984=EDGE_LOOP('',(#5597));
#985=EDGE_LOOP('',(#5598));
#986=EDGE_LOOP('',(#5599));
#987=EDGE_LOOP('',(#5600,#5601,#5602,#5603,#5604,#5605,#5606,#5607,#5608,
#5609,#5610,#5611,#5612,#5613,#5614,#5615));
#988=EDGE_LOOP('',(#5616));
#989=EDGE_LOOP('',(#5617));
#990=EDGE_LOOP('',(#5618));
#991=EDGE_LOOP('',(#5619));
#992=EDGE_LOOP('',(#5620,#5621,#5622,#5623,#5624,#5625,#5626,#5627,#5628,
#5629,#5630,#5631,#5632,#5633,#5634,#5635));
#993=EDGE_LOOP('',(#5636));
#994=EDGE_LOOP('',(#5637));
#995=EDGE_LOOP('',(#5638));
#996=EDGE_LOOP('',(#5639));
#997=EDGE_LOOP('',(#5640));
#998=EDGE_LOOP('',(#5641));
#999=EDGE_LOOP('',(#5642));
#1000=EDGE_LOOP('',(#5643,#5644,#5645,#5646,#5647,#5648,#5649,#5650,#5651,
#5652,#5653,#5654,#5655,#5656,#5657,#5658));
#1001=EDGE_LOOP('',(#5659));
#1002=EDGE_LOOP('',(#5660));
#1003=EDGE_LOOP('',(#5661));
#1004=EDGE_LOOP('',(#5662));
#1005=EDGE_LOOP('',(#5663));
#1006=EDGE_LOOP('',(#5664));
#1007=EDGE_LOOP('',(#5665));
#1008=EDGE_LOOP('',(#5666,#5667,#5668,#5669,#5670,#5671,#5672,#5673,#5674,
#5675,#5676,#5677,#5678,#5679,#5680,#5681));
#1009=EDGE_LOOP('',(#5682));
#1010=EDGE_LOOP('',(#5683));
#1011=EDGE_LOOP('',(#5684));
#1012=EDGE_LOOP('',(#5685));
#1013=EDGE_LOOP('',(#5686,#5687,#5688,#5689,#5690,#5691,#5692,#5693,#5694,
#5695,#5696,#5697,#5698,#5699,#5700,#5701));
#1014=EDGE_LOOP('',(#5702));
#1015=EDGE_LOOP('',(#5703));
#1016=EDGE_LOOP('',(#5704));
#1017=EDGE_LOOP('',(#5705));
#1018=EDGE_LOOP('',(#5706));
#1019=EDGE_LOOP('',(#5707));
#1020=EDGE_LOOP('',(#5708));
#1021=EDGE_LOOP('',(#5709));
#1022=EDGE_LOOP('',(#5710));
#1023=EDGE_LOOP('',(#5711));
#1024=EDGE_LOOP('',(#5712));
#1025=EDGE_LOOP('',(#5713));
#1026=EDGE_LOOP('',(#5714));
#1027=EDGE_LOOP('',(#5715));
#1028=EDGE_LOOP('',(#5716));
#1029=EDGE_LOOP('',(#5717));
#1030=EDGE_LOOP('',(#5718));
#1031=EDGE_LOOP('',(#5719));
#1032=EDGE_LOOP('',(#5720));
#1033=EDGE_LOOP('',(#5721));
#1034=EDGE_LOOP('',(#5722));
#1035=EDGE_LOOP('',(#5723));
#1036=EDGE_LOOP('',(#5724));
#1037=EDGE_LOOP('',(#5725));
#1038=EDGE_LOOP('',(#5726));
#1039=EDGE_LOOP('',(#5727));
#1040=EDGE_LOOP('',(#5728));
#1041=EDGE_LOOP('',(#5729));
#1042=EDGE_LOOP('',(#5730,#5731,#5732,#5733));
#1043=EDGE_LOOP('',(#5734));
#1044=EDGE_LOOP('',(#5735));
#1045=EDGE_LOOP('',(#5736));
#1046=EDGE_LOOP('',(#5737));
#1047=EDGE_LOOP('',(#5738));
#1048=EDGE_LOOP('',(#5739));
#1049=EDGE_LOOP('',(#5740));
#1050=EDGE_LOOP('',(#5741));
#1051=EDGE_LOOP('',(#5742));
#1052=EDGE_LOOP('',(#5743));
#1053=EDGE_LOOP('',(#5744));
#1054=EDGE_LOOP('',(#5745,#5746,#5747,#5748));
#1055=EDGE_LOOP('',(#5749,#5750,#5751,#5752));
#1056=EDGE_LOOP('',(#5753,#5754,#5755,#5756,#5757,#5758,#5759,#5760,#5761,
#5762,#5763,#5764,#5765,#5766,#5767,#5768));
#1057=EDGE_LOOP('',(#5769));
#1058=EDGE_LOOP('',(#5770));
#1059=EDGE_LOOP('',(#5771));
#1060=EDGE_LOOP('',(#5772));
#1061=EDGE_LOOP('',(#5773));
#1062=EDGE_LOOP('',(#5774));
#1063=EDGE_LOOP('',(#5775));
#1064=EDGE_LOOP('',(#5776,#5777,#5778,#5779,#5780,#5781,#5782,#5783,#5784,
#5785,#5786,#5787,#5788,#5789,#5790,#5791));
#1065=EDGE_LOOP('',(#5792));
#1066=EDGE_LOOP('',(#5793));
#1067=EDGE_LOOP('',(#5794));
#1068=EDGE_LOOP('',(#5795));
#1069=EDGE_LOOP('',(#5796));
#1070=EDGE_LOOP('',(#5797));
#1071=EDGE_LOOP('',(#5798));
#1072=EDGE_LOOP('',(#5799,#5800,#5801,#5802,#5803,#5804,#5805,#5806,#5807,
#5808,#5809,#5810,#5811,#5812,#5813,#5814));
#1073=EDGE_LOOP('',(#5815));
#1074=EDGE_LOOP('',(#5816));
#1075=EDGE_LOOP('',(#5817));
#1076=EDGE_LOOP('',(#5818));
#1077=EDGE_LOOP('',(#5819,#5820,#5821,#5822,#5823,#5824,#5825,#5826,#5827,
#5828,#5829,#5830,#5831,#5832,#5833,#5834));
#1078=EDGE_LOOP('',(#5835));
#1079=EDGE_LOOP('',(#5836));
#1080=EDGE_LOOP('',(#5837));
#1081=EDGE_LOOP('',(#5838));
#1082=EDGE_LOOP('',(#5839,#5840,#5841,#5842,#5843,#5844,#5845,#5846,#5847,
#5848,#5849,#5850,#5851,#5852,#5853,#5854));
#1083=EDGE_LOOP('',(#5855));
#1084=EDGE_LOOP('',(#5856));
#1085=EDGE_LOOP('',(#5857));
#1086=EDGE_LOOP('',(#5858));
#1087=EDGE_LOOP('',(#5859));
#1088=EDGE_LOOP('',(#5860));
#1089=EDGE_LOOP('',(#5861));
#1090=EDGE_LOOP('',(#5862,#5863,#5864,#5865,#5866,#5867,#5868,#5869,#5870,
#5871,#5872,#5873,#5874,#5875,#5876,#5877));
#1091=EDGE_LOOP('',(#5878));
#1092=EDGE_LOOP('',(#5879));
#1093=EDGE_LOOP('',(#5880));
#1094=EDGE_LOOP('',(#5881));
#1095=EDGE_LOOP('',(#5882));
#1096=EDGE_LOOP('',(#5883));
#1097=EDGE_LOOP('',(#5884));
#1098=EDGE_LOOP('',(#5885,#5886,#5887,#5888,#5889,#5890,#5891,#5892,#5893,
#5894,#5895,#5896,#5897,#5898,#5899,#5900));
#1099=EDGE_LOOP('',(#5901));
#1100=EDGE_LOOP('',(#5902));
#1101=EDGE_LOOP('',(#5903));
#1102=EDGE_LOOP('',(#5904));
#1103=EDGE_LOOP('',(#5905,#5906,#5907,#5908,#5909,#5910,#5911,#5912,#5913,
#5914,#5915,#5916,#5917,#5918,#5919,#5920));
#1104=EDGE_LOOP('',(#5921));
#1105=EDGE_LOOP('',(#5922));
#1106=EDGE_LOOP('',(#5923));
#1107=EDGE_LOOP('',(#5924));
#1108=EDGE_LOOP('',(#5925));
#1109=EDGE_LOOP('',(#5926));
#1110=EDGE_LOOP('',(#5927));
#1111=EDGE_LOOP('',(#5928));
#1112=EDGE_LOOP('',(#5929));
#1113=EDGE_LOOP('',(#5930));
#1114=EDGE_LOOP('',(#5931));
#1115=EDGE_LOOP('',(#5932));
#1116=EDGE_LOOP('',(#5933));
#1117=EDGE_LOOP('',(#5934));
#1118=EDGE_LOOP('',(#5935));
#1119=EDGE_LOOP('',(#5936));
#1120=EDGE_LOOP('',(#5937));
#1121=EDGE_LOOP('',(#5938));
#1122=EDGE_LOOP('',(#5939));
#1123=EDGE_LOOP('',(#5940));
#1124=EDGE_LOOP('',(#5941));
#1125=EDGE_LOOP('',(#5942));
#1126=EDGE_LOOP('',(#5943));
#1127=EDGE_LOOP('',(#5944));
#1128=EDGE_LOOP('',(#5945));
#1129=EDGE_LOOP('',(#5946));
#1130=EDGE_LOOP('',(#5947));
#1131=EDGE_LOOP('',(#5948));
#1132=EDGE_LOOP('',(#5949,#5950,#5951,#5952));
#1133=EDGE_LOOP('',(#5953));
#1134=EDGE_LOOP('',(#5954));
#1135=EDGE_LOOP('',(#5955));
#1136=EDGE_LOOP('',(#5956));
#1137=EDGE_LOOP('',(#5957));
#1138=EDGE_LOOP('',(#5958));
#1139=EDGE_LOOP('',(#5959));
#1140=EDGE_LOOP('',(#5960));
#1141=EDGE_LOOP('',(#5961));
#1142=EDGE_LOOP('',(#5962));
#1143=EDGE_LOOP('',(#5963));
#1144=EDGE_LOOP('',(#5964,#5965,#5966,#5967));
#1145=EDGE_LOOP('',(#5968,#5969,#5970,#5971));
#1146=EDGE_LOOP('',(#5972,#5973,#5974,#5975));
#1147=EDGE_LOOP('',(#5976,#5977,#5978,#5979));
#1148=EDGE_LOOP('',(#5980,#5981,#5982,#5983));
#1149=EDGE_LOOP('',(#5984,#5985,#5986,#5987));
#1150=EDGE_LOOP('',(#5988,#5989,#5990,#5991));
#1151=EDGE_LOOP('',(#5992,#5993,#5994,#5995));
#1152=EDGE_LOOP('',(#5996,#5997,#5998,#5999));
#1153=EDGE_LOOP('',(#6000,#6001,#6002,#6003));
#1154=EDGE_LOOP('',(#6004,#6005,#6006,#6007));
#1155=EDGE_LOOP('',(#6008,#6009,#6010,#6011));
#1156=EDGE_LOOP('',(#6012,#6013,#6014,#6015));
#1157=EDGE_LOOP('',(#6016,#6017,#6018,#6019));
#1158=EDGE_LOOP('',(#6020,#6021,#6022,#6023));
#1159=EDGE_LOOP('',(#6024,#6025,#6026,#6027));
#1160=EDGE_LOOP('',(#6028,#6029,#6030,#6031));
#1161=EDGE_LOOP('',(#6032,#6033,#6034,#6035));
#1162=EDGE_LOOP('',(#6036,#6037,#6038,#6039));
#1163=EDGE_LOOP('',(#6040,#6041,#6042,#6043));
#1164=EDGE_LOOP('',(#6044,#6045,#6046,#6047));
#1165=EDGE_LOOP('',(#6048,#6049,#6050,#6051));
#1166=EDGE_LOOP('',(#6052,#6053,#6054,#6055));
#1167=EDGE_LOOP('',(#6056,#6057,#6058,#6059));
#1168=EDGE_LOOP('',(#6060,#6061,#6062,#6063));
#1169=EDGE_LOOP('',(#6064,#6065,#6066,#6067));
#1170=EDGE_LOOP('',(#6068,#6069,#6070,#6071));
#1171=EDGE_LOOP('',(#6072,#6073,#6074,#6075));
#1172=EDGE_LOOP('',(#6076,#6077,#6078,#6079));
#1173=EDGE_LOOP('',(#6080,#6081,#6082,#6083));
#1174=EDGE_LOOP('',(#6084,#6085,#6086,#6087));
#1175=EDGE_LOOP('',(#6088,#6089,#6090,#6091));
#1176=EDGE_LOOP('',(#6092,#6093,#6094,#6095));
#1177=EDGE_LOOP('',(#6096,#6097,#6098,#6099));
#1178=EDGE_LOOP('',(#6100,#6101,#6102,#6103));
#1179=EDGE_LOOP('',(#6104,#6105,#6106,#6107));
#1180=EDGE_LOOP('',(#6108,#6109,#6110,#6111));
#1181=EDGE_LOOP('',(#6112,#6113,#6114,#6115));
#1182=EDGE_LOOP('',(#6116,#6117,#6118,#6119));
#1183=EDGE_LOOP('',(#6120,#6121,#6122,#6123));
#1184=EDGE_LOOP('',(#6124,#6125,#6126,#6127));
#1185=EDGE_LOOP('',(#6128,#6129,#6130,#6131));
#1186=EDGE_LOOP('',(#6132,#6133,#6134,#6135));
#1187=EDGE_LOOP('',(#6136,#6137,#6138,#6139));
#1188=EDGE_LOOP('',(#6140,#6141,#6142,#6143));
#1189=EDGE_LOOP('',(#6144,#6145,#6146,#6147));
#1190=EDGE_LOOP('',(#6148,#6149,#6150,#6151));
#1191=EDGE_LOOP('',(#6152,#6153,#6154,#6155));
#1192=EDGE_LOOP('',(#6156,#6157,#6158,#6159));
#1193=EDGE_LOOP('',(#6160,#6161,#6162,#6163));
#1194=EDGE_LOOP('',(#6164,#6165,#6166,#6167));
#1195=EDGE_LOOP('',(#6168,#6169,#6170,#6171));
#1196=EDGE_LOOP('',(#6172,#6173,#6174,#6175));
#1197=EDGE_LOOP('',(#6176,#6177,#6178,#6179));
#1198=EDGE_LOOP('',(#6180,#6181,#6182,#6183));
#1199=EDGE_LOOP('',(#6184,#6185,#6186,#6187));
#1200=EDGE_LOOP('',(#6188,#6189,#6190,#6191));
#1201=EDGE_LOOP('',(#6192,#6193,#6194,#6195));
#1202=EDGE_LOOP('',(#6196,#6197,#6198,#6199));
#1203=EDGE_LOOP('',(#6200,#6201,#6202,#6203));
#1204=EDGE_LOOP('',(#6204,#6205,#6206,#6207));
#1205=EDGE_LOOP('',(#6208,#6209,#6210,#6211));
#1206=EDGE_LOOP('',(#6212,#6213,#6214,#6215));
#1207=EDGE_LOOP('',(#6216,#6217,#6218,#6219));
#1208=EDGE_LOOP('',(#6220,#6221,#6222,#6223));
#1209=EDGE_LOOP('',(#6224,#6225,#6226,#6227));
#1210=EDGE_LOOP('',(#6228,#6229,#6230,#6231));
#1211=EDGE_LOOP('',(#6232,#6233,#6234,#6235));
#1212=EDGE_LOOP('',(#6236,#6237,#6238,#6239));
#1213=EDGE_LOOP('',(#6240,#6241,#6242,#6243));
#1214=EDGE_LOOP('',(#6244,#6245,#6246,#6247));
#1215=EDGE_LOOP('',(#6248,#6249,#6250,#6251));
#1216=EDGE_LOOP('',(#6252,#6253,#6254,#6255));
#1217=EDGE_LOOP('',(#6256,#6257,#6258,#6259));
#1218=EDGE_LOOP('',(#6260,#6261,#6262,#6263));
#1219=EDGE_LOOP('',(#6264,#6265,#6266,#6267));
#1220=EDGE_LOOP('',(#6268,#6269,#6270,#6271));
#1221=EDGE_LOOP('',(#6272,#6273,#6274,#6275));
#1222=EDGE_LOOP('',(#6276,#6277,#6278,#6279));
#1223=EDGE_LOOP('',(#6280,#6281,#6282,#6283));
#1224=EDGE_LOOP('',(#6284,#6285,#6286,#6287));
#1225=EDGE_LOOP('',(#6288,#6289,#6290,#6291));
#1226=EDGE_LOOP('',(#6292,#6293,#6294,#6295));
#1227=EDGE_LOOP('',(#6296,#6297,#6298,#6299));
#1228=EDGE_LOOP('',(#6300,#6301,#6302,#6303));
#1229=EDGE_LOOP('',(#6304,#6305,#6306,#6307));
#1230=EDGE_LOOP('',(#6308,#6309,#6310,#6311));
#1231=EDGE_LOOP('',(#6312,#6313,#6314,#6315));
#1232=EDGE_LOOP('',(#6316,#6317,#6318,#6319));
#1233=EDGE_LOOP('',(#6320,#6321,#6322,#6323));
#1234=EDGE_LOOP('',(#6324,#6325,#6326,#6327));
#1235=EDGE_LOOP('',(#6328,#6329,#6330,#6331));
#1236=EDGE_LOOP('',(#6332,#6333,#6334,#6335));
#1237=EDGE_LOOP('',(#6336,#6337,#6338,#6339));
#1238=EDGE_LOOP('',(#6340,#6341,#6342,#6343));
#1239=EDGE_LOOP('',(#6344,#6345,#6346,#6347));
#1240=EDGE_LOOP('',(#6348,#6349,#6350,#6351));
#1241=EDGE_LOOP('',(#6352,#6353,#6354,#6355));
#1242=EDGE_LOOP('',(#6356,#6357,#6358,#6359));
#1243=EDGE_LOOP('',(#6360,#6361,#6362,#6363));
#1244=EDGE_LOOP('',(#6364,#6365,#6366,#6367));
#1245=EDGE_LOOP('',(#6368,#6369,#6370,#6371));
#1246=EDGE_LOOP('',(#6372,#6373,#6374,#6375));
#1247=EDGE_LOOP('',(#6376,#6377,#6378,#6379));
#1248=EDGE_LOOP('',(#6380,#6381,#6382,#6383));
#1249=EDGE_LOOP('',(#6384,#6385,#6386,#6387));
#1250=EDGE_LOOP('',(#6388,#6389,#6390,#6391));
#1251=EDGE_LOOP('',(#6392,#6393,#6394,#6395));
#1252=EDGE_LOOP('',(#6396,#6397,#6398,#6399));
#1253=EDGE_LOOP('',(#6400,#6401,#6402,#6403));
#1254=EDGE_LOOP('',(#6404,#6405,#6406,#6407));
#1255=EDGE_LOOP('',(#6408,#6409,#6410,#6411));
#1256=EDGE_LOOP('',(#6412,#6413,#6414,#6415));
#1257=EDGE_LOOP('',(#6416,#6417,#6418,#6419));
#1258=EDGE_LOOP('',(#6420,#6421,#6422,#6423));
#1259=EDGE_LOOP('',(#6424,#6425,#6426,#6427));
#1260=EDGE_LOOP('',(#6428,#6429,#6430,#6431));
#1261=EDGE_LOOP('',(#6432,#6433,#6434,#6435));
#1262=EDGE_LOOP('',(#6436,#6437,#6438,#6439));
#1263=EDGE_LOOP('',(#6440,#6441,#6442,#6443));
#1264=EDGE_LOOP('',(#6444,#6445,#6446,#6447));
#1265=EDGE_LOOP('',(#6448,#6449,#6450,#6451));
#1266=EDGE_LOOP('',(#6452,#6453,#6454,#6455));
#1267=EDGE_LOOP('',(#6456,#6457,#6458,#6459));
#1268=EDGE_LOOP('',(#6460,#6461,#6462,#6463));
#1269=EDGE_LOOP('',(#6464,#6465,#6466,#6467));
#1270=EDGE_LOOP('',(#6468,#6469,#6470,#6471));
#1271=EDGE_LOOP('',(#6472,#6473,#6474,#6475));
#1272=EDGE_LOOP('',(#6476,#6477,#6478,#6479));
#1273=EDGE_LOOP('',(#6480,#6481,#6482,#6483));
#1274=EDGE_LOOP('',(#6484,#6485,#6486,#6487));
#1275=EDGE_LOOP('',(#6488,#6489,#6490,#6491));
#1276=EDGE_LOOP('',(#6492,#6493,#6494,#6495));
#1277=EDGE_LOOP('',(#6496,#6497,#6498,#6499));
#1278=EDGE_LOOP('',(#6500,#6501,#6502,#6503));
#1279=EDGE_LOOP('',(#6504,#6505,#6506,#6507));
#1280=EDGE_LOOP('',(#6508,#6509,#6510,#6511));
#1281=EDGE_LOOP('',(#6512,#6513,#6514,#6515));
#1282=EDGE_LOOP('',(#6516,#6517,#6518,#6519));
#1283=EDGE_LOOP('',(#6520,#6521,#6522,#6523));
#1284=EDGE_LOOP('',(#6524,#6525,#6526,#6527));
#1285=EDGE_LOOP('',(#6528,#6529,#6530,#6531));
#1286=EDGE_LOOP('',(#6532,#6533,#6534,#6535));
#1287=EDGE_LOOP('',(#6536,#6537,#6538,#6539));
#1288=EDGE_LOOP('',(#6540,#6541,#6542,#6543));
#1289=EDGE_LOOP('',(#6544,#6545,#6546,#6547));
#1290=EDGE_LOOP('',(#6548,#6549,#6550,#6551));
#1291=EDGE_LOOP('',(#6552,#6553,#6554,#6555));
#1292=EDGE_LOOP('',(#6556,#6557,#6558,#6559));
#1293=EDGE_LOOP('',(#6560,#6561,#6562,#6563));
#1294=EDGE_LOOP('',(#6564,#6565,#6566,#6567));
#1295=EDGE_LOOP('',(#6568,#6569,#6570,#6571));
#1296=EDGE_LOOP('',(#6572,#6573,#6574,#6575));
#1297=EDGE_LOOP('',(#6576,#6577,#6578,#6579));
#1298=EDGE_LOOP('',(#6580,#6581,#6582,#6583));
#1299=EDGE_LOOP('',(#6584,#6585,#6586,#6587));
#1300=EDGE_LOOP('',(#6588,#6589,#6590,#6591));
#1301=EDGE_LOOP('',(#6592,#6593,#6594,#6595));
#1302=EDGE_LOOP('',(#6596,#6597,#6598,#6599));
#1303=EDGE_LOOP('',(#6600,#6601,#6602,#6603));
#1304=EDGE_LOOP('',(#6604,#6605,#6606,#6607));
#1305=EDGE_LOOP('',(#6608,#6609,#6610,#6611));
#1306=EDGE_LOOP('',(#6612,#6613,#6614,#6615));
#1307=EDGE_LOOP('',(#6616,#6617,#6618,#6619));
#1308=EDGE_LOOP('',(#6620,#6621,#6622,#6623));
#1309=EDGE_LOOP('',(#6624,#6625,#6626,#6627));
#1310=EDGE_LOOP('',(#6628,#6629,#6630,#6631));
#1311=EDGE_LOOP('',(#6632,#6633,#6634,#6635));
#1312=EDGE_LOOP('',(#6636,#6637,#6638,#6639));
#1313=EDGE_LOOP('',(#6640,#6641,#6642,#6643));
#1314=EDGE_LOOP('',(#6644,#6645,#6646,#6647));
#1315=EDGE_LOOP('',(#6648,#6649,#6650,#6651));
#1316=EDGE_LOOP('',(#6652,#6653,#6654,#6655));
#1317=EDGE_LOOP('',(#6656,#6657,#6658,#6659));
#1318=EDGE_LOOP('',(#6660,#6661,#6662,#6663));
#1319=EDGE_LOOP('',(#6664,#6665,#6666,#6667));
#1320=EDGE_LOOP('',(#6668,#6669,#6670,#6671));
#1321=EDGE_LOOP('',(#6672,#6673,#6674,#6675));
#1322=EDGE_LOOP('',(#6676,#6677,#6678,#6679));
#1323=EDGE_LOOP('',(#6680,#6681,#6682,#6683));
#1324=EDGE_LOOP('',(#6684,#6685,#6686,#6687));
#1325=EDGE_LOOP('',(#6688,#6689,#6690,#6691));
#1326=EDGE_LOOP('',(#6692,#6693,#6694,#6695));
#1327=EDGE_LOOP('',(#6696,#6697,#6698,#6699));
#1328=EDGE_LOOP('',(#6700,#6701,#6702,#6703));
#1329=EDGE_LOOP('',(#6704,#6705,#6706,#6707));
#1330=EDGE_LOOP('',(#6708,#6709,#6710,#6711));
#1331=EDGE_LOOP('',(#6712,#6713,#6714,#6715));
#1332=EDGE_LOOP('',(#6716,#6717,#6718,#6719));
#1333=EDGE_LOOP('',(#6720,#6721,#6722,#6723));
#1334=EDGE_LOOP('',(#6724,#6725,#6726,#6727));
#1335=EDGE_LOOP('',(#6728,#6729,#6730,#6731));
#1336=EDGE_LOOP('',(#6732,#6733,#6734,#6735));
#1337=EDGE_LOOP('',(#6736,#6737,#6738,#6739));
#1338=EDGE_LOOP('',(#6740,#6741,#6742,#6743));
#1339=EDGE_LOOP('',(#6744,#6745,#6746,#6747));
#1340=EDGE_LOOP('',(#6748,#6749,#6750,#6751));
#1341=EDGE_LOOP('',(#6752,#6753,#6754,#6755));
#1342=EDGE_LOOP('',(#6756,#6757,#6758,#6759));
#1343=EDGE_LOOP('',(#6760,#6761,#6762,#6763));
#1344=EDGE_LOOP('',(#6764,#6765,#6766,#6767));
#1345=EDGE_LOOP('',(#6768,#6769,#6770,#6771));
#1346=EDGE_LOOP('',(#6772,#6773,#6774,#6775));
#1347=EDGE_LOOP('',(#6776,#6777,#6778,#6779));
#1348=EDGE_LOOP('',(#6780,#6781,#6782,#6783));
#1349=EDGE_LOOP('',(#6784,#6785,#6786,#6787));
#1350=EDGE_LOOP('',(#6788,#6789,#6790,#6791));
#1351=EDGE_LOOP('',(#6792,#6793,#6794,#6795));
#1352=EDGE_LOOP('',(#6796,#6797,#6798,#6799));
#1353=EDGE_LOOP('',(#6800,#6801,#6802,#6803));
#1354=EDGE_LOOP('',(#6804,#6805,#6806,#6807));
#1355=EDGE_LOOP('',(#6808,#6809,#6810,#6811));
#1356=EDGE_LOOP('',(#6812,#6813,#6814,#6815));
#1357=EDGE_LOOP('',(#6816,#6817,#6818,#6819));
#1358=EDGE_LOOP('',(#6820,#6821,#6822,#6823));
#1359=EDGE_LOOP('',(#6824,#6825,#6826,#6827));
#1360=EDGE_LOOP('',(#6828,#6829,#6830,#6831));
#1361=EDGE_LOOP('',(#6832,#6833,#6834,#6835));
#1362=EDGE_LOOP('',(#6836,#6837,#6838,#6839));
#1363=EDGE_LOOP('',(#6840,#6841,#6842,#6843));
#1364=EDGE_LOOP('',(#6844,#6845,#6846));
#1365=EDGE_LOOP('',(#6847,#6848,#6849));
#1366=EDGE_LOOP('',(#6850,#6851,#6852,#6853));
#1367=EDGE_LOOP('',(#6854,#6855,#6856,#6857));
#1368=EDGE_LOOP('',(#6858,#6859,#6860,#6861));
#1369=EDGE_LOOP('',(#6862));
#1370=EDGE_LOOP('',(#6863));
#1371=EDGE_LOOP('',(#6864));
#1372=EDGE_LOOP('',(#6865));
#1373=EDGE_LOOP('',(#6866,#6867,#6868,#6869));
#1374=EDGE_LOOP('',(#6870,#6871,#6872,#6873));
#1375=EDGE_LOOP('',(#6874,#6875,#6876,#6877,#6878,#6879,#6880,#6881));
#1376=EDGE_LOOP('',(#6882,#6883,#6884,#6885));
#1377=EDGE_LOOP('',(#6886,#6887,#6888));
#1378=EDGE_LOOP('',(#6889,#6890,#6891,#6892));
#1379=EDGE_LOOP('',(#6893,#6894,#6895,#6896));
#1380=EDGE_LOOP('',(#6897,#6898,#6899,#6900));
#1381=EDGE_LOOP('',(#6901,#6902,#6903));
#1382=EDGE_LOOP('',(#6904,#6905,#6906,#6907));
#1383=EDGE_LOOP('',(#6908,#6909,#6910,#6911));
#1384=EDGE_LOOP('',(#6912));
#1385=EDGE_LOOP('',(#6913,#6914,#6915,#6916));
#1386=EDGE_LOOP('',(#6917));
#1387=EDGE_LOOP('',(#6918,#6919,#6920,#6921));
#1388=EDGE_LOOP('',(#6922));
#1389=EDGE_LOOP('',(#6923,#6924,#6925,#6926));
#1390=EDGE_LOOP('',(#6927));
#1391=EDGE_LOOP('',(#6928,#6929,#6930,#6931));
#1392=EDGE_LOOP('',(#6932,#6933,#6934,#6935));
#1393=EDGE_LOOP('',(#6936,#6937,#6938,#6939));
#1394=EDGE_LOOP('',(#6940,#6941,#6942,#6943));
#1395=EDGE_LOOP('',(#6944,#6945,#6946,#6947));
#1396=EDGE_LOOP('',(#6948,#6949,#6950,#6951));
#1397=EDGE_LOOP('',(#6952,#6953,#6954,#6955));
#1398=EDGE_LOOP('',(#6956,#6957,#6958,#6959));
#1399=EDGE_LOOP('',(#6960,#6961,#6962,#6963));
#1400=EDGE_LOOP('',(#6964,#6965,#6966,#6967));
#1401=EDGE_LOOP('',(#6968,#6969,#6970,#6971,#6972,#6973,#6974,#6975));
#1402=EDGE_LOOP('',(#6976,#6977,#6978,#6979));
#1403=EDGE_LOOP('',(#6980,#6981,#6982,#6983));
#1404=EDGE_LOOP('',(#6984,#6985,#6986,#6987));
#1405=EDGE_LOOP('',(#6988,#6989,#6990,#6991));
#1406=EDGE_LOOP('',(#6992,#6993,#6994,#6995));
#1407=EDGE_LOOP('',(#6996,#6997,#6998,#6999));
#1408=EDGE_LOOP('',(#7000,#7001,#7002,#7003,#7004,#7005,#7006,#7007));
#1409=EDGE_LOOP('',(#7008,#7009,#7010,#7011));
#1410=EDGE_LOOP('',(#7012));
#1411=EDGE_LOOP('',(#7013));
#1412=EDGE_LOOP('',(#7014));
#1413=EDGE_LOOP('',(#7015));
#1414=EDGE_LOOP('',(#7016,#7017,#7018,#7019));
#1415=EDGE_LOOP('',(#7020));
#1416=EDGE_LOOP('',(#7021));
#1417=EDGE_LOOP('',(#7022));
#1418=EDGE_LOOP('',(#7023));
#1419=EDGE_LOOP('',(#7024,#7025,#7026,#7027));
#1420=EDGE_LOOP('',(#7028,#7029,#7030,#7031));
#1421=EDGE_LOOP('',(#7032,#7033,#7034));
#1422=EDGE_LOOP('',(#7035,#7036,#7037,#7038,#7039,#7040,#7041,#7042,#7043));
#1423=EDGE_LOOP('',(#7044));
#1424=EDGE_LOOP('',(#7045));
#1425=EDGE_LOOP('',(#7046,#7047,#7048,#7049,#7050,#7051,#7052,#7053));
#1426=EDGE_LOOP('',(#7054,#7055,#7056,#7057,#7058,#7059,#7060,#7061));
#1427=EDGE_LOOP('',(#7062,#7063,#7064,#7065,#7066,#7067,#7068,#7069));
#1428=EDGE_LOOP('',(#7070,#7071,#7072,#7073,#7074,#7075,#7076,#7077));
#1429=EDGE_LOOP('',(#7078,#7079,#7080,#7081,#7082,#7083,#7084,#7085));
#1430=EDGE_LOOP('',(#7086,#7087,#7088,#7089,#7090,#7091,#7092,#7093));
#1431=EDGE_LOOP('',(#7094,#7095,#7096,#7097,#7098,#7099,#7100,#7101));
#1432=EDGE_LOOP('',(#7102,#7103,#7104,#7105,#7106,#7107,#7108,#7109));
#1433=EDGE_LOOP('',(#7110,#7111,#7112,#7113));
#1434=EDGE_LOOP('',(#7114,#7115,#7116,#7117));
#1435=EDGE_LOOP('',(#7118,#7119,#7120,#7121));
#1436=EDGE_LOOP('',(#7122,#7123,#7124,#7125));
#1437=EDGE_LOOP('',(#7126,#7127,#7128,#7129));
#1438=EDGE_LOOP('',(#7130,#7131,#7132,#7133));
#1439=EDGE_LOOP('',(#7134,#7135,#7136,#7137));
#1440=EDGE_LOOP('',(#7138,#7139,#7140,#7141));
#1441=EDGE_LOOP('',(#7142,#7143,#7144,#7145));
#1442=EDGE_LOOP('',(#7146,#7147,#7148,#7149));
#1443=EDGE_LOOP('',(#7150,#7151,#7152,#7153,#7154,#7155,#7156,#7157));
#1444=EDGE_LOOP('',(#7158,#7159,#7160,#7161,#7162,#7163,#7164,#7165));
#1445=EDGE_LOOP('',(#7166,#7167,#7168,#7169,#7170,#7171,#7172,#7173));
#1446=EDGE_LOOP('',(#7174,#7175,#7176,#7177,#7178,#7179,#7180,#7181));
#1447=EDGE_LOOP('',(#7182,#7183,#7184,#7185,#7186,#7187,#7188,#7189));
#1448=EDGE_LOOP('',(#7190,#7191,#7192,#7193,#7194,#7195,#7196,#7197));
#1449=EDGE_LOOP('',(#7198,#7199,#7200,#7201,#7202,#7203,#7204,#7205));
#1450=EDGE_LOOP('',(#7206,#7207,#7208,#7209,#7210,#7211,#7212,#7213));
#1451=EDGE_LOOP('',(#7214,#7215,#7216,#7217,#7218,#7219,#7220,#7221));
#1452=EDGE_LOOP('',(#7222));
#1453=EDGE_LOOP('',(#7223));
#1454=EDGE_LOOP('',(#7224,#7225,#7226,#7227));
#1455=EDGE_LOOP('',(#7228,#7229,#7230,#7231));
#1456=EDGE_LOOP('',(#7232,#7233,#7234,#7235));
#1457=EDGE_LOOP('',(#7236,#7237,#7238,#7239));
#1458=EDGE_LOOP('',(#7240,#7241,#7242,#7243));
#1459=EDGE_LOOP('',(#7244,#7245,#7246,#7247));
#1460=EDGE_LOOP('',(#7248,#7249,#7250,#7251));
#1461=EDGE_LOOP('',(#7252,#7253,#7254,#7255));
#1462=EDGE_LOOP('',(#7256,#7257,#7258,#7259));
#1463=EDGE_LOOP('',(#7260,#7261,#7262,#7263));
#1464=EDGE_LOOP('',(#7264,#7265,#7266,#7267));
#1465=EDGE_LOOP('',(#7268,#7269,#7270,#7271));
#1466=EDGE_LOOP('',(#7272,#7273,#7274,#7275));
#1467=EDGE_LOOP('',(#7276,#7277,#7278,#7279));
#1468=EDGE_LOOP('',(#7280,#7281,#7282,#7283));
#1469=EDGE_LOOP('',(#7284,#7285,#7286,#7287));
#1470=EDGE_LOOP('',(#7288,#7289,#7290,#7291));
#1471=EDGE_LOOP('',(#7292,#7293,#7294,#7295));
#1472=EDGE_LOOP('',(#7296,#7297,#7298,#7299));
#1473=EDGE_LOOP('',(#7300,#7301,#7302,#7303));
#1474=EDGE_LOOP('',(#7304,#7305,#7306,#7307));
#1475=EDGE_LOOP('',(#7308,#7309,#7310,#7311));
#1476=EDGE_LOOP('',(#7312,#7313,#7314,#7315));
#1477=EDGE_LOOP('',(#7316,#7317,#7318,#7319));
#1478=EDGE_LOOP('',(#7320,#7321,#7322,#7323));
#1479=EDGE_LOOP('',(#7324,#7325,#7326,#7327));
#1480=EDGE_LOOP('',(#7328,#7329,#7330,#7331));
#1481=EDGE_LOOP('',(#7332,#7333,#7334,#7335));
#1482=EDGE_LOOP('',(#7336,#7337,#7338,#7339));
#1483=EDGE_LOOP('',(#7340,#7341,#7342,#7343));
#1484=EDGE_LOOP('',(#7344,#7345,#7346,#7347));
#1485=EDGE_LOOP('',(#7348,#7349,#7350,#7351));
#1486=EDGE_LOOP('',(#7352,#7353,#7354,#7355));
#1487=EDGE_LOOP('',(#7356,#7357,#7358,#7359));
#1488=EDGE_LOOP('',(#7360,#7361,#7362,#7363));
#1489=EDGE_LOOP('',(#7364,#7365,#7366,#7367));
#1490=EDGE_LOOP('',(#7368,#7369,#7370,#7371));
#1491=EDGE_LOOP('',(#7372,#7373,#7374,#7375));
#1492=EDGE_LOOP('',(#7376,#7377,#7378,#7379));
#1493=EDGE_LOOP('',(#7380,#7381,#7382,#7383));
#1494=EDGE_LOOP('',(#7384,#7385,#7386,#7387));
#1495=EDGE_LOOP('',(#7388,#7389,#7390,#7391));
#1496=EDGE_LOOP('',(#7392,#7393,#7394,#7395));
#1497=EDGE_LOOP('',(#7396,#7397,#7398,#7399));
#1498=EDGE_LOOP('',(#7400,#7401,#7402,#7403));
#1499=EDGE_LOOP('',(#7404,#7405,#7406,#7407,#7408));
#1500=EDGE_LOOP('',(#7409,#7410,#7411,#7412,#7413));
#1501=EDGE_LOOP('',(#7414,#7415,#7416,#7417));
#1502=EDGE_LOOP('',(#7418,#7419,#7420,#7421));
#1503=EDGE_LOOP('',(#7422,#7423,#7424,#7425));
#1504=EDGE_LOOP('',(#7426,#7427,#7428,#7429));
#1505=EDGE_LOOP('',(#7430,#7431,#7432,#7433));
#1506=EDGE_LOOP('',(#7434,#7435,#7436,#7437));
#1507=EDGE_LOOP('',(#7438,#7439,#7440,#7441));
#1508=EDGE_LOOP('',(#7442,#7443,#7444,#7445));
#1509=EDGE_LOOP('',(#7446,#7447,#7448,#7449));
#1510=EDGE_LOOP('',(#7450,#7451,#7452,#7453));
#1511=EDGE_LOOP('',(#7454,#7455,#7456,#7457));
#1512=EDGE_LOOP('',(#7458,#7459,#7460,#7461));
#1513=EDGE_LOOP('',(#7462,#7463,#7464,#7465));
#1514=EDGE_LOOP('',(#7466,#7467,#7468,#7469));
#1515=EDGE_LOOP('',(#7470,#7471,#7472,#7473));
#1516=EDGE_LOOP('',(#7474,#7475,#7476,#7477));
#1517=EDGE_LOOP('',(#7478,#7479,#7480,#7481));
#1518=EDGE_LOOP('',(#7482,#7483,#7484,#7485));
#1519=EDGE_LOOP('',(#7486,#7487,#7488,#7489));
#1520=EDGE_LOOP('',(#7490,#7491,#7492,#7493));
#1521=EDGE_LOOP('',(#7494,#7495,#7496,#7497));
#1522=EDGE_LOOP('',(#7498,#7499,#7500,#7501));
#1523=EDGE_LOOP('',(#7502,#7503,#7504,#7505));
#1524=EDGE_LOOP('',(#7506,#7507,#7508,#7509));
#1525=EDGE_LOOP('',(#7510,#7511,#7512,#7513));
#1526=EDGE_LOOP('',(#7514,#7515,#7516,#7517));
#1527=EDGE_LOOP('',(#7518,#7519,#7520,#7521));
#1528=EDGE_LOOP('',(#7522,#7523,#7524,#7525));
#1529=EDGE_LOOP('',(#7526,#7527,#7528,#7529));
#1530=EDGE_LOOP('',(#7530,#7531,#7532,#7533));
#1531=EDGE_LOOP('',(#7534,#7535,#7536,#7537));
#1532=EDGE_LOOP('',(#7538,#7539,#7540,#7541));
#1533=EDGE_LOOP('',(#7542,#7543,#7544,#7545));
#1534=EDGE_LOOP('',(#7546,#7547,#7548,#7549));
#1535=EDGE_LOOP('',(#7550,#7551,#7552,#7553));
#1536=EDGE_LOOP('',(#7554,#7555,#7556,#7557));
#1537=EDGE_LOOP('',(#7558,#7559,#7560,#7561));
#1538=EDGE_LOOP('',(#7562,#7563,#7564,#7565));
#1539=EDGE_LOOP('',(#7566,#7567,#7568,#7569));
#1540=EDGE_LOOP('',(#7570,#7571,#7572,#7573));
#1541=EDGE_LOOP('',(#7574,#7575,#7576,#7577));
#1542=EDGE_LOOP('',(#7578,#7579,#7580,#7581));
#1543=EDGE_LOOP('',(#7582,#7583,#7584,#7585));
#1544=EDGE_LOOP('',(#7586,#7587,#7588,#7589));
#1545=EDGE_LOOP('',(#7590,#7591,#7592,#7593));
#1546=EDGE_LOOP('',(#7594,#7595,#7596,#7597));
#1547=EDGE_LOOP('',(#7598,#7599,#7600,#7601));
#1548=EDGE_LOOP('',(#7602,#7603,#7604,#7605));
#1549=EDGE_LOOP('',(#7606,#7607,#7608,#7609));
#1550=EDGE_LOOP('',(#7610,#7611,#7612,#7613));
#1551=EDGE_LOOP('',(#7614,#7615,#7616,#7617));
#1552=EDGE_LOOP('',(#7618,#7619,#7620,#7621));
#1553=EDGE_LOOP('',(#7622,#7623,#7624,#7625));
#1554=EDGE_LOOP('',(#7626,#7627,#7628,#7629));
#1555=EDGE_LOOP('',(#7630,#7631,#7632,#7633));
#1556=EDGE_LOOP('',(#7634,#7635,#7636,#7637));
#1557=EDGE_LOOP('',(#7638,#7639,#7640,#7641));
#1558=EDGE_LOOP('',(#7642,#7643,#7644,#7645));
#1559=EDGE_LOOP('',(#7646,#7647,#7648,#7649));
#1560=EDGE_LOOP('',(#7650,#7651,#7652,#7653));
#1561=EDGE_LOOP('',(#7654,#7655,#7656,#7657));
#1562=EDGE_LOOP('',(#7658,#7659,#7660,#7661));
#1563=EDGE_LOOP('',(#7662,#7663,#7664,#7665));
#1564=EDGE_LOOP('',(#7666,#7667,#7668,#7669));
#1565=EDGE_LOOP('',(#7670,#7671,#7672,#7673));
#1566=EDGE_LOOP('',(#7674,#7675,#7676,#7677));
#1567=EDGE_LOOP('',(#7678,#7679,#7680,#7681));
#1568=EDGE_LOOP('',(#7682,#7683,#7684,#7685));
#1569=EDGE_LOOP('',(#7686,#7687,#7688,#7689));
#1570=EDGE_LOOP('',(#7690,#7691,#7692,#7693));
#1571=EDGE_LOOP('',(#7694,#7695,#7696));
#1572=EDGE_LOOP('',(#7697,#7698,#7699));
#1573=EDGE_LOOP('',(#7700,#7701,#7702,#7703));
#1574=EDGE_LOOP('',(#7704,#7705,#7706,#7707));
#1575=EDGE_LOOP('',(#7708));
#1576=EDGE_LOOP('',(#7709));
#1577=EDGE_LOOP('',(#7710,#7711,#7712,#7713));
#1578=EDGE_LOOP('',(#7714,#7715,#7716,#7717));
#1579=EDGE_LOOP('',(#7718,#7719,#7720,#7721));
#1580=EDGE_LOOP('',(#7722,#7723,#7724,#7725));
#1581=EDGE_LOOP('',(#7726,#7727,#7728,#7729));
#1582=EDGE_LOOP('',(#7730,#7731,#7732));
#1583=EDGE_LOOP('',(#7733,#7734,#7735,#7736));
#1584=EDGE_LOOP('',(#7737,#7738,#7739,#7740));
#1585=EDGE_LOOP('',(#7741,#7742,#7743,#7744,#7745,#7746,#7747,#7748,#7749,
#7750,#7751,#7752));
#1586=EDGE_LOOP('',(#7753));
#1587=EDGE_LOOP('',(#7754));
#1588=EDGE_LOOP('',(#7755,#7756,#7757));
#1589=EDGE_LOOP('',(#7758,#7759,#7760,#7761));
#1590=EDGE_LOOP('',(#7762,#7763,#7764,#7765,#7766,#7767,#7768,#7769));
#1591=EDGE_LOOP('',(#7770,#7771,#7772,#7773));
#1592=EDGE_LOOP('',(#7774,#7775,#7776,#7777));
#1593=EDGE_LOOP('',(#7778,#7779,#7780,#7781));
#1594=EDGE_LOOP('',(#7782,#7783,#7784,#7785,#7786,#7787));
#1595=EDGE_LOOP('',(#7788,#7789,#7790,#7791,#7792,#7793));
#1596=EDGE_LOOP('',(#7794,#7795,#7796,#7797));
#1597=EDGE_LOOP('',(#7798,#7799,#7800,#7801));
#1598=EDGE_LOOP('',(#7802,#7803,#7804,#7805));
#1599=EDGE_LOOP('',(#7806,#7807,#7808,#7809));
#1600=EDGE_LOOP('',(#7810,#7811,#7812,#7813));
#1601=EDGE_LOOP('',(#7814,#7815,#7816,#7817));
#1602=EDGE_LOOP('',(#7818,#7819,#7820,#7821));
#1603=EDGE_LOOP('',(#7822,#7823,#7824,#7825));
#1604=EDGE_LOOP('',(#7826,#7827,#7828,#7829));
#1605=EDGE_LOOP('',(#7830,#7831,#7832,#7833));
#1606=EDGE_LOOP('',(#7834,#7835,#7836,#7837));
#1607=EDGE_LOOP('',(#7838,#7839,#7840,#7841));
#1608=EDGE_LOOP('',(#7842,#7843,#7844,#7845));
#1609=EDGE_LOOP('',(#7846,#7847,#7848,#7849));
#1610=LINE('',#12225,#2289);
#1611=LINE('',#12238,#2290);
#1612=LINE('',#12248,#2291);
#1613=LINE('',#12255,#2292);
#1614=LINE('',#12265,#2293);
#1615=LINE('',#12270,#2294);
#1616=LINE('',#12293,#2295);
#1617=LINE('',#12295,#2296);
#1618=LINE('',#12297,#2297);
#1619=LINE('',#12298,#2298);
#1620=LINE('',#12302,#2299);
#1621=LINE('',#12303,#2300);
#1622=LINE('',#12304,#2301);
#1623=LINE('',#12307,#2302);
#1624=LINE('',#12309,#2303);
#1625=LINE('',#12310,#2304);
#1626=LINE('',#12312,#2305);
#1627=LINE('',#12319,#2306);
#1628=LINE('',#12327,#2307);
#1629=LINE('',#12335,#2308);
#1630=LINE('',#12343,#2309);
#1631=LINE('',#12365,#2310);
#1632=LINE('',#12373,#2311);
#1633=LINE('',#12381,#2312);
#1634=LINE('',#12389,#2313);
#1635=LINE('',#12411,#2314);
#1636=LINE('',#12419,#2315);
#1637=LINE('',#12427,#2316);
#1638=LINE('',#12435,#2317);
#1639=LINE('',#12451,#2318);
#1640=LINE('',#12459,#2319);
#1641=LINE('',#12467,#2320);
#1642=LINE('',#12475,#2321);
#1643=LINE('',#12491,#2322);
#1644=LINE('',#12499,#2323);
#1645=LINE('',#12507,#2324);
#1646=LINE('',#12515,#2325);
#1647=LINE('',#12537,#2326);
#1648=LINE('',#12545,#2327);
#1649=LINE('',#12553,#2328);
#1650=LINE('',#12561,#2329);
#1651=LINE('',#12583,#2330);
#1652=LINE('',#12591,#2331);
#1653=LINE('',#12599,#2332);
#1654=LINE('',#12607,#2333);
#1655=LINE('',#12623,#2334);
#1656=LINE('',#12631,#2335);
#1657=LINE('',#12639,#2336);
#1658=LINE('',#12647,#2337);
#1659=LINE('',#12709,#2338);
#1660=LINE('',#12712,#2339);
#1661=LINE('',#12739,#2340);
#1662=LINE('',#12742,#2341);
#1663=LINE('',#12744,#2342);
#1664=LINE('',#12751,#2343);
#1665=LINE('',#12759,#2344);
#1666=LINE('',#12767,#2345);
#1667=LINE('',#12775,#2346);
#1668=LINE('',#12797,#2347);
#1669=LINE('',#12805,#2348);
#1670=LINE('',#12813,#2349);
#1671=LINE('',#12821,#2350);
#1672=LINE('',#12843,#2351);
#1673=LINE('',#12851,#2352);
#1674=LINE('',#12859,#2353);
#1675=LINE('',#12867,#2354);
#1676=LINE('',#12883,#2355);
#1677=LINE('',#12891,#2356);
#1678=LINE('',#12899,#2357);
#1679=LINE('',#12907,#2358);
#1680=LINE('',#12923,#2359);
#1681=LINE('',#12931,#2360);
#1682=LINE('',#12939,#2361);
#1683=LINE('',#12947,#2362);
#1684=LINE('',#12969,#2363);
#1685=LINE('',#12977,#2364);
#1686=LINE('',#12985,#2365);
#1687=LINE('',#12993,#2366);
#1688=LINE('',#13015,#2367);
#1689=LINE('',#13023,#2368);
#1690=LINE('',#13031,#2369);
#1691=LINE('',#13039,#2370);
#1692=LINE('',#13055,#2371);
#1693=LINE('',#13063,#2372);
#1694=LINE('',#13071,#2373);
#1695=LINE('',#13079,#2374);
#1696=LINE('',#13141,#2375);
#1697=LINE('',#13144,#2376);
#1698=LINE('',#13171,#2377);
#1699=LINE('',#13174,#2378);
#1700=LINE('',#13177,#2379);
#1701=LINE('',#13178,#2380);
#1702=LINE('',#13180,#2381);
#1703=LINE('',#13182,#2382);
#1704=LINE('',#13184,#2383);
#1705=LINE('',#13186,#2384);
#1706=LINE('',#13188,#2385);
#1707=LINE('',#13190,#2386);
#1708=LINE('',#13192,#2387);
#1709=LINE('',#13194,#2388);
#1710=LINE('',#13196,#2389);
#1711=LINE('',#13198,#2390);
#1712=LINE('',#13200,#2391);
#1713=LINE('',#13202,#2392);
#1714=LINE('',#13204,#2393);
#1715=LINE('',#13206,#2394);
#1716=LINE('',#13209,#2395);
#1717=LINE('',#13211,#2396);
#1718=LINE('',#13213,#2397);
#1719=LINE('',#13215,#2398);
#1720=LINE('',#13217,#2399);
#1721=LINE('',#13219,#2400);
#1722=LINE('',#13221,#2401);
#1723=LINE('',#13223,#2402);
#1724=LINE('',#13224,#2403);
#1725=LINE('',#13226,#2404);
#1726=LINE('',#13228,#2405);
#1727=LINE('',#13230,#2406);
#1728=LINE('',#13232,#2407);
#1729=LINE('',#13234,#2408);
#1730=LINE('',#13236,#2409);
#1731=LINE('',#13238,#2410);
#1732=LINE('',#13240,#2411);
#1733=LINE('',#13242,#2412);
#1734=LINE('',#13244,#2413);
#1735=LINE('',#13246,#2414);
#1736=LINE('',#13248,#2415);
#1737=LINE('',#13250,#2416);
#1738=LINE('',#13252,#2417);
#1739=LINE('',#13255,#2418);
#1740=LINE('',#13257,#2419);
#1741=LINE('',#13259,#2420);
#1742=LINE('',#13261,#2421);
#1743=LINE('',#13263,#2422);
#1744=LINE('',#13265,#2423);
#1745=LINE('',#13267,#2424);
#1746=LINE('',#13269,#2425);
#1747=LINE('',#13270,#2426);
#1748=LINE('',#13272,#2427);
#1749=LINE('',#13274,#2428);
#1750=LINE('',#13276,#2429);
#1751=LINE('',#13278,#2430);
#1752=LINE('',#13280,#2431);
#1753=LINE('',#13282,#2432);
#1754=LINE('',#13284,#2433);
#1755=LINE('',#13286,#2434);
#1756=LINE('',#13288,#2435);
#1757=LINE('',#13290,#2436);
#1758=LINE('',#13292,#2437);
#1759=LINE('',#13294,#2438);
#1760=LINE('',#13296,#2439);
#1761=LINE('',#13298,#2440);
#1762=LINE('',#13301,#2441);
#1763=LINE('',#13303,#2442);
#1764=LINE('',#13305,#2443);
#1765=LINE('',#13307,#2444);
#1766=LINE('',#13309,#2445);
#1767=LINE('',#13310,#2446);
#1768=LINE('',#13312,#2447);
#1769=LINE('',#13314,#2448);
#1770=LINE('',#13316,#2449);
#1771=LINE('',#13318,#2450);
#1772=LINE('',#13320,#2451);
#1773=LINE('',#13322,#2452);
#1774=LINE('',#13324,#2453);
#1775=LINE('',#13326,#2454);
#1776=LINE('',#13328,#2455);
#1777=LINE('',#13330,#2456);
#1778=LINE('',#13332,#2457);
#1779=LINE('',#13334,#2458);
#1780=LINE('',#13336,#2459);
#1781=LINE('',#13338,#2460);
#1782=LINE('',#13341,#2461);
#1783=LINE('',#13343,#2462);
#1784=LINE('',#13345,#2463);
#1785=LINE('',#13347,#2464);
#1786=LINE('',#13349,#2465);
#1787=LINE('',#13350,#2466);
#1788=LINE('',#13352,#2467);
#1789=LINE('',#13354,#2468);
#1790=LINE('',#13356,#2469);
#1791=LINE('',#13358,#2470);
#1792=LINE('',#13360,#2471);
#1793=LINE('',#13362,#2472);
#1794=LINE('',#13364,#2473);
#1795=LINE('',#13366,#2474);
#1796=LINE('',#13368,#2475);
#1797=LINE('',#13370,#2476);
#1798=LINE('',#13372,#2477);
#1799=LINE('',#13374,#2478);
#1800=LINE('',#13376,#2479);
#1801=LINE('',#13378,#2480);
#1802=LINE('',#13381,#2481);
#1803=LINE('',#13383,#2482);
#1804=LINE('',#13385,#2483);
#1805=LINE('',#13387,#2484);
#1806=LINE('',#13389,#2485);
#1807=LINE('',#13391,#2486);
#1808=LINE('',#13393,#2487);
#1809=LINE('',#13395,#2488);
#1810=LINE('',#13396,#2489);
#1811=LINE('',#13398,#2490);
#1812=LINE('',#13400,#2491);
#1813=LINE('',#13402,#2492);
#1814=LINE('',#13404,#2493);
#1815=LINE('',#13406,#2494);
#1816=LINE('',#13408,#2495);
#1817=LINE('',#13410,#2496);
#1818=LINE('',#13412,#2497);
#1819=LINE('',#13414,#2498);
#1820=LINE('',#13416,#2499);
#1821=LINE('',#13418,#2500);
#1822=LINE('',#13420,#2501);
#1823=LINE('',#13422,#2502);
#1824=LINE('',#13424,#2503);
#1825=LINE('',#13427,#2504);
#1826=LINE('',#13429,#2505);
#1827=LINE('',#13431,#2506);
#1828=LINE('',#13433,#2507);
#1829=LINE('',#13435,#2508);
#1830=LINE('',#13437,#2509);
#1831=LINE('',#13439,#2510);
#1832=LINE('',#13441,#2511);
#1833=LINE('',#13442,#2512);
#1834=LINE('',#13444,#2513);
#1835=LINE('',#13446,#2514);
#1836=LINE('',#13448,#2515);
#1837=LINE('',#13450,#2516);
#1838=LINE('',#13452,#2517);
#1839=LINE('',#13454,#2518);
#1840=LINE('',#13456,#2519);
#1841=LINE('',#13458,#2520);
#1842=LINE('',#13460,#2521);
#1843=LINE('',#13462,#2522);
#1844=LINE('',#13464,#2523);
#1845=LINE('',#13466,#2524);
#1846=LINE('',#13468,#2525);
#1847=LINE('',#13470,#2526);
#1848=LINE('',#13473,#2527);
#1849=LINE('',#13475,#2528);
#1850=LINE('',#13477,#2529);
#1851=LINE('',#13479,#2530);
#1852=LINE('',#13481,#2531);
#1853=LINE('',#13482,#2532);
#1854=LINE('',#13484,#2533);
#1855=LINE('',#13486,#2534);
#1856=LINE('',#13488,#2535);
#1857=LINE('',#13490,#2536);
#1858=LINE('',#13492,#2537);
#1859=LINE('',#13494,#2538);
#1860=LINE('',#13496,#2539);
#1861=LINE('',#13498,#2540);
#1862=LINE('',#13500,#2541);
#1863=LINE('',#13502,#2542);
#1864=LINE('',#13504,#2543);
#1865=LINE('',#13506,#2544);
#1866=LINE('',#13508,#2545);
#1867=LINE('',#13510,#2546);
#1868=LINE('',#13513,#2547);
#1869=LINE('',#13515,#2548);
#1870=LINE('',#13517,#2549);
#1871=LINE('',#13519,#2550);
#1872=LINE('',#13521,#2551);
#1873=LINE('',#13523,#2552);
#1874=LINE('',#13525,#2553);
#1875=LINE('',#13527,#2554);
#1876=LINE('',#13529,#2555);
#1877=LINE('',#13531,#2556);
#1878=LINE('',#13533,#2557);
#1879=LINE('',#13535,#2558);
#1880=LINE('',#13537,#2559);
#1881=LINE('',#13539,#2560);
#1882=LINE('',#13541,#2561);
#1883=LINE('',#13543,#2562);
#1884=LINE('',#13545,#2563);
#1885=LINE('',#13547,#2564);
#1886=LINE('',#13549,#2565);
#1887=LINE('',#13551,#2566);
#1888=LINE('',#13553,#2567);
#1889=LINE('',#13555,#2568);
#1890=LINE('',#13557,#2569);
#1891=LINE('',#13559,#2570);
#1892=LINE('',#13561,#2571);
#1893=LINE('',#13563,#2572);
#1894=LINE('',#13565,#2573);
#1895=LINE('',#13567,#2574);
#1896=LINE('',#13569,#2575);
#1897=LINE('',#13570,#2576);
#1898=LINE('',#13572,#2577);
#1899=LINE('',#13574,#2578);
#1900=LINE('',#13577,#2579);
#1901=LINE('',#13579,#2580);
#1902=LINE('',#13581,#2581);
#1903=LINE('',#13583,#2582);
#1904=LINE('',#13585,#2583);
#1905=LINE('',#13587,#2584);
#1906=LINE('',#13589,#2585);
#1907=LINE('',#13591,#2586);
#1908=LINE('',#13593,#2587);
#1909=LINE('',#13595,#2588);
#1910=LINE('',#13597,#2589);
#1911=LINE('',#13599,#2590);
#1912=LINE('',#13600,#2591);
#1913=LINE('',#13602,#2592);
#1914=LINE('',#13604,#2593);
#1915=LINE('',#13620,#2594);
#1916=LINE('',#13623,#2595);
#1917=LINE('',#13629,#2596);
#1918=LINE('',#13631,#2597);
#1919=LINE('',#13637,#2598);
#1920=LINE('',#13639,#2599);
#1921=LINE('',#13646,#2600);
#1922=LINE('',#13648,#2601);
#1923=LINE('',#13649,#2602);
#1924=LINE('',#13652,#2603);
#1925=LINE('',#13656,#2604);
#1926=LINE('',#13657,#2605);
#1927=LINE('',#13668,#2606);
#1928=LINE('',#13672,#2607);
#1929=LINE('',#13673,#2608);
#1930=LINE('',#13676,#2609);
#1931=LINE('',#13680,#2610);
#1932=LINE('',#13684,#2611);
#1933=LINE('',#13688,#2612);
#1934=LINE('',#13694,#2613);
#1935=LINE('',#13699,#2614);
#1936=LINE('',#13702,#2615);
#1937=LINE('',#13706,#2616);
#1938=LINE('',#13707,#2617);
#1939=LINE('',#13716,#2618);
#1940=LINE('',#13723,#2619);
#1941=LINE('',#13730,#2620);
#1942=LINE('',#13737,#2621);
#1943=LINE('',#13742,#2622);
#1944=LINE('',#13744,#2623);
#1945=LINE('',#13745,#2624);
#1946=LINE('',#13748,#2625);
#1947=LINE('',#13752,#2626);
#1948=LINE('',#13753,#2627);
#1949=LINE('',#13756,#2628);
#1950=LINE('',#13760,#2629);
#1951=LINE('',#13761,#2630);
#1952=LINE('',#13764,#2631);
#1953=LINE('',#13768,#2632);
#1954=LINE('',#13769,#2633);
#1955=LINE('',#13775,#2634);
#1956=LINE('',#13777,#2635);
#1957=LINE('',#13779,#2636);
#1958=LINE('',#13780,#2637);
#1959=LINE('',#13783,#2638);
#1960=LINE('',#13785,#2639);
#1961=LINE('',#13786,#2640);
#1962=LINE('',#13790,#2641);
#1963=LINE('',#13794,#2642);
#1964=LINE('',#13798,#2643);
#1965=LINE('',#13802,#2644);
#1966=LINE('',#13805,#2645);
#1967=LINE('',#13807,#2646);
#1968=LINE('',#13808,#2647);
#1969=LINE('',#13810,#2648);
#1970=LINE('',#13811,#2649);
#1971=LINE('',#13819,#2650);
#1972=LINE('',#13822,#2651);
#1973=LINE('',#13828,#2652);
#1974=LINE('',#13830,#2653);
#1975=LINE('',#13835,#2654);
#1976=LINE('',#13837,#2655);
#1977=LINE('',#13839,#2656);
#1978=LINE('',#13841,#2657);
#1979=LINE('',#13843,#2658);
#1980=LINE('',#13845,#2659);
#1981=LINE('',#13847,#2660);
#1982=LINE('',#13848,#2661);
#1983=LINE('',#13857,#2662);
#1984=LINE('',#13861,#2663);
#1985=LINE('',#13865,#2664);
#1986=LINE('',#13868,#2665);
#1987=LINE('',#13873,#2666);
#1988=LINE('',#13877,#2667);
#1989=LINE('',#13881,#2668);
#1990=LINE('',#13884,#2669);
#1991=LINE('',#13889,#2670);
#1992=LINE('',#13893,#2671);
#1993=LINE('',#13897,#2672);
#1994=LINE('',#13900,#2673);
#1995=LINE('',#13905,#2674);
#1996=LINE('',#13909,#2675);
#1997=LINE('',#13913,#2676);
#1998=LINE('',#13916,#2677);
#1999=LINE('',#13921,#2678);
#2000=LINE('',#13925,#2679);
#2001=LINE('',#13929,#2680);
#2002=LINE('',#13932,#2681);
#2003=LINE('',#13937,#2682);
#2004=LINE('',#13941,#2683);
#2005=LINE('',#13945,#2684);
#2006=LINE('',#13948,#2685);
#2007=LINE('',#13953,#2686);
#2008=LINE('',#13957,#2687);
#2009=LINE('',#13961,#2688);
#2010=LINE('',#13964,#2689);
#2011=LINE('',#13969,#2690);
#2012=LINE('',#13973,#2691);
#2013=LINE('',#13977,#2692);
#2014=LINE('',#13980,#2693);
#2015=LINE('',#13983,#2694);
#2016=LINE('',#13985,#2695);
#2017=LINE('',#13987,#2696);
#2018=LINE('',#13988,#2697);
#2019=LINE('',#13991,#2698);
#2020=LINE('',#13993,#2699);
#2021=LINE('',#13995,#2700);
#2022=LINE('',#13996,#2701);
#2023=LINE('',#13999,#2702);
#2024=LINE('',#14001,#2703);
#2025=LINE('',#14003,#2704);
#2026=LINE('',#14004,#2705);
#2027=LINE('',#14007,#2706);
#2028=LINE('',#14009,#2707);
#2029=LINE('',#14011,#2708);
#2030=LINE('',#14012,#2709);
#2031=LINE('',#14015,#2710);
#2032=LINE('',#14017,#2711);
#2033=LINE('',#14019,#2712);
#2034=LINE('',#14020,#2713);
#2035=LINE('',#14023,#2714);
#2036=LINE('',#14025,#2715);
#2037=LINE('',#14027,#2716);
#2038=LINE('',#14028,#2717);
#2039=LINE('',#14031,#2718);
#2040=LINE('',#14033,#2719);
#2041=LINE('',#14035,#2720);
#2042=LINE('',#14036,#2721);
#2043=LINE('',#14039,#2722);
#2044=LINE('',#14041,#2723);
#2045=LINE('',#14043,#2724);
#2046=LINE('',#14044,#2725);
#2047=LINE('',#14047,#2726);
#2048=LINE('',#14048,#2727);
#2049=LINE('',#14051,#2728);
#2050=LINE('',#14055,#2729);
#2051=LINE('',#14057,#2730);
#2052=LINE('',#14059,#2731);
#2053=LINE('',#14061,#2732);
#2054=LINE('',#14063,#2733);
#2055=LINE('',#14064,#2734);
#2056=LINE('',#14067,#2735);
#2057=LINE('',#14071,#2736);
#2058=LINE('',#14075,#2737);
#2059=LINE('',#14079,#2738);
#2060=LINE('',#14083,#2739);
#2061=LINE('',#14087,#2740);
#2062=LINE('',#14091,#2741);
#2063=LINE('',#14095,#2742);
#2064=LINE('',#14099,#2743);
#2065=LINE('',#14103,#2744);
#2066=LINE('',#14107,#2745);
#2067=LINE('',#14111,#2746);
#2068=LINE('',#14115,#2747);
#2069=LINE('',#14119,#2748);
#2070=LINE('',#14123,#2749);
#2071=LINE('',#14127,#2750);
#2072=LINE('',#14131,#2751);
#2073=LINE('',#14135,#2752);
#2074=LINE('',#14139,#2753);
#2075=LINE('',#14143,#2754);
#2076=LINE('',#14147,#2755);
#2077=LINE('',#14151,#2756);
#2078=LINE('',#14155,#2757);
#2079=LINE('',#14159,#2758);
#2080=LINE('',#14163,#2759);
#2081=LINE('',#14167,#2760);
#2082=LINE('',#14171,#2761);
#2083=LINE('',#14175,#2762);
#2084=LINE('',#14179,#2763);
#2085=LINE('',#14183,#2764);
#2086=LINE('',#14187,#2765);
#2087=LINE('',#14191,#2766);
#2088=LINE('',#14200,#2767);
#2089=LINE('',#14202,#2768);
#2090=LINE('',#14204,#2769);
#2091=LINE('',#14206,#2770);
#2092=LINE('',#14210,#2771);
#2093=LINE('',#14211,#2772);
#2094=LINE('',#14212,#2773);
#2095=LINE('',#14215,#2774);
#2096=LINE('',#14216,#2775);
#2097=LINE('',#14219,#2776);
#2098=LINE('',#14220,#2777);
#2099=LINE('',#14222,#2778);
#2100=LINE('',#14227,#2779);
#2101=LINE('',#14228,#2780);
#2102=LINE('',#14229,#2781);
#2103=LINE('',#14232,#2782);
#2104=LINE('',#14233,#2783);
#2105=LINE('',#14236,#2784);
#2106=LINE('',#14237,#2785);
#2107=LINE('',#14239,#2786);
#2108=LINE('',#14244,#2787);
#2109=LINE('',#14245,#2788);
#2110=LINE('',#14246,#2789);
#2111=LINE('',#14249,#2790);
#2112=LINE('',#14250,#2791);
#2113=LINE('',#14253,#2792);
#2114=LINE('',#14254,#2793);
#2115=LINE('',#14256,#2794);
#2116=LINE('',#14261,#2795);
#2117=LINE('',#14262,#2796);
#2118=LINE('',#14263,#2797);
#2119=LINE('',#14266,#2798);
#2120=LINE('',#14267,#2799);
#2121=LINE('',#14270,#2800);
#2122=LINE('',#14271,#2801);
#2123=LINE('',#14273,#2802);
#2124=LINE('',#14278,#2803);
#2125=LINE('',#14279,#2804);
#2126=LINE('',#14280,#2805);
#2127=LINE('',#14283,#2806);
#2128=LINE('',#14284,#2807);
#2129=LINE('',#14287,#2808);
#2130=LINE('',#14288,#2809);
#2131=LINE('',#14290,#2810);
#2132=LINE('',#14295,#2811);
#2133=LINE('',#14296,#2812);
#2134=LINE('',#14297,#2813);
#2135=LINE('',#14300,#2814);
#2136=LINE('',#14301,#2815);
#2137=LINE('',#14304,#2816);
#2138=LINE('',#14305,#2817);
#2139=LINE('',#14307,#2818);
#2140=LINE('',#14312,#2819);
#2141=LINE('',#14313,#2820);
#2142=LINE('',#14314,#2821);
#2143=LINE('',#14317,#2822);
#2144=LINE('',#14318,#2823);
#2145=LINE('',#14321,#2824);
#2146=LINE('',#14322,#2825);
#2147=LINE('',#14324,#2826);
#2148=LINE('',#14329,#2827);
#2149=LINE('',#14330,#2828);
#2150=LINE('',#14331,#2829);
#2151=LINE('',#14334,#2830);
#2152=LINE('',#14335,#2831);
#2153=LINE('',#14338,#2832);
#2154=LINE('',#14339,#2833);
#2155=LINE('',#14341,#2834);
#2156=LINE('',#14344,#2835);
#2157=LINE('',#14346,#2836);
#2158=LINE('',#14348,#2837);
#2159=LINE('',#14350,#2838);
#2160=LINE('',#14352,#2839);
#2161=LINE('',#14355,#2840);
#2162=LINE('',#14356,#2841);
#2163=LINE('',#14358,#2842);
#2164=LINE('',#14360,#2843);
#2165=LINE('',#14362,#2844);
#2166=LINE('',#14364,#2845);
#2167=LINE('',#14365,#2846);
#2168=LINE('',#14367,#2847);
#2169=LINE('',#14369,#2848);
#2170=LINE('',#14371,#2849);
#2171=LINE('',#14373,#2850);
#2172=LINE('',#14374,#2851);
#2173=LINE('',#14376,#2852);
#2174=LINE('',#14378,#2853);
#2175=LINE('',#14380,#2854);
#2176=LINE('',#14382,#2855);
#2177=LINE('',#14383,#2856);
#2178=LINE('',#14385,#2857);
#2179=LINE('',#14387,#2858);
#2180=LINE('',#14389,#2859);
#2181=LINE('',#14391,#2860);
#2182=LINE('',#14392,#2861);
#2183=LINE('',#14394,#2862);
#2184=LINE('',#14396,#2863);
#2185=LINE('',#14398,#2864);
#2186=LINE('',#14400,#2865);
#2187=LINE('',#14401,#2866);
#2188=LINE('',#14403,#2867);
#2189=LINE('',#14405,#2868);
#2190=LINE('',#14407,#2869);
#2191=LINE('',#14409,#2870);
#2192=LINE('',#14410,#2871);
#2193=LINE('',#14412,#2872);
#2194=LINE('',#14414,#2873);
#2195=LINE('',#14416,#2874);
#2196=LINE('',#14418,#2875);
#2197=LINE('',#14419,#2876);
#2198=LINE('',#14421,#2877);
#2199=LINE('',#14423,#2878);
#2200=LINE('',#14425,#2879);
#2201=LINE('',#14427,#2880);
#2202=LINE('',#14429,#2881);
#2203=LINE('',#14431,#2882);
#2204=LINE('',#14434,#2883);
#2205=LINE('',#14436,#2884);
#2206=LINE('',#14438,#2885);
#2207=LINE('',#14441,#2886);
#2208=LINE('',#14443,#2887);
#2209=LINE('',#14445,#2888);
#2210=LINE('',#14448,#2889);
#2211=LINE('',#14450,#2890);
#2212=LINE('',#14452,#2891);
#2213=LINE('',#14455,#2892);
#2214=LINE('',#14457,#2893);
#2215=LINE('',#14459,#2894);
#2216=LINE('',#14462,#2895);
#2217=LINE('',#14464,#2896);
#2218=LINE('',#14466,#2897);
#2219=LINE('',#14469,#2898);
#2220=LINE('',#14471,#2899);
#2221=LINE('',#14473,#2900);
#2222=LINE('',#14476,#2901);
#2223=LINE('',#14478,#2902);
#2224=LINE('',#14480,#2903);
#2225=LINE('',#14487,#2904);
#2226=LINE('',#14490,#2905);
#2227=LINE('',#14496,#2906);
#2228=LINE('',#14498,#2907);
#2229=LINE('',#14504,#2908);
#2230=LINE('',#14506,#2909);
#2231=LINE('',#14513,#2910);
#2232=LINE('',#14516,#2911);
#2233=LINE('',#14519,#2912);
#2234=LINE('',#14520,#2913);
#2235=LINE('',#14527,#2914);
#2236=LINE('',#14529,#2915);
#2237=LINE('',#14531,#2916);
#2238=LINE('',#14532,#2917);
#2239=LINE('',#14535,#2918);
#2240=LINE('',#14537,#2919);
#2241=LINE('',#14539,#2920);
#2242=LINE('',#14540,#2921);
#2243=LINE('',#14543,#2922);
#2244=LINE('',#14547,#2923);
#2245=LINE('',#14548,#2924);
#2246=LINE('',#14553,#2925);
#2247=LINE('',#14559,#2926);
#2248=LINE('',#14563,#2927);
#2249=LINE('',#14564,#2928);
#2250=LINE('',#14567,#2929);
#2251=LINE('',#14570,#2930);
#2252=LINE('',#14572,#2931);
#2253=LINE('',#14574,#2932);
#2254=LINE('',#14576,#2933);
#2255=LINE('',#14577,#2934);
#2256=LINE('',#14585,#2935);
#2257=LINE('',#14588,#2936);
#2258=LINE('',#14590,#2937);
#2259=LINE('',#14591,#2938);
#2260=LINE('',#14596,#2939);
#2261=LINE('',#14598,#2940);
#2262=LINE('',#14600,#2941);
#2263=LINE('',#14601,#2942);
#2264=LINE('',#14603,#2943);
#2265=LINE('',#14604,#2944);
#2266=LINE('',#14607,#2945);
#2267=LINE('',#14608,#2946);
#2268=LINE('',#14611,#2947);
#2269=LINE('',#14612,#2948);
#2270=LINE('',#14614,#2949);
#2271=LINE('',#14616,#2950);
#2272=LINE('',#14618,#2951);
#2273=LINE('',#14622,#2952);
#2274=LINE('',#14624,#2953);
#2275=LINE('',#14626,#2954);
#2276=LINE('',#14627,#2955);
#2277=LINE('',#14630,#2956);
#2278=LINE('',#14632,#2957);
#2279=LINE('',#14634,#2958);
#2280=LINE('',#14635,#2959);
#2281=LINE('',#14637,#2960);
#2282=LINE('',#14638,#2961);
#2283=LINE('',#14640,#2962);
#2284=LINE('',#14642,#2963);
#2285=LINE('',#14643,#2964);
#2286=LINE('',#14645,#2965);
#2287=LINE('',#14647,#2966);
#2288=LINE('',#14650,#2967);
#2289=VECTOR('',#9597,0.25);
#2290=VECTOR('',#9614,0.25);
#2291=VECTOR('',#9627,0.25);
#2292=VECTOR('',#9636,1.01);
#2293=VECTOR('',#9649,1.);
#2294=VECTOR('',#9656,1.);
#2295=VECTOR('',#9693,1.);
#2296=VECTOR('',#9694,1.);
#2297=VECTOR('',#9695,1.);
#2298=VECTOR('',#9696,1.);
#2299=VECTOR('',#9699,1.);
#2300=VECTOR('',#9700,1.);
#2301=VECTOR('',#9701,1.);
#2302=VECTOR('',#9704,1.);
#2303=VECTOR('',#9705,1.);
#2304=VECTOR('',#9706,1.);
#2305=VECTOR('',#9709,1.);
#2306=VECTOR('',#9714,1.0000000000002);
#2307=VECTOR('',#9721,1.);
#2308=VECTOR('',#9728,1.);
#2309=VECTOR('',#9735,1.);
#2310=VECTOR('',#9756,1.0000000000002);
#2311=VECTOR('',#9763,1.);
#2312=VECTOR('',#9770,1.);
#2313=VECTOR('',#9777,1.);
#2314=VECTOR('',#9798,1.0000000000002);
#2315=VECTOR('',#9805,1.);
#2316=VECTOR('',#9812,1.);
#2317=VECTOR('',#9819,1.);
#2318=VECTOR('',#9834,1.);
#2319=VECTOR('',#9841,1.);
#2320=VECTOR('',#9848,1.);
#2321=VECTOR('',#9855,1.);
#2322=VECTOR('',#9870,1.0000000000002);
#2323=VECTOR('',#9877,1.);
#2324=VECTOR('',#9884,1.);
#2325=VECTOR('',#9891,1.);
#2326=VECTOR('',#9912,1.);
#2327=VECTOR('',#9919,1.);
#2328=VECTOR('',#9926,1.);
#2329=VECTOR('',#9933,1.0000000000002);
#2330=VECTOR('',#9954,1.0000000000002);
#2331=VECTOR('',#9961,1.);
#2332=VECTOR('',#9968,1.);
#2333=VECTOR('',#9975,1.);
#2334=VECTOR('',#9990,1.0000000000002);
#2335=VECTOR('',#9997,1.);
#2336=VECTOR('',#10004,1.);
#2337=VECTOR('',#10011,1.);
#2338=VECTOR('',#10072,1.);
#2339=VECTOR('',#10075,1.);
#2340=VECTOR('',#10100,1.);
#2341=VECTOR('',#10103,1.);
#2342=VECTOR('',#10106,1.);
#2343=VECTOR('',#10111,1.);
#2344=VECTOR('',#10118,1.);
#2345=VECTOR('',#10125,1.);
#2346=VECTOR('',#10132,1.0000000000002);
#2347=VECTOR('',#10153,1.);
#2348=VECTOR('',#10160,1.);
#2349=VECTOR('',#10167,1.);
#2350=VECTOR('',#10174,1.0000000000002);
#2351=VECTOR('',#10195,1.);
#2352=VECTOR('',#10202,1.);
#2353=VECTOR('',#10209,1.);
#2354=VECTOR('',#10216,1.0000000000002);
#2355=VECTOR('',#10231,1.);
#2356=VECTOR('',#10238,1.);
#2357=VECTOR('',#10245,1.);
#2358=VECTOR('',#10252,1.);
#2359=VECTOR('',#10267,1.);
#2360=VECTOR('',#10274,1.);
#2361=VECTOR('',#10281,1.);
#2362=VECTOR('',#10288,1.0000000000002);
#2363=VECTOR('',#10309,1.0000000000002);
#2364=VECTOR('',#10316,1.);
#2365=VECTOR('',#10323,1.);
#2366=VECTOR('',#10330,1.);
#2367=VECTOR('',#10351,1.);
#2368=VECTOR('',#10358,1.);
#2369=VECTOR('',#10365,1.);
#2370=VECTOR('',#10372,1.0000000000002);
#2371=VECTOR('',#10387,1.);
#2372=VECTOR('',#10394,1.);
#2373=VECTOR('',#10401,1.);
#2374=VECTOR('',#10408,1.0000000000002);
#2375=VECTOR('',#10469,1.);
#2376=VECTOR('',#10472,1.);
#2377=VECTOR('',#10497,1.);
#2378=VECTOR('',#10500,1.);
#2379=VECTOR('',#10505,1.);
#2380=VECTOR('',#10506,1.);
#2381=VECTOR('',#10509,1.);
#2382=VECTOR('',#10512,1.);
#2383=VECTOR('',#10515,1.);
#2384=VECTOR('',#10518,1.);
#2385=VECTOR('',#10521,1.);
#2386=VECTOR('',#10524,1.);
#2387=VECTOR('',#10527,1.);
#2388=VECTOR('',#10530,1.);
#2389=VECTOR('',#10533,1.);
#2390=VECTOR('',#10536,1.);
#2391=VECTOR('',#10539,1.);
#2392=VECTOR('',#10542,1.);
#2393=VECTOR('',#10545,1.);
#2394=VECTOR('',#10548,1.);
#2395=VECTOR('',#10553,0.85);
#2396=VECTOR('',#10556,2.);
#2397=VECTOR('',#10559,0.4);
#2398=VECTOR('',#10562,0.85);
#2399=VECTOR('',#10565,0.75);
#2400=VECTOR('',#10568,0.75);
#2401=VECTOR('',#10571,0.4);
#2402=VECTOR('',#10574,1.);
#2403=VECTOR('',#10575,1.);
#2404=VECTOR('',#10578,1.);
#2405=VECTOR('',#10581,1.);
#2406=VECTOR('',#10584,1.);
#2407=VECTOR('',#10587,1.);
#2408=VECTOR('',#10590,1.);
#2409=VECTOR('',#10593,1.);
#2410=VECTOR('',#10596,1.);
#2411=VECTOR('',#10599,1.);
#2412=VECTOR('',#10602,1.);
#2413=VECTOR('',#10605,1.);
#2414=VECTOR('',#10608,1.);
#2415=VECTOR('',#10611,1.);
#2416=VECTOR('',#10614,1.);
#2417=VECTOR('',#10617,1.);
#2418=VECTOR('',#10622,0.85);
#2419=VECTOR('',#10625,2.);
#2420=VECTOR('',#10628,0.4);
#2421=VECTOR('',#10631,0.85);
#2422=VECTOR('',#10634,0.75);
#2423=VECTOR('',#10637,0.75);
#2424=VECTOR('',#10640,0.4);
#2425=VECTOR('',#10643,1.);
#2426=VECTOR('',#10644,1.);
#2427=VECTOR('',#10647,1.);
#2428=VECTOR('',#10650,1.);
#2429=VECTOR('',#10653,1.);
#2430=VECTOR('',#10656,1.);
#2431=VECTOR('',#10659,1.);
#2432=VECTOR('',#10662,1.);
#2433=VECTOR('',#10665,1.);
#2434=VECTOR('',#10668,1.);
#2435=VECTOR('',#10671,1.);
#2436=VECTOR('',#10674,1.);
#2437=VECTOR('',#10677,1.);
#2438=VECTOR('',#10680,1.);
#2439=VECTOR('',#10683,1.);
#2440=VECTOR('',#10686,1.);
#2441=VECTOR('',#10691,0.85);
#2442=VECTOR('',#10694,2.);
#2443=VECTOR('',#10697,0.4);
#2444=VECTOR('',#10700,0.85);
#2445=VECTOR('',#10703,1.);
#2446=VECTOR('',#10704,1.);
#2447=VECTOR('',#10707,1.);
#2448=VECTOR('',#10710,1.);
#2449=VECTOR('',#10713,1.);
#2450=VECTOR('',#10716,1.);
#2451=VECTOR('',#10719,1.);
#2452=VECTOR('',#10722,1.);
#2453=VECTOR('',#10725,1.);
#2454=VECTOR('',#10728,1.);
#2455=VECTOR('',#10731,1.);
#2456=VECTOR('',#10734,1.);
#2457=VECTOR('',#10737,1.);
#2458=VECTOR('',#10740,1.);
#2459=VECTOR('',#10743,1.);
#2460=VECTOR('',#10746,1.);
#2461=VECTOR('',#10751,0.85);
#2462=VECTOR('',#10754,2.);
#2463=VECTOR('',#10757,0.4);
#2464=VECTOR('',#10760,0.85);
#2465=VECTOR('',#10763,1.);
#2466=VECTOR('',#10764,1.);
#2467=VECTOR('',#10767,1.);
#2468=VECTOR('',#10770,1.);
#2469=VECTOR('',#10773,1.);
#2470=VECTOR('',#10776,1.);
#2471=VECTOR('',#10779,1.);
#2472=VECTOR('',#10782,1.);
#2473=VECTOR('',#10785,1.);
#2474=VECTOR('',#10788,1.);
#2475=VECTOR('',#10791,1.);
#2476=VECTOR('',#10794,1.);
#2477=VECTOR('',#10797,1.);
#2478=VECTOR('',#10800,1.);
#2479=VECTOR('',#10803,1.);
#2480=VECTOR('',#10806,1.);
#2481=VECTOR('',#10811,0.85);
#2482=VECTOR('',#10814,2.);
#2483=VECTOR('',#10817,0.4);
#2484=VECTOR('',#10820,0.85);
#2485=VECTOR('',#10823,0.75);
#2486=VECTOR('',#10826,0.75);
#2487=VECTOR('',#10829,0.4);
#2488=VECTOR('',#10832,1.);
#2489=VECTOR('',#10833,1.);
#2490=VECTOR('',#10836,1.);
#2491=VECTOR('',#10839,1.);
#2492=VECTOR('',#10842,1.);
#2493=VECTOR('',#10845,1.);
#2494=VECTOR('',#10848,1.);
#2495=VECTOR('',#10851,1.);
#2496=VECTOR('',#10854,1.);
#2497=VECTOR('',#10857,1.);
#2498=VECTOR('',#10860,1.);
#2499=VECTOR('',#10863,1.);
#2500=VECTOR('',#10866,1.);
#2501=VECTOR('',#10869,1.);
#2502=VECTOR('',#10872,1.);
#2503=VECTOR('',#10875,1.);
#2504=VECTOR('',#10880,0.85);
#2505=VECTOR('',#10883,2.);
#2506=VECTOR('',#10886,0.4);
#2507=VECTOR('',#10889,0.85);
#2508=VECTOR('',#10892,0.75);
#2509=VECTOR('',#10895,0.75);
#2510=VECTOR('',#10898,0.4);
#2511=VECTOR('',#10901,1.);
#2512=VECTOR('',#10902,1.);
#2513=VECTOR('',#10905,1.);
#2514=VECTOR('',#10908,1.);
#2515=VECTOR('',#10911,1.);
#2516=VECTOR('',#10914,1.);
#2517=VECTOR('',#10917,1.);
#2518=VECTOR('',#10920,1.);
#2519=VECTOR('',#10923,1.);
#2520=VECTOR('',#10926,1.);
#2521=VECTOR('',#10929,1.);
#2522=VECTOR('',#10932,1.);
#2523=VECTOR('',#10935,1.);
#2524=VECTOR('',#10938,1.);
#2525=VECTOR('',#10941,1.);
#2526=VECTOR('',#10944,1.);
#2527=VECTOR('',#10949,0.85);
#2528=VECTOR('',#10952,2.);
#2529=VECTOR('',#10955,0.4);
#2530=VECTOR('',#10958,0.85);
#2531=VECTOR('',#10961,1.);
#2532=VECTOR('',#10962,1.);
#2533=VECTOR('',#10965,1.);
#2534=VECTOR('',#10968,1.);
#2535=VECTOR('',#10971,1.);
#2536=VECTOR('',#10974,1.);
#2537=VECTOR('',#10977,1.);
#2538=VECTOR('',#10980,1.);
#2539=VECTOR('',#10983,1.);
#2540=VECTOR('',#10986,1.);
#2541=VECTOR('',#10989,1.);
#2542=VECTOR('',#10992,1.);
#2543=VECTOR('',#10995,1.);
#2544=VECTOR('',#10998,1.);
#2545=VECTOR('',#11001,1.);
#2546=VECTOR('',#11004,1.);
#2547=VECTOR('',#11009,0.85);
#2548=VECTOR('',#11012,2.);
#2549=VECTOR('',#11015,0.4);
#2550=VECTOR('',#11018,0.85);
#2551=VECTOR('',#11021,0.75);
#2552=VECTOR('',#11024,0.75);
#2553=VECTOR('',#11027,0.4);
#2554=VECTOR('',#11030,0.75);
#2555=VECTOR('',#11033,0.75);
#2556=VECTOR('',#11036,0.4);
#2557=VECTOR('',#11039,0.5);
#2558=VECTOR('',#11042,0.5);
#2559=VECTOR('',#11045,0.5);
#2560=VECTOR('',#11048,0.5);
#2561=VECTOR('',#11051,0.5);
#2562=VECTOR('',#11054,0.5);
#2563=VECTOR('',#11057,0.5);
#2564=VECTOR('',#11060,0.5);
#2565=VECTOR('',#11063,0.5);
#2566=VECTOR('',#11066,0.5);
#2567=VECTOR('',#11069,0.5);
#2568=VECTOR('',#11072,0.75);
#2569=VECTOR('',#11075,0.75);
#2570=VECTOR('',#11078,0.4);
#2571=VECTOR('',#11081,0.5);
#2572=VECTOR('',#11084,0.75);
#2573=VECTOR('',#11087,0.75);
#2574=VECTOR('',#11090,0.4);
#2575=VECTOR('',#11093,1.);
#2576=VECTOR('',#11094,1.);
#2577=VECTOR('',#11097,1.);
#2578=VECTOR('',#11100,1.);
#2579=VECTOR('',#11105,0.5);
#2580=VECTOR('',#11108,0.5);
#2581=VECTOR('',#11111,0.5);
#2582=VECTOR('',#11114,0.5);
#2583=VECTOR('',#11117,0.5);
#2584=VECTOR('',#11120,0.5);
#2585=VECTOR('',#11123,0.5);
#2586=VECTOR('',#11126,0.5);
#2587=VECTOR('',#11129,0.5);
#2588=VECTOR('',#11132,0.5);
#2589=VECTOR('',#11135,0.5);
#2590=VECTOR('',#11138,1.);
#2591=VECTOR('',#11139,1.);
#2592=VECTOR('',#11142,1.);
#2593=VECTOR('',#11145,1.);
#2594=VECTOR('',#11170,10.);
#2595=VECTOR('',#11173,10.);
#2596=VECTOR('',#11178,10.);
#2597=VECTOR('',#11181,10.);
#2598=VECTOR('',#11186,10.);
#2599=VECTOR('',#11189,10.);
#2600=VECTOR('',#11200,10.);
#2601=VECTOR('',#11201,10.);
#2602=VECTOR('',#11202,10.);
#2603=VECTOR('',#11205,10.);
#2604=VECTOR('',#11210,10.);
#2605=VECTOR('',#11211,10.);
#2606=VECTOR('',#11222,10.);
#2607=VECTOR('',#11227,10.);
#2608=VECTOR('',#11228,10.);
#2609=VECTOR('',#11229,10.);
#2610=VECTOR('',#11232,10.);
#2611=VECTOR('',#11235,10.);
#2612=VECTOR('',#11238,10.);
#2613=VECTOR('',#11245,10.);
#2614=VECTOR('',#11254,10.);
#2615=VECTOR('',#11257,10.);
#2616=VECTOR('',#11262,10.);
#2617=VECTOR('',#11263,10.);
#2618=VECTOR('',#11276,2.5);
#2619=VECTOR('',#11285,2.5);
#2620=VECTOR('',#11294,2.5);
#2621=VECTOR('',#11303,2.5);
#2622=VECTOR('',#11310,10.);
#2623=VECTOR('',#11311,10.);
#2624=VECTOR('',#11312,10.);
#2625=VECTOR('',#11315,10.);
#2626=VECTOR('',#11320,10.);
#2627=VECTOR('',#11321,10.);
#2628=VECTOR('',#11324,10.);
#2629=VECTOR('',#11329,10.);
#2630=VECTOR('',#11330,10.);
#2631=VECTOR('',#11333,10.);
#2632=VECTOR('',#11338,10.);
#2633=VECTOR('',#11339,10.);
#2634=VECTOR('',#11346,10.);
#2635=VECTOR('',#11347,10.);
#2636=VECTOR('',#11348,10.);
#2637=VECTOR('',#11349,10.);
#2638=VECTOR('',#11352,10.);
#2639=VECTOR('',#11353,10.);
#2640=VECTOR('',#11354,10.);
#2641=VECTOR('',#11359,2.35);
#2642=VECTOR('',#11364,2.34999999999999);
#2643=VECTOR('',#11369,2.35);
#2644=VECTOR('',#11374,2.34999999999999);
#2645=VECTOR('',#11377,10.);
#2646=VECTOR('',#11378,10.);
#2647=VECTOR('',#11379,10.);
#2648=VECTOR('',#11382,10.);
#2649=VECTOR('',#11383,10.);
#2650=VECTOR('',#11392,10.);
#2651=VECTOR('',#11395,10.);
#2652=VECTOR('',#11400,10.);
#2653=VECTOR('',#11403,10.);
#2654=VECTOR('',#11410,10.);
#2655=VECTOR('',#11411,10.);
#2656=VECTOR('',#11412,10.);
#2657=VECTOR('',#11413,10.);
#2658=VECTOR('',#11414,10.);
#2659=VECTOR('',#11415,10.);
#2660=VECTOR('',#11416,10.);
#2661=VECTOR('',#11417,10.);
#2662=VECTOR('',#11424,10.);
#2663=VECTOR('',#11427,10.);
#2664=VECTOR('',#11430,10.);
#2665=VECTOR('',#11433,10.);
#2666=VECTOR('',#11436,10.);
#2667=VECTOR('',#11439,10.);
#2668=VECTOR('',#11442,10.);
#2669=VECTOR('',#11445,10.);
#2670=VECTOR('',#11448,10.);
#2671=VECTOR('',#11451,10.);
#2672=VECTOR('',#11454,10.);
#2673=VECTOR('',#11457,10.);
#2674=VECTOR('',#11460,10.);
#2675=VECTOR('',#11463,10.);
#2676=VECTOR('',#11466,10.);
#2677=VECTOR('',#11469,10.);
#2678=VECTOR('',#11472,10.);
#2679=VECTOR('',#11475,10.);
#2680=VECTOR('',#11478,10.);
#2681=VECTOR('',#11481,10.);
#2682=VECTOR('',#11484,10.);
#2683=VECTOR('',#11487,10.);
#2684=VECTOR('',#11490,10.);
#2685=VECTOR('',#11493,10.);
#2686=VECTOR('',#11496,10.);
#2687=VECTOR('',#11499,10.);
#2688=VECTOR('',#11502,10.);
#2689=VECTOR('',#11505,10.);
#2690=VECTOR('',#11508,10.);
#2691=VECTOR('',#11511,10.);
#2692=VECTOR('',#11514,10.);
#2693=VECTOR('',#11517,10.);
#2694=VECTOR('',#11518,10.);
#2695=VECTOR('',#11519,10.);
#2696=VECTOR('',#11520,10.);
#2697=VECTOR('',#11521,10.);
#2698=VECTOR('',#11522,10.);
#2699=VECTOR('',#11523,10.);
#2700=VECTOR('',#11524,10.);
#2701=VECTOR('',#11525,10.);
#2702=VECTOR('',#11526,10.);
#2703=VECTOR('',#11527,10.);
#2704=VECTOR('',#11528,10.);
#2705=VECTOR('',#11529,10.);
#2706=VECTOR('',#11530,10.);
#2707=VECTOR('',#11531,10.);
#2708=VECTOR('',#11532,10.);
#2709=VECTOR('',#11533,10.);
#2710=VECTOR('',#11534,10.);
#2711=VECTOR('',#11535,10.);
#2712=VECTOR('',#11536,10.);
#2713=VECTOR('',#11537,10.);
#2714=VECTOR('',#11538,10.);
#2715=VECTOR('',#11539,10.);
#2716=VECTOR('',#11540,10.);
#2717=VECTOR('',#11541,10.);
#2718=VECTOR('',#11542,10.);
#2719=VECTOR('',#11543,10.);
#2720=VECTOR('',#11544,10.);
#2721=VECTOR('',#11545,10.);
#2722=VECTOR('',#11546,10.);
#2723=VECTOR('',#11547,10.);
#2724=VECTOR('',#11548,10.);
#2725=VECTOR('',#11549,10.);
#2726=VECTOR('',#11552,10.);
#2727=VECTOR('',#11553,10.);
#2728=VECTOR('',#11556,10.);
#2729=VECTOR('',#11561,10.);
#2730=VECTOR('',#11562,10.);
#2731=VECTOR('',#11563,10.);
#2732=VECTOR('',#11564,10.);
#2733=VECTOR('',#11565,10.);
#2734=VECTOR('',#11566,10.);
#2735=VECTOR('',#11567,10.);
#2736=VECTOR('',#11570,10.);
#2737=VECTOR('',#11573,10.);
#2738=VECTOR('',#11576,10.);
#2739=VECTOR('',#11579,10.);
#2740=VECTOR('',#11582,10.);
#2741=VECTOR('',#11585,10.);
#2742=VECTOR('',#11588,10.);
#2743=VECTOR('',#11591,10.);
#2744=VECTOR('',#11594,10.);
#2745=VECTOR('',#11597,10.);
#2746=VECTOR('',#11600,10.);
#2747=VECTOR('',#11603,10.);
#2748=VECTOR('',#11606,10.);
#2749=VECTOR('',#11609,10.);
#2750=VECTOR('',#11612,10.);
#2751=VECTOR('',#11615,10.);
#2752=VECTOR('',#11618,10.);
#2753=VECTOR('',#11621,10.);
#2754=VECTOR('',#11624,10.);
#2755=VECTOR('',#11627,10.);
#2756=VECTOR('',#11630,10.);
#2757=VECTOR('',#11633,10.);
#2758=VECTOR('',#11636,10.);
#2759=VECTOR('',#11639,10.);
#2760=VECTOR('',#11642,10.);
#2761=VECTOR('',#11645,10.);
#2762=VECTOR('',#11648,10.);
#2763=VECTOR('',#11651,10.);
#2764=VECTOR('',#11654,10.);
#2765=VECTOR('',#11657,10.);
#2766=VECTOR('',#11660,10.);
#2767=VECTOR('',#11671,10.);
#2768=VECTOR('',#11674,10.);
#2769=VECTOR('',#11677,2.34999999999999);
#2770=VECTOR('',#11680,2.35);
#2771=VECTOR('',#11683,10.);
#2772=VECTOR('',#11684,10.);
#2773=VECTOR('',#11685,10.);
#2774=VECTOR('',#11688,10.);
#2775=VECTOR('',#11689,10.);
#2776=VECTOR('',#11692,10.);
#2777=VECTOR('',#11693,10.);
#2778=VECTOR('',#11696,10.);
#2779=VECTOR('',#11701,10.);
#2780=VECTOR('',#11702,10.);
#2781=VECTOR('',#11703,10.);
#2782=VECTOR('',#11706,10.);
#2783=VECTOR('',#11707,10.);
#2784=VECTOR('',#11710,10.);
#2785=VECTOR('',#11711,10.);
#2786=VECTOR('',#11714,10.);
#2787=VECTOR('',#11719,10.);
#2788=VECTOR('',#11720,10.);
#2789=VECTOR('',#11721,10.);
#2790=VECTOR('',#11724,10.);
#2791=VECTOR('',#11725,10.);
#2792=VECTOR('',#11728,10.);
#2793=VECTOR('',#11729,10.);
#2794=VECTOR('',#11732,10.);
#2795=VECTOR('',#11737,10.);
#2796=VECTOR('',#11738,10.);
#2797=VECTOR('',#11739,10.);
#2798=VECTOR('',#11742,10.);
#2799=VECTOR('',#11743,10.);
#2800=VECTOR('',#11746,10.);
#2801=VECTOR('',#11747,10.);
#2802=VECTOR('',#11750,10.);
#2803=VECTOR('',#11755,10.);
#2804=VECTOR('',#11756,10.);
#2805=VECTOR('',#11757,10.);
#2806=VECTOR('',#11760,10.);
#2807=VECTOR('',#11761,10.);
#2808=VECTOR('',#11764,10.);
#2809=VECTOR('',#11765,10.);
#2810=VECTOR('',#11768,10.);
#2811=VECTOR('',#11773,10.);
#2812=VECTOR('',#11774,10.);
#2813=VECTOR('',#11775,10.);
#2814=VECTOR('',#11778,10.);
#2815=VECTOR('',#11779,10.);
#2816=VECTOR('',#11782,10.);
#2817=VECTOR('',#11783,10.);
#2818=VECTOR('',#11786,10.);
#2819=VECTOR('',#11791,10.);
#2820=VECTOR('',#11792,10.);
#2821=VECTOR('',#11793,10.);
#2822=VECTOR('',#11796,10.);
#2823=VECTOR('',#11797,10.);
#2824=VECTOR('',#11800,10.);
#2825=VECTOR('',#11801,10.);
#2826=VECTOR('',#11804,10.);
#2827=VECTOR('',#11809,10.);
#2828=VECTOR('',#11810,10.);
#2829=VECTOR('',#11811,10.);
#2830=VECTOR('',#11814,10.);
#2831=VECTOR('',#11815,10.);
#2832=VECTOR('',#11818,10.);
#2833=VECTOR('',#11819,10.);
#2834=VECTOR('',#11822,10.);
#2835=VECTOR('',#11827,10.);
#2836=VECTOR('',#11830,10.);
#2837=VECTOR('',#11833,10.);
#2838=VECTOR('',#11836,10.);
#2839=VECTOR('',#11839,10.);
#2840=VECTOR('',#11844,10.);
#2841=VECTOR('',#11845,10.);
#2842=VECTOR('',#11848,10.);
#2843=VECTOR('',#11851,10.);
#2844=VECTOR('',#11854,10.);
#2845=VECTOR('',#11857,10.);
#2846=VECTOR('',#11858,10.);
#2847=VECTOR('',#11861,10.);
#2848=VECTOR('',#11864,10.);
#2849=VECTOR('',#11867,10.);
#2850=VECTOR('',#11870,10.);
#2851=VECTOR('',#11871,10.);
#2852=VECTOR('',#11874,10.);
#2853=VECTOR('',#11877,10.);
#2854=VECTOR('',#11880,10.);
#2855=VECTOR('',#11883,10.);
#2856=VECTOR('',#11884,10.);
#2857=VECTOR('',#11887,10.);
#2858=VECTOR('',#11890,10.);
#2859=VECTOR('',#11893,10.);
#2860=VECTOR('',#11896,10.);
#2861=VECTOR('',#11897,10.);
#2862=VECTOR('',#11900,10.);
#2863=VECTOR('',#11903,10.);
#2864=VECTOR('',#11906,10.);
#2865=VECTOR('',#11909,10.);
#2866=VECTOR('',#11910,10.);
#2867=VECTOR('',#11913,10.);
#2868=VECTOR('',#11916,10.);
#2869=VECTOR('',#11919,10.);
#2870=VECTOR('',#11922,10.);
#2871=VECTOR('',#11923,10.);
#2872=VECTOR('',#11926,10.);
#2873=VECTOR('',#11929,10.);
#2874=VECTOR('',#11932,10.);
#2875=VECTOR('',#11935,10.);
#2876=VECTOR('',#11936,10.);
#2877=VECTOR('',#11939,10.);
#2878=VECTOR('',#11942,10.);
#2879=VECTOR('',#11945,10.);
#2880=VECTOR('',#11948,10.);
#2881=VECTOR('',#11951,10.);
#2882=VECTOR('',#11954,10.);
#2883=VECTOR('',#11959,10.);
#2884=VECTOR('',#11962,10.);
#2885=VECTOR('',#11965,10.);
#2886=VECTOR('',#11970,10.);
#2887=VECTOR('',#11973,10.);
#2888=VECTOR('',#11976,10.);
#2889=VECTOR('',#11981,10.);
#2890=VECTOR('',#11984,10.);
#2891=VECTOR('',#11987,10.);
#2892=VECTOR('',#11992,10.);
#2893=VECTOR('',#11995,10.);
#2894=VECTOR('',#11998,10.);
#2895=VECTOR('',#12003,10.);
#2896=VECTOR('',#12006,10.);
#2897=VECTOR('',#12009,10.);
#2898=VECTOR('',#12014,10.);
#2899=VECTOR('',#12017,10.);
#2900=VECTOR('',#12020,10.);
#2901=VECTOR('',#12025,10.);
#2902=VECTOR('',#12028,10.);
#2903=VECTOR('',#12031,10.);
#2904=VECTOR('',#12038,10.);
#2905=VECTOR('',#12041,10.);
#2906=VECTOR('',#12046,10.);
#2907=VECTOR('',#12049,10.);
#2908=VECTOR('',#12054,10.);
#2909=VECTOR('',#12057,10.);
#2910=VECTOR('',#12068,10.);
#2911=VECTOR('',#12071,10.);
#2912=VECTOR('',#12074,10.);
#2913=VECTOR('',#12075,10.);
#2914=VECTOR('',#12080,10.);
#2915=VECTOR('',#12081,10.);
#2916=VECTOR('',#12082,10.);
#2917=VECTOR('',#12083,10.);
#2918=VECTOR('',#12084,10.);
#2919=VECTOR('',#12085,10.);
#2920=VECTOR('',#12086,10.);
#2921=VECTOR('',#12087,10.);
#2922=VECTOR('',#12090,10.);
#2923=VECTOR('',#12095,10.);
#2924=VECTOR('',#12096,10.);
#2925=VECTOR('',#12101,10.);
#2926=VECTOR('',#12110,10.);
#2927=VECTOR('',#12115,10.);
#2928=VECTOR('',#12116,10.);
#2929=VECTOR('',#12119,10.);
#2930=VECTOR('',#12122,10.);
#2931=VECTOR('',#12123,10.);
#2932=VECTOR('',#12124,10.);
#2933=VECTOR('',#12125,10.);
#2934=VECTOR('',#12126,10.);
#2935=VECTOR('',#12137,10.);
#2936=VECTOR('',#12140,10.);
#2937=VECTOR('',#12141,10.);
#2938=VECTOR('',#12142,10.);
#2939=VECTOR('',#12147,10.);
#2940=VECTOR('',#12148,10.);
#2941=VECTOR('',#12149,10.);
#2942=VECTOR('',#12150,10.);
#2943=VECTOR('',#12153,10.);
#2944=VECTOR('',#12154,10.);
#2945=VECTOR('',#12157,10.);
#2946=VECTOR('',#12158,10.);
#2947=VECTOR('',#12161,10.);
#2948=VECTOR('',#12162,10.);
#2949=VECTOR('',#12165,10.);
#2950=VECTOR('',#12168,2.35);
#2951=VECTOR('',#12171,2.34999999999999);
#2952=VECTOR('',#12174,10.);
#2953=VECTOR('',#12175,10.);
#2954=VECTOR('',#12176,10.);
#2955=VECTOR('',#12177,10.);
#2956=VECTOR('',#12178,10.);
#2957=VECTOR('',#12179,10.);
#2958=VECTOR('',#12180,10.);
#2959=VECTOR('',#12181,10.);
#2960=VECTOR('',#12184,10.);
#2961=VECTOR('',#12185,10.);
#2962=VECTOR('',#12188,10.);
#2963=VECTOR('',#12191,10.);
#2964=VECTOR('',#12192,10.);
#2965=VECTOR('',#12195,10.);
#2966=VECTOR('',#12198,10.);
#2967=VECTOR('',#12203,10.);
#2968=CIRCLE('',#8601,0.25);
#2969=CIRCLE('',#8602,0.25);
#2970=CIRCLE('',#8603,0.25);
#2971=CIRCLE('',#8605,0.25);
#2972=CIRCLE('',#8606,0.25);
#2973=CIRCLE('',#8607,0.25);
#2974=CIRCLE('',#8609,0.25);
#2975=CIRCLE('',#8610,0.25);
#2976=CIRCLE('',#8612,0.25);
#2977=CIRCLE('',#8613,0.25);
#2978=CIRCLE('',#8614,0.25);
#2979=CIRCLE('',#8616,0.25);
#2980=CIRCLE('',#8620,1.01);
#2981=CIRCLE('',#8621,1.01);
#2982=CIRCLE('',#8623,1.);
#2983=CIRCLE('',#8625,1.);
#2984=CIRCLE('',#8627,1.);
#2985=CIRCLE('',#8629,1.);
#2986=CIRCLE('',#8631,0.6);
#2987=CIRCLE('',#8632,0.4);
#2988=CIRCLE('',#8634,0.4);
#2989=CIRCLE('',#8635,0.6);
#2990=CIRCLE('',#8651,0.499999422661);
#2991=CIRCLE('',#8652,0.500008729288);
#2992=CIRCLE('',#8653,0.500008729288);
#2993=CIRCLE('',#8654,0.499999729127);
#2994=CIRCLE('',#8655,0.499989885034);
#2995=CIRCLE('',#8656,0.499989885034);
#2996=CIRCLE('',#8657,0.500000669307);
#2997=CIRCLE('',#8658,0.500008729288);
#2998=CIRCLE('',#8659,0.500008729226);
#2999=CIRCLE('',#8660,0.499999448976);
#3000=CIRCLE('',#8661,0.499989885034);
#3001=CIRCLE('',#8662,0.499989884978);
#3002=CIRCLE('',#8663,0.85);
#3003=CIRCLE('',#8664,2.);
#3004=CIRCLE('',#8665,0.4);
#3005=CIRCLE('',#8666,0.85);
#3006=CIRCLE('',#8667,0.75);
#3007=CIRCLE('',#8668,0.75);
#3008=CIRCLE('',#8669,0.4);
#3009=CIRCLE('',#8670,0.499999422661);
#3010=CIRCLE('',#8671,0.500008729288);
#3011=CIRCLE('',#8672,0.500008729288);
#3012=CIRCLE('',#8673,0.499999729127);
#3013=CIRCLE('',#8674,0.499989885034);
#3014=CIRCLE('',#8675,0.499989884978);
#3015=CIRCLE('',#8676,0.500000669307);
#3016=CIRCLE('',#8677,0.500008729288);
#3017=CIRCLE('',#8678,0.500008729226);
#3018=CIRCLE('',#8679,0.499999448976);
#3019=CIRCLE('',#8680,0.499989885034);
#3020=CIRCLE('',#8681,0.499989884978);
#3021=CIRCLE('',#8682,0.85);
#3022=CIRCLE('',#8683,2.);
#3023=CIRCLE('',#8684,0.4);
#3024=CIRCLE('',#8685,0.85);
#3025=CIRCLE('',#8686,0.75);
#3026=CIRCLE('',#8687,0.75);
#3027=CIRCLE('',#8688,0.4);
#3028=CIRCLE('',#8689,0.499999422661);
#3029=CIRCLE('',#8690,0.500008729288);
#3030=CIRCLE('',#8691,0.500008729288);
#3031=CIRCLE('',#8692,0.499999729127);
#3032=CIRCLE('',#8693,0.499989885034);
#3033=CIRCLE('',#8694,0.499989884978);
#3034=CIRCLE('',#8695,0.500000669307);
#3035=CIRCLE('',#8696,0.500008729288);
#3036=CIRCLE('',#8697,0.500008729226);
#3037=CIRCLE('',#8698,0.499999448976);
#3038=CIRCLE('',#8699,0.499989885034);
#3039=CIRCLE('',#8700,0.499989884978);
#3040=CIRCLE('',#8701,0.85);
#3041=CIRCLE('',#8702,2.);
#3042=CIRCLE('',#8703,0.4);
#3043=CIRCLE('',#8704,0.85);
#3044=CIRCLE('',#8705,0.499999729127);
#3045=CIRCLE('',#8706,0.499989885034);
#3046=CIRCLE('',#8707,0.499989885034);
#3047=CIRCLE('',#8708,0.499999092786);
#3048=CIRCLE('',#8709,0.500040834725);
#3049=CIRCLE('',#8710,0.500008729226);
#3050=CIRCLE('',#8711,0.499999755443);
#3051=CIRCLE('',#8712,0.49998122973);
#3052=CIRCLE('',#8713,0.499989885034);
#3053=CIRCLE('',#8714,0.499999422661);
#3054=CIRCLE('',#8715,0.500008729288);
#3055=CIRCLE('',#8716,0.50002311711);
#3056=CIRCLE('',#8717,0.85);
#3057=CIRCLE('',#8718,2.);
#3058=CIRCLE('',#8719,0.4);
#3059=CIRCLE('',#8720,0.85);
#3060=CIRCLE('',#8721,0.499999422661);
#3061=CIRCLE('',#8722,0.500008729288);
#3062=CIRCLE('',#8723,0.500008729288);
#3063=CIRCLE('',#8724,0.499999729127);
#3064=CIRCLE('',#8725,0.499989885034);
#3065=CIRCLE('',#8726,0.499989885034);
#3066=CIRCLE('',#8727,0.500000669307);
#3067=CIRCLE('',#8728,0.500008729288);
#3068=CIRCLE('',#8729,0.500008729226);
#3069=CIRCLE('',#8730,0.499999448976);
#3070=CIRCLE('',#8731,0.499989885034);
#3071=CIRCLE('',#8732,0.499989884978);
#3072=CIRCLE('',#8733,0.85);
#3073=CIRCLE('',#8734,2.);
#3074=CIRCLE('',#8735,0.4);
#3075=CIRCLE('',#8736,0.85);
#3076=CIRCLE('',#8737,0.75);
#3077=CIRCLE('',#8738,0.75);
#3078=CIRCLE('',#8739,0.4);
#3079=CIRCLE('',#8740,0.499999729127);
#3080=CIRCLE('',#8741,0.499989885034);
#3081=CIRCLE('',#8742,0.499989885034);
#3082=CIRCLE('',#8743,0.499999092786);
#3083=CIRCLE('',#8744,0.500040834725);
#3084=CIRCLE('',#8745,0.500008729226);
#3085=CIRCLE('',#8746,0.499999755443);
#3086=CIRCLE('',#8747,0.49998122973);
#3087=CIRCLE('',#8748,0.499989885034);
#3088=CIRCLE('',#8749,0.499999422661);
#3089=CIRCLE('',#8750,0.500008729288);
#3090=CIRCLE('',#8751,0.500008729288);
#3091=CIRCLE('',#8752,0.85);
#3092=CIRCLE('',#8753,2.);
#3093=CIRCLE('',#8754,0.4);
#3094=CIRCLE('',#8755,0.85);
#3095=CIRCLE('',#8756,0.75);
#3096=CIRCLE('',#8757,0.75);
#3097=CIRCLE('',#8758,0.4);
#3098=CIRCLE('',#8759,0.499999422661);
#3099=CIRCLE('',#8760,0.500008729288);
#3100=CIRCLE('',#8761,0.500008729288);
#3101=CIRCLE('',#8762,0.499999729127);
#3102=CIRCLE('',#8763,0.499989885034);
#3103=CIRCLE('',#8764,0.499989884978);
#3104=CIRCLE('',#8765,0.499999092786);
#3105=CIRCLE('',#8766,0.500040834725);
#3106=CIRCLE('',#8767,0.500008729226);
#3107=CIRCLE('',#8768,0.499999448976);
#3108=CIRCLE('',#8769,0.499989885034);
#3109=CIRCLE('',#8770,0.499989884978);
#3110=CIRCLE('',#8771,0.85);
#3111=CIRCLE('',#8772,2.);
#3112=CIRCLE('',#8773,0.4);
#3113=CIRCLE('',#8774,0.85);
#3114=CIRCLE('',#8775,0.499999422661);
#3115=CIRCLE('',#8776,0.500008729288);
#3116=CIRCLE('',#8777,0.500008729288);
#3117=CIRCLE('',#8778,0.499999729127);
#3118=CIRCLE('',#8779,0.499989885034);
#3119=CIRCLE('',#8780,0.499989884978);
#3120=CIRCLE('',#8781,0.500000669307);
#3121=CIRCLE('',#8782,0.500008729288);
#3122=CIRCLE('',#8783,0.500008729226);
#3123=CIRCLE('',#8784,0.499999755443);
#3124=CIRCLE('',#8785,0.49998122973);
#3125=CIRCLE('',#8786,0.499989884978);
#3126=CIRCLE('',#8787,0.85);
#3127=CIRCLE('',#8788,2.);
#3128=CIRCLE('',#8789,0.4);
#3129=CIRCLE('',#8790,0.85);
#3130=CIRCLE('',#8791,0.75);
#3131=CIRCLE('',#8792,0.75);
#3132=CIRCLE('',#8793,0.4);
#3133=CIRCLE('',#8794,0.75);
#3134=CIRCLE('',#8795,0.75);
#3135=CIRCLE('',#8796,0.4);
#3136=CIRCLE('',#8797,0.5);
#3137=CIRCLE('',#8798,0.5);
#3138=CIRCLE('',#8799,0.5);
#3139=CIRCLE('',#8800,0.5);
#3140=CIRCLE('',#8801,0.5);
#3141=CIRCLE('',#8802,0.5);
#3142=CIRCLE('',#8803,0.5);
#3143=CIRCLE('',#8804,0.5);
#3144=CIRCLE('',#8805,0.5);
#3145=CIRCLE('',#8806,0.5);
#3146=CIRCLE('',#8807,0.5);
#3147=CIRCLE('',#8808,0.75);
#3148=CIRCLE('',#8809,0.75);
#3149=CIRCLE('',#8810,0.4);
#3150=CIRCLE('',#8811,0.5);
#3151=CIRCLE('',#8812,0.75);
#3152=CIRCLE('',#8813,0.75);
#3153=CIRCLE('',#8814,0.4);
#3154=CIRCLE('',#8815,0.75);
#3155=CIRCLE('',#8816,0.75);
#3156=CIRCLE('',#8817,0.5);
#3157=CIRCLE('',#8818,0.5);
#3158=CIRCLE('',#8819,0.5);
#3159=CIRCLE('',#8820,0.5);
#3160=CIRCLE('',#8821,0.5);
#3161=CIRCLE('',#8822,0.5);
#3162=CIRCLE('',#8823,0.5);
#3163=CIRCLE('',#8824,0.5);
#3164=CIRCLE('',#8825,0.5);
#3165=CIRCLE('',#8826,0.5);
#3166=CIRCLE('',#8827,0.5);
#3167=CIRCLE('',#8828,0.75);
#3168=CIRCLE('',#8829,0.75);
#3169=CIRCLE('',#8831,0.499999422661);
#3170=CIRCLE('',#8832,0.499989884978);
#3171=CIRCLE('',#8833,0.499989885034);
#3172=CIRCLE('',#8834,0.499999448976);
#3173=CIRCLE('',#8835,0.500008729226);
#3174=CIRCLE('',#8836,0.500008729288);
#3175=CIRCLE('',#8837,0.500000669307);
#3176=CIRCLE('',#8838,0.499989885034);
#3177=CIRCLE('',#8839,0.499989885034);
#3178=CIRCLE('',#8840,0.499999729127);
#3179=CIRCLE('',#8841,0.500008729288);
#3180=CIRCLE('',#8842,0.500008729288);
#3181=CIRCLE('',#8843,0.85);
#3182=CIRCLE('',#8844,2.);
#3183=CIRCLE('',#8845,0.4);
#3184=CIRCLE('',#8846,0.85);
#3185=CIRCLE('',#8847,0.75);
#3186=CIRCLE('',#8848,0.75);
#3187=CIRCLE('',#8849,0.4);
#3188=CIRCLE('',#8850,0.499999422661);
#3189=CIRCLE('',#8851,0.499989884978);
#3190=CIRCLE('',#8852,0.499989885034);
#3191=CIRCLE('',#8853,0.499999448976);
#3192=CIRCLE('',#8854,0.500008729226);
#3193=CIRCLE('',#8855,0.500008729288);
#3194=CIRCLE('',#8856,0.500000669307);
#3195=CIRCLE('',#8857,0.499989884978);
#3196=CIRCLE('',#8858,0.499989885034);
#3197=CIRCLE('',#8859,0.499999729127);
#3198=CIRCLE('',#8860,0.500008729288);
#3199=CIRCLE('',#8861,0.500008729288);
#3200=CIRCLE('',#8862,0.85);
#3201=CIRCLE('',#8863,2.);
#3202=CIRCLE('',#8864,0.4);
#3203=CIRCLE('',#8865,0.85);
#3204=CIRCLE('',#8866,0.75);
#3205=CIRCLE('',#8867,0.75);
#3206=CIRCLE('',#8868,0.4);
#3207=CIRCLE('',#8869,0.499999422661);
#3208=CIRCLE('',#8870,0.499989884978);
#3209=CIRCLE('',#8871,0.499989885034);
#3210=CIRCLE('',#8872,0.499999448976);
#3211=CIRCLE('',#8873,0.500008729226);
#3212=CIRCLE('',#8874,0.500008729288);
#3213=CIRCLE('',#8875,0.500000669307);
#3214=CIRCLE('',#8876,0.499989884978);
#3215=CIRCLE('',#8877,0.499989885034);
#3216=CIRCLE('',#8878,0.499999729127);
#3217=CIRCLE('',#8879,0.500008729288);
#3218=CIRCLE('',#8880,0.500008729288);
#3219=CIRCLE('',#8881,0.85);
#3220=CIRCLE('',#8882,2.);
#3221=CIRCLE('',#8883,0.4);
#3222=CIRCLE('',#8884,0.85);
#3223=CIRCLE('',#8885,0.499999729127);
#3224=CIRCLE('',#8886,0.50002311711);
#3225=CIRCLE('',#8887,0.500008729288);
#3226=CIRCLE('',#8888,0.499999422661);
#3227=CIRCLE('',#8889,0.499989885034);
#3228=CIRCLE('',#8890,0.49998122973);
#3229=CIRCLE('',#8891,0.499999755443);
#3230=CIRCLE('',#8892,0.500008729226);
#3231=CIRCLE('',#8893,0.500040834725);
#3232=CIRCLE('',#8894,0.499999092786);
#3233=CIRCLE('',#8895,0.499989885034);
#3234=CIRCLE('',#8896,0.499989885034);
#3235=CIRCLE('',#8897,0.85);
#3236=CIRCLE('',#8898,2.);
#3237=CIRCLE('',#8899,0.4);
#3238=CIRCLE('',#8900,0.85);
#3239=CIRCLE('',#8901,0.499999422661);
#3240=CIRCLE('',#8902,0.499989884978);
#3241=CIRCLE('',#8903,0.499989885034);
#3242=CIRCLE('',#8904,0.499999448976);
#3243=CIRCLE('',#8905,0.500008729226);
#3244=CIRCLE('',#8906,0.500008729288);
#3245=CIRCLE('',#8907,0.500000669307);
#3246=CIRCLE('',#8908,0.499989885034);
#3247=CIRCLE('',#8909,0.499989885034);
#3248=CIRCLE('',#8910,0.499999729127);
#3249=CIRCLE('',#8911,0.500008729288);
#3250=CIRCLE('',#8912,0.500008729288);
#3251=CIRCLE('',#8913,0.85);
#3252=CIRCLE('',#8914,2.);
#3253=CIRCLE('',#8915,0.4);
#3254=CIRCLE('',#8916,0.85);
#3255=CIRCLE('',#8917,0.75);
#3256=CIRCLE('',#8918,0.75);
#3257=CIRCLE('',#8919,0.4);
#3258=CIRCLE('',#8920,0.499999729127);
#3259=CIRCLE('',#8921,0.500008729288);
#3260=CIRCLE('',#8922,0.500008729288);
#3261=CIRCLE('',#8923,0.499999422661);
#3262=CIRCLE('',#8924,0.499989885034);
#3263=CIRCLE('',#8925,0.49998122973);
#3264=CIRCLE('',#8926,0.499999755443);
#3265=CIRCLE('',#8927,0.500008729226);
#3266=CIRCLE('',#8928,0.500040834725);
#3267=CIRCLE('',#8929,0.499999092786);
#3268=CIRCLE('',#8930,0.499989885034);
#3269=CIRCLE('',#8931,0.499989885034);
#3270=CIRCLE('',#8932,0.85);
#3271=CIRCLE('',#8933,2.);
#3272=CIRCLE('',#8934,0.4);
#3273=CIRCLE('',#8935,0.85);
#3274=CIRCLE('',#8936,0.75);
#3275=CIRCLE('',#8937,0.75);
#3276=CIRCLE('',#8938,0.4);
#3277=CIRCLE('',#8939,0.499999422661);
#3278=CIRCLE('',#8940,0.499989884978);
#3279=CIRCLE('',#8941,0.499989885034);
#3280=CIRCLE('',#8942,0.499999448976);
#3281=CIRCLE('',#8943,0.500008729226);
#3282=CIRCLE('',#8944,0.500040834725);
#3283=CIRCLE('',#8945,0.499999092786);
#3284=CIRCLE('',#8946,0.499989884978);
#3285=CIRCLE('',#8947,0.499989885034);
#3286=CIRCLE('',#8948,0.499999729127);
#3287=CIRCLE('',#8949,0.500008729288);
#3288=CIRCLE('',#8950,0.500008729288);
#3289=CIRCLE('',#8951,0.85);
#3290=CIRCLE('',#8952,2.);
#3291=CIRCLE('',#8953,0.4);
#3292=CIRCLE('',#8954,0.85);
#3293=CIRCLE('',#8955,0.499999422661);
#3294=CIRCLE('',#8956,0.499989884978);
#3295=CIRCLE('',#8957,0.49998122973);
#3296=CIRCLE('',#8958,0.499999755443);
#3297=CIRCLE('',#8959,0.500008729226);
#3298=CIRCLE('',#8960,0.500008729288);
#3299=CIRCLE('',#8961,0.500000669307);
#3300=CIRCLE('',#8962,0.499989884978);
#3301=CIRCLE('',#8963,0.499989885034);
#3302=CIRCLE('',#8964,0.499999729127);
#3303=CIRCLE('',#8965,0.500008729288);
#3304=CIRCLE('',#8966,0.500008729288);
#3305=CIRCLE('',#8967,0.85);
#3306=CIRCLE('',#8968,2.);
#3307=CIRCLE('',#8969,0.4);
#3308=CIRCLE('',#8970,0.85);
#3309=CIRCLE('',#8971,0.75);
#3310=CIRCLE('',#8972,0.75);
#3311=CIRCLE('',#8973,0.4);
#3312=CIRCLE('',#8974,0.75);
#3313=CIRCLE('',#8975,0.75);
#3314=CIRCLE('',#8976,0.4);
#3315=CIRCLE('',#8977,0.5);
#3316=CIRCLE('',#8978,0.5);
#3317=CIRCLE('',#8979,0.5);
#3318=CIRCLE('',#8980,0.5);
#3319=CIRCLE('',#8981,0.5);
#3320=CIRCLE('',#8982,0.5);
#3321=CIRCLE('',#8983,0.5);
#3322=CIRCLE('',#8984,0.5);
#3323=CIRCLE('',#8985,0.5);
#3324=CIRCLE('',#8986,0.5);
#3325=CIRCLE('',#8987,0.5);
#3326=CIRCLE('',#8988,0.75);
#3327=CIRCLE('',#8989,0.75);
#3328=CIRCLE('',#8990,0.4);
#3329=CIRCLE('',#8991,0.5);
#3330=CIRCLE('',#8992,0.75);
#3331=CIRCLE('',#8993,0.75);
#3332=CIRCLE('',#8994,0.4);
#3333=CIRCLE('',#8995,0.75);
#3334=CIRCLE('',#8996,0.75);
#3335=CIRCLE('',#8997,0.5);
#3336=CIRCLE('',#8998,0.5);
#3337=CIRCLE('',#8999,0.5);
#3338=CIRCLE('',#9000,0.5);
#3339=CIRCLE('',#9001,0.5);
#3340=CIRCLE('',#9002,0.5);
#3341=CIRCLE('',#9003,0.5);
#3342=CIRCLE('',#9004,0.5);
#3343=CIRCLE('',#9005,0.5);
#3344=CIRCLE('',#9006,0.5);
#3345=CIRCLE('',#9007,0.5);
#3346=CIRCLE('',#9008,0.75);
#3347=CIRCLE('',#9009,0.75);
#3348=CIRCLE('',#9236,1.);
#3349=CIRCLE('',#9237,0.999999999999996);
#3350=CIRCLE('',#9239,0.999999999999996);
#3351=CIRCLE('',#9240,1.);
#3352=CIRCLE('',#9242,1.);
#3353=CIRCLE('',#9243,0.999999999999996);
#3354=CIRCLE('',#9245,1.);
#3355=CIRCLE('',#9247,1.);
#3356=CIRCLE('',#9250,1.);
#3357=CIRCLE('',#9252,2.34999999999999);
#3358=CIRCLE('',#9253,2.35);
#3359=CIRCLE('',#9254,2.34999999999999);
#3360=CIRCLE('',#9255,2.35);
#3361=CIRCLE('',#9257,0.999999999999996);
#3362=CIRCLE('',#9259,2.);
#3363=CIRCLE('',#9260,2.);
#3364=CIRCLE('',#9261,2.);
#3365=CIRCLE('',#9262,2.);
#3366=CIRCLE('',#9264,1.);
#3367=CIRCLE('',#9265,0.999999999999996);
#3368=CIRCLE('',#9267,1.);
#3369=CIRCLE('',#9270,0.999999999999996);
#3370=CIRCLE('',#9273,0.999999999999996);
#3371=CIRCLE('',#9275,1.);
#3372=CIRCLE('',#9277,2.5);
#3373=CIRCLE('',#9278,2.5);
#3374=CIRCLE('',#9281,2.5);
#3375=CIRCLE('',#9282,2.5);
#3376=CIRCLE('',#9285,2.5);
#3377=CIRCLE('',#9286,2.5);
#3378=CIRCLE('',#9289,2.5);
#3379=CIRCLE('',#9290,2.5);
#3380=CIRCLE('',#9294,2.);
#3381=CIRCLE('',#9297,2.);
#3382=CIRCLE('',#9300,2.);
#3383=CIRCLE('',#9303,2.);
#3384=CIRCLE('',#9307,2.35);
#3385=CIRCLE('',#9309,2.34999999999999);
#3386=CIRCLE('',#9311,2.35);
#3387=CIRCLE('',#9313,2.34999999999999);
#3388=CIRCLE('',#9319,1.);
#3389=CIRCLE('',#9320,0.999999999999996);
#3390=CIRCLE('',#9322,1.);
#3391=CIRCLE('',#9323,1.);
#3392=CIRCLE('',#9325,1.);
#3393=CIRCLE('',#9327,2.34999999999999);
#3394=CIRCLE('',#9328,2.35);
#3395=CIRCLE('',#9329,0.499999999999998);
#3396=CIRCLE('',#9330,0.499999999999989);
#3397=CIRCLE('',#9331,0.500000000000003);
#3398=CIRCLE('',#9332,0.500000000000007);
#3399=CIRCLE('',#9333,0.5);
#3400=CIRCLE('',#9334,0.500000000000007);
#3401=CIRCLE('',#9335,0.499999999999998);
#3402=CIRCLE('',#9336,0.499999999999989);
#3403=CIRCLE('',#9337,0.499999999999998);
#3404=CIRCLE('',#9338,0.499999999999998);
#3405=CIRCLE('',#9339,0.500000000000003);
#3406=CIRCLE('',#9340,0.499999999999989);
#3407=CIRCLE('',#9341,0.5);
#3408=CIRCLE('',#9342,0.499999999999989);
#3409=CIRCLE('',#9343,0.499999999999998);
#3410=CIRCLE('',#9344,0.500000000000007);
#3411=CIRCLE('',#9345,0.5);
#3412=CIRCLE('',#9346,0.499999999999998);
#3413=CIRCLE('',#9347,0.499999999999998);
#3414=CIRCLE('',#9348,0.499999999999989);
#3415=CIRCLE('',#9349,0.5);
#3416=CIRCLE('',#9350,0.500000000000007);
#3417=CIRCLE('',#9351,0.499999999999998);
#3418=CIRCLE('',#9352,0.500000000000007);
#3419=CIRCLE('',#9353,0.499999999999998);
#3420=CIRCLE('',#9354,0.500000000000007);
#3421=CIRCLE('',#9355,0.500000000000003);
#3422=CIRCLE('',#9356,0.499999999999989);
#3423=CIRCLE('',#9357,0.499999999999998);
#3424=CIRCLE('',#9358,0.500000000000007);
#3425=CIRCLE('',#9359,0.500000000000003);
#3426=CIRCLE('',#9360,0.500000000000007);
#3427=CIRCLE('',#9365,0.500000000000007);
#3428=CIRCLE('',#9366,0.500000000000003);
#3429=CIRCLE('',#9367,0.500000000000007);
#3430=CIRCLE('',#9368,0.499999999999998);
#3431=CIRCLE('',#9369,0.500000000000007);
#3432=CIRCLE('',#9370,0.500000000000003);
#3433=CIRCLE('',#9371,0.499999999999989);
#3434=CIRCLE('',#9372,0.499999999999998);
#3435=CIRCLE('',#9373,0.500000000000007);
#3436=CIRCLE('',#9374,0.499999999999998);
#3437=CIRCLE('',#9375,0.500000000000007);
#3438=CIRCLE('',#9376,0.5);
#3439=CIRCLE('',#9377,0.499999999999989);
#3440=CIRCLE('',#9378,0.500000000000003);
#3441=CIRCLE('',#9379,0.499999999999998);
#3442=CIRCLE('',#9380,0.499999999999998);
#3443=CIRCLE('',#9381,0.500000000000007);
#3444=CIRCLE('',#9382,0.499999999999998);
#3445=CIRCLE('',#9383,0.499999999999989);
#3446=CIRCLE('',#9384,0.5);
#3447=CIRCLE('',#9385,0.499999999999989);
#3448=CIRCLE('',#9386,0.499999999999998);
#3449=CIRCLE('',#9387,0.499999999999998);
#3450=CIRCLE('',#9388,0.5);
#3451=CIRCLE('',#9389,0.499999999999989);
#3452=CIRCLE('',#9390,0.499999999999998);
#3453=CIRCLE('',#9391,0.500000000000007);
#3454=CIRCLE('',#9392,0.5);
#3455=CIRCLE('',#9393,0.499999999999989);
#3456=CIRCLE('',#9394,0.500000000000003);
#3457=CIRCLE('',#9395,0.500000000000007);
#3458=CIRCLE('',#9396,0.499999999999998);
#3459=CIRCLE('',#9397,2.35);
#3460=CIRCLE('',#9398,2.34999999999999);
#3461=CIRCLE('',#9400,1.);
#3462=CIRCLE('',#9515,1.);
#3463=CIRCLE('',#9516,1.);
#3464=CIRCLE('',#9518,1.);
#3465=CIRCLE('',#9519,1.);
#3466=CIRCLE('',#9521,1.);
#3467=CIRCLE('',#9522,0.999999999999996);
#3468=CIRCLE('',#9524,1.);
#3469=CIRCLE('',#9526,1.);
#3470=CIRCLE('',#9528,1.);
#3471=CIRCLE('',#9530,2.35);
#3472=CIRCLE('',#9531,2.34999999999999);
#3473=CIRCLE('',#9533,1.00000000000001);
#3474=CIRCLE('',#9536,1.);
#3475=CIRCLE('',#9537,0.999999999999996);
#3476=CIRCLE('',#9539,1.);
#3477=CIRCLE('',#9541,0.999999999999996);
#3478=CIRCLE('',#9544,1.);
#3479=CIRCLE('',#9545,2.35);
#3480=CIRCLE('',#9546,2.34999999999999);
#3481=CIRCLE('',#9548,0.999999999999996);
#3482=VERTEX_POINT('',#12220);
#3483=VERTEX_POINT('',#12221);
#3484=VERTEX_POINT('',#12224);
#3485=VERTEX_POINT('',#12228);
#3486=VERTEX_POINT('',#12229);
#3487=VERTEX_POINT('',#12234);
#3488=VERTEX_POINT('',#12235);
#3489=VERTEX_POINT('',#12240);
#3490=VERTEX_POINT('',#12241);
#3491=VERTEX_POINT('',#12246);
#3492=VERTEX_POINT('',#12252);
#3493=VERTEX_POINT('',#12254);
#3494=VERTEX_POINT('',#12258);
#3495=VERTEX_POINT('',#12261);
#3496=VERTEX_POINT('',#12264);
#3497=VERTEX_POINT('',#12268);
#3498=VERTEX_POINT('',#12272);
#3499=VERTEX_POINT('',#12276);
#3500=VERTEX_POINT('',#12291);
#3501=VERTEX_POINT('',#12292);
#3502=VERTEX_POINT('',#12294);
#3503=VERTEX_POINT('',#12296);
#3504=VERTEX_POINT('',#12300);
#3505=VERTEX_POINT('',#12301);
#3506=VERTEX_POINT('',#12306);
#3507=VERTEX_POINT('',#12308);
#3508=VERTEX_POINT('',#12313);
#3509=VERTEX_POINT('',#12314);
#3510=VERTEX_POINT('',#12316);
#3511=VERTEX_POINT('',#12318);
#3512=VERTEX_POINT('',#12320);
#3513=VERTEX_POINT('',#12322);
#3514=VERTEX_POINT('',#12324);
#3515=VERTEX_POINT('',#12326);
#3516=VERTEX_POINT('',#12328);
#3517=VERTEX_POINT('',#12330);
#3518=VERTEX_POINT('',#12332);
#3519=VERTEX_POINT('',#12334);
#3520=VERTEX_POINT('',#12336);
#3521=VERTEX_POINT('',#12338);
#3522=VERTEX_POINT('',#12340);
#3523=VERTEX_POINT('',#12342);
#3524=VERTEX_POINT('',#12345);
#3525=VERTEX_POINT('',#12347);
#3526=VERTEX_POINT('',#12349);
#3527=VERTEX_POINT('',#12351);
#3528=VERTEX_POINT('',#12353);
#3529=VERTEX_POINT('',#12355);
#3530=VERTEX_POINT('',#12357);
#3531=VERTEX_POINT('',#12359);
#3532=VERTEX_POINT('',#12360);
#3533=VERTEX_POINT('',#12362);
#3534=VERTEX_POINT('',#12364);
#3535=VERTEX_POINT('',#12366);
#3536=VERTEX_POINT('',#12368);
#3537=VERTEX_POINT('',#12370);
#3538=VERTEX_POINT('',#12372);
#3539=VERTEX_POINT('',#12374);
#3540=VERTEX_POINT('',#12376);
#3541=VERTEX_POINT('',#12378);
#3542=VERTEX_POINT('',#12380);
#3543=VERTEX_POINT('',#12382);
#3544=VERTEX_POINT('',#12384);
#3545=VERTEX_POINT('',#12386);
#3546=VERTEX_POINT('',#12388);
#3547=VERTEX_POINT('',#12391);
#3548=VERTEX_POINT('',#12393);
#3549=VERTEX_POINT('',#12395);
#3550=VERTEX_POINT('',#12397);
#3551=VERTEX_POINT('',#12399);
#3552=VERTEX_POINT('',#12401);
#3553=VERTEX_POINT('',#12403);
#3554=VERTEX_POINT('',#12405);
#3555=VERTEX_POINT('',#12406);
#3556=VERTEX_POINT('',#12408);
#3557=VERTEX_POINT('',#12410);
#3558=VERTEX_POINT('',#12412);
#3559=VERTEX_POINT('',#12414);
#3560=VERTEX_POINT('',#12416);
#3561=VERTEX_POINT('',#12418);
#3562=VERTEX_POINT('',#12420);
#3563=VERTEX_POINT('',#12422);
#3564=VERTEX_POINT('',#12424);
#3565=VERTEX_POINT('',#12426);
#3566=VERTEX_POINT('',#12428);
#3567=VERTEX_POINT('',#12430);
#3568=VERTEX_POINT('',#12432);
#3569=VERTEX_POINT('',#12434);
#3570=VERTEX_POINT('',#12437);
#3571=VERTEX_POINT('',#12439);
#3572=VERTEX_POINT('',#12441);
#3573=VERTEX_POINT('',#12443);
#3574=VERTEX_POINT('',#12445);
#3575=VERTEX_POINT('',#12446);
#3576=VERTEX_POINT('',#12448);
#3577=VERTEX_POINT('',#12450);
#3578=VERTEX_POINT('',#12452);
#3579=VERTEX_POINT('',#12454);
#3580=VERTEX_POINT('',#12456);
#3581=VERTEX_POINT('',#12458);
#3582=VERTEX_POINT('',#12460);
#3583=VERTEX_POINT('',#12462);
#3584=VERTEX_POINT('',#12464);
#3585=VERTEX_POINT('',#12466);
#3586=VERTEX_POINT('',#12468);
#3587=VERTEX_POINT('',#12470);
#3588=VERTEX_POINT('',#12472);
#3589=VERTEX_POINT('',#12474);
#3590=VERTEX_POINT('',#12477);
#3591=VERTEX_POINT('',#12479);
#3592=VERTEX_POINT('',#12481);
#3593=VERTEX_POINT('',#12483);
#3594=VERTEX_POINT('',#12485);
#3595=VERTEX_POINT('',#12486);
#3596=VERTEX_POINT('',#12488);
#3597=VERTEX_POINT('',#12490);
#3598=VERTEX_POINT('',#12492);
#3599=VERTEX_POINT('',#12494);
#3600=VERTEX_POINT('',#12496);
#3601=VERTEX_POINT('',#12498);
#3602=VERTEX_POINT('',#12500);
#3603=VERTEX_POINT('',#12502);
#3604=VERTEX_POINT('',#12504);
#3605=VERTEX_POINT('',#12506);
#3606=VERTEX_POINT('',#12508);
#3607=VERTEX_POINT('',#12510);
#3608=VERTEX_POINT('',#12512);
#3609=VERTEX_POINT('',#12514);
#3610=VERTEX_POINT('',#12517);
#3611=VERTEX_POINT('',#12519);
#3612=VERTEX_POINT('',#12521);
#3613=VERTEX_POINT('',#12523);
#3614=VERTEX_POINT('',#12525);
#3615=VERTEX_POINT('',#12527);
#3616=VERTEX_POINT('',#12529);
#3617=VERTEX_POINT('',#12531);
#3618=VERTEX_POINT('',#12532);
#3619=VERTEX_POINT('',#12534);
#3620=VERTEX_POINT('',#12536);
#3621=VERTEX_POINT('',#12538);
#3622=VERTEX_POINT('',#12540);
#3623=VERTEX_POINT('',#12542);
#3624=VERTEX_POINT('',#12544);
#3625=VERTEX_POINT('',#12546);
#3626=VERTEX_POINT('',#12548);
#3627=VERTEX_POINT('',#12550);
#3628=VERTEX_POINT('',#12552);
#3629=VERTEX_POINT('',#12554);
#3630=VERTEX_POINT('',#12556);
#3631=VERTEX_POINT('',#12558);
#3632=VERTEX_POINT('',#12560);
#3633=VERTEX_POINT('',#12563);
#3634=VERTEX_POINT('',#12565);
#3635=VERTEX_POINT('',#12567);
#3636=VERTEX_POINT('',#12569);
#3637=VERTEX_POINT('',#12571);
#3638=VERTEX_POINT('',#12573);
#3639=VERTEX_POINT('',#12575);
#3640=VERTEX_POINT('',#12577);
#3641=VERTEX_POINT('',#12578);
#3642=VERTEX_POINT('',#12580);
#3643=VERTEX_POINT('',#12582);
#3644=VERTEX_POINT('',#12584);
#3645=VERTEX_POINT('',#12586);
#3646=VERTEX_POINT('',#12588);
#3647=VERTEX_POINT('',#12590);
#3648=VERTEX_POINT('',#12592);
#3649=VERTEX_POINT('',#12594);
#3650=VERTEX_POINT('',#12596);
#3651=VERTEX_POINT('',#12598);
#3652=VERTEX_POINT('',#12600);
#3653=VERTEX_POINT('',#12602);
#3654=VERTEX_POINT('',#12604);
#3655=VERTEX_POINT('',#12606);
#3656=VERTEX_POINT('',#12609);
#3657=VERTEX_POINT('',#12611);
#3658=VERTEX_POINT('',#12613);
#3659=VERTEX_POINT('',#12615);
#3660=VERTEX_POINT('',#12617);
#3661=VERTEX_POINT('',#12618);
#3662=VERTEX_POINT('',#12620);
#3663=VERTEX_POINT('',#12622);
#3664=VERTEX_POINT('',#12624);
#3665=VERTEX_POINT('',#12626);
#3666=VERTEX_POINT('',#12628);
#3667=VERTEX_POINT('',#12630);
#3668=VERTEX_POINT('',#12632);
#3669=VERTEX_POINT('',#12634);
#3670=VERTEX_POINT('',#12636);
#3671=VERTEX_POINT('',#12638);
#3672=VERTEX_POINT('',#12640);
#3673=VERTEX_POINT('',#12642);
#3674=VERTEX_POINT('',#12644);
#3675=VERTEX_POINT('',#12646);
#3676=VERTEX_POINT('',#12649);
#3677=VERTEX_POINT('',#12651);
#3678=VERTEX_POINT('',#12653);
#3679=VERTEX_POINT('',#12655);
#3680=VERTEX_POINT('',#12657);
#3681=VERTEX_POINT('',#12659);
#3682=VERTEX_POINT('',#12661);
#3683=VERTEX_POINT('',#12663);
#3684=VERTEX_POINT('',#12665);
#3685=VERTEX_POINT('',#12667);
#3686=VERTEX_POINT('',#12669);
#3687=VERTEX_POINT('',#12671);
#3688=VERTEX_POINT('',#12673);
#3689=VERTEX_POINT('',#12675);
#3690=VERTEX_POINT('',#12677);
#3691=VERTEX_POINT('',#12679);
#3692=VERTEX_POINT('',#12681);
#3693=VERTEX_POINT('',#12683);
#3694=VERTEX_POINT('',#12685);
#3695=VERTEX_POINT('',#12687);
#3696=VERTEX_POINT('',#12689);
#3697=VERTEX_POINT('',#12691);
#3698=VERTEX_POINT('',#12693);
#3699=VERTEX_POINT('',#12695);
#3700=VERTEX_POINT('',#12697);
#3701=VERTEX_POINT('',#12699);
#3702=VERTEX_POINT('',#12701);
#3703=VERTEX_POINT('',#12703);
#3704=VERTEX_POINT('',#12705);
#3705=VERTEX_POINT('',#12706);
#3706=VERTEX_POINT('',#12708);
#3707=VERTEX_POINT('',#12710);
#3708=VERTEX_POINT('',#12713);
#3709=VERTEX_POINT('',#12715);
#3710=VERTEX_POINT('',#12717);
#3711=VERTEX_POINT('',#12719);
#3712=VERTEX_POINT('',#12721);
#3713=VERTEX_POINT('',#12723);
#3714=VERTEX_POINT('',#12725);
#3715=VERTEX_POINT('',#12727);
#3716=VERTEX_POINT('',#12729);
#3717=VERTEX_POINT('',#12731);
#3718=VERTEX_POINT('',#12733);
#3719=VERTEX_POINT('',#12735);
#3720=VERTEX_POINT('',#12736);
#3721=VERTEX_POINT('',#12738);
#3722=VERTEX_POINT('',#12740);
#3723=VERTEX_POINT('',#12745);
#3724=VERTEX_POINT('',#12746);
#3725=VERTEX_POINT('',#12748);
#3726=VERTEX_POINT('',#12750);
#3727=VERTEX_POINT('',#12752);
#3728=VERTEX_POINT('',#12754);
#3729=VERTEX_POINT('',#12756);
#3730=VERTEX_POINT('',#12758);
#3731=VERTEX_POINT('',#12760);
#3732=VERTEX_POINT('',#12762);
#3733=VERTEX_POINT('',#12764);
#3734=VERTEX_POINT('',#12766);
#3735=VERTEX_POINT('',#12768);
#3736=VERTEX_POINT('',#12770);
#3737=VERTEX_POINT('',#12772);
#3738=VERTEX_POINT('',#12774);
#3739=VERTEX_POINT('',#12777);
#3740=VERTEX_POINT('',#12779);
#3741=VERTEX_POINT('',#12781);
#3742=VERTEX_POINT('',#12783);
#3743=VERTEX_POINT('',#12785);
#3744=VERTEX_POINT('',#12787);
#3745=VERTEX_POINT('',#12789);
#3746=VERTEX_POINT('',#12791);
#3747=VERTEX_POINT('',#12792);
#3748=VERTEX_POINT('',#12794);
#3749=VERTEX_POINT('',#12796);
#3750=VERTEX_POINT('',#12798);
#3751=VERTEX_POINT('',#12800);
#3752=VERTEX_POINT('',#12802);
#3753=VERTEX_POINT('',#12804);
#3754=VERTEX_POINT('',#12806);
#3755=VERTEX_POINT('',#12808);
#3756=VERTEX_POINT('',#12810);
#3757=VERTEX_POINT('',#12812);
#3758=VERTEX_POINT('',#12814);
#3759=VERTEX_POINT('',#12816);
#3760=VERTEX_POINT('',#12818);
#3761=VERTEX_POINT('',#12820);
#3762=VERTEX_POINT('',#12823);
#3763=VERTEX_POINT('',#12825);
#3764=VERTEX_POINT('',#12827);
#3765=VERTEX_POINT('',#12829);
#3766=VERTEX_POINT('',#12831);
#3767=VERTEX_POINT('',#12833);
#3768=VERTEX_POINT('',#12835);
#3769=VERTEX_POINT('',#12837);
#3770=VERTEX_POINT('',#12838);
#3771=VERTEX_POINT('',#12840);
#3772=VERTEX_POINT('',#12842);
#3773=VERTEX_POINT('',#12844);
#3774=VERTEX_POINT('',#12846);
#3775=VERTEX_POINT('',#12848);
#3776=VERTEX_POINT('',#12850);
#3777=VERTEX_POINT('',#12852);
#3778=VERTEX_POINT('',#12854);
#3779=VERTEX_POINT('',#12856);
#3780=VERTEX_POINT('',#12858);
#3781=VERTEX_POINT('',#12860);
#3782=VERTEX_POINT('',#12862);
#3783=VERTEX_POINT('',#12864);
#3784=VERTEX_POINT('',#12866);
#3785=VERTEX_POINT('',#12869);
#3786=VERTEX_POINT('',#12871);
#3787=VERTEX_POINT('',#12873);
#3788=VERTEX_POINT('',#12875);
#3789=VERTEX_POINT('',#12877);
#3790=VERTEX_POINT('',#12878);
#3791=VERTEX_POINT('',#12880);
#3792=VERTEX_POINT('',#12882);
#3793=VERTEX_POINT('',#12884);
#3794=VERTEX_POINT('',#12886);
#3795=VERTEX_POINT('',#12888);
#3796=VERTEX_POINT('',#12890);
#3797=VERTEX_POINT('',#12892);
#3798=VERTEX_POINT('',#12894);
#3799=VERTEX_POINT('',#12896);
#3800=VERTEX_POINT('',#12898);
#3801=VERTEX_POINT('',#12900);
#3802=VERTEX_POINT('',#12902);
#3803=VERTEX_POINT('',#12904);
#3804=VERTEX_POINT('',#12906);
#3805=VERTEX_POINT('',#12909);
#3806=VERTEX_POINT('',#12911);
#3807=VERTEX_POINT('',#12913);
#3808=VERTEX_POINT('',#12915);
#3809=VERTEX_POINT('',#12917);
#3810=VERTEX_POINT('',#12918);
#3811=VERTEX_POINT('',#12920);
#3812=VERTEX_POINT('',#12922);
#3813=VERTEX_POINT('',#12924);
#3814=VERTEX_POINT('',#12926);
#3815=VERTEX_POINT('',#12928);
#3816=VERTEX_POINT('',#12930);
#3817=VERTEX_POINT('',#12932);
#3818=VERTEX_POINT('',#12934);
#3819=VERTEX_POINT('',#12936);
#3820=VERTEX_POINT('',#12938);
#3821=VERTEX_POINT('',#12940);
#3822=VERTEX_POINT('',#12942);
#3823=VERTEX_POINT('',#12944);
#3824=VERTEX_POINT('',#12946);
#3825=VERTEX_POINT('',#12949);
#3826=VERTEX_POINT('',#12951);
#3827=VERTEX_POINT('',#12953);
#3828=VERTEX_POINT('',#12955);
#3829=VERTEX_POINT('',#12957);
#3830=VERTEX_POINT('',#12959);
#3831=VERTEX_POINT('',#12961);
#3832=VERTEX_POINT('',#12963);
#3833=VERTEX_POINT('',#12964);
#3834=VERTEX_POINT('',#12966);
#3835=VERTEX_POINT('',#12968);
#3836=VERTEX_POINT('',#12970);
#3837=VERTEX_POINT('',#12972);
#3838=VERTEX_POINT('',#12974);
#3839=VERTEX_POINT('',#12976);
#3840=VERTEX_POINT('',#12978);
#3841=VERTEX_POINT('',#12980);
#3842=VERTEX_POINT('',#12982);
#3843=VERTEX_POINT('',#12984);
#3844=VERTEX_POINT('',#12986);
#3845=VERTEX_POINT('',#12988);
#3846=VERTEX_POINT('',#12990);
#3847=VERTEX_POINT('',#12992);
#3848=VERTEX_POINT('',#12995);
#3849=VERTEX_POINT('',#12997);
#3850=VERTEX_POINT('',#12999);
#3851=VERTEX_POINT('',#13001);
#3852=VERTEX_POINT('',#13003);
#3853=VERTEX_POINT('',#13005);
#3854=VERTEX_POINT('',#13007);
#3855=VERTEX_POINT('',#13009);
#3856=VERTEX_POINT('',#13010);
#3857=VERTEX_POINT('',#13012);
#3858=VERTEX_POINT('',#13014);
#3859=VERTEX_POINT('',#13016);
#3860=VERTEX_POINT('',#13018);
#3861=VERTEX_POINT('',#13020);
#3862=VERTEX_POINT('',#13022);
#3863=VERTEX_POINT('',#13024);
#3864=VERTEX_POINT('',#13026);
#3865=VERTEX_POINT('',#13028);
#3866=VERTEX_POINT('',#13030);
#3867=VERTEX_POINT('',#13032);
#3868=VERTEX_POINT('',#13034);
#3869=VERTEX_POINT('',#13036);
#3870=VERTEX_POINT('',#13038);
#3871=VERTEX_POINT('',#13041);
#3872=VERTEX_POINT('',#13043);
#3873=VERTEX_POINT('',#13045);
#3874=VERTEX_POINT('',#13047);
#3875=VERTEX_POINT('',#13049);
#3876=VERTEX_POINT('',#13050);
#3877=VERTEX_POINT('',#13052);
#3878=VERTEX_POINT('',#13054);
#3879=VERTEX_POINT('',#13056);
#3880=VERTEX_POINT('',#13058);
#3881=VERTEX_POINT('',#13060);
#3882=VERTEX_POINT('',#13062);
#3883=VERTEX_POINT('',#13064);
#3884=VERTEX_POINT('',#13066);
#3885=VERTEX_POINT('',#13068);
#3886=VERTEX_POINT('',#13070);
#3887=VERTEX_POINT('',#13072);
#3888=VERTEX_POINT('',#13074);
#3889=VERTEX_POINT('',#13076);
#3890=VERTEX_POINT('',#13078);
#3891=VERTEX_POINT('',#13081);
#3892=VERTEX_POINT('',#13083);
#3893=VERTEX_POINT('',#13085);
#3894=VERTEX_POINT('',#13087);
#3895=VERTEX_POINT('',#13089);
#3896=VERTEX_POINT('',#13091);
#3897=VERTEX_POINT('',#13093);
#3898=VERTEX_POINT('',#13095);
#3899=VERTEX_POINT('',#13097);
#3900=VERTEX_POINT('',#13099);
#3901=VERTEX_POINT('',#13101);
#3902=VERTEX_POINT('',#13103);
#3903=VERTEX_POINT('',#13105);
#3904=VERTEX_POINT('',#13107);
#3905=VERTEX_POINT('',#13109);
#3906=VERTEX_POINT('',#13111);
#3907=VERTEX_POINT('',#13113);
#3908=VERTEX_POINT('',#13115);
#3909=VERTEX_POINT('',#13117);
#3910=VERTEX_POINT('',#13119);
#3911=VERTEX_POINT('',#13121);
#3912=VERTEX_POINT('',#13123);
#3913=VERTEX_POINT('',#13125);
#3914=VERTEX_POINT('',#13127);
#3915=VERTEX_POINT('',#13129);
#3916=VERTEX_POINT('',#13131);
#3917=VERTEX_POINT('',#13133);
#3918=VERTEX_POINT('',#13135);
#3919=VERTEX_POINT('',#13137);
#3920=VERTEX_POINT('',#13138);
#3921=VERTEX_POINT('',#13140);
#3922=VERTEX_POINT('',#13142);
#3923=VERTEX_POINT('',#13145);
#3924=VERTEX_POINT('',#13147);
#3925=VERTEX_POINT('',#13149);
#3926=VERTEX_POINT('',#13151);
#3927=VERTEX_POINT('',#13153);
#3928=VERTEX_POINT('',#13155);
#3929=VERTEX_POINT('',#13157);
#3930=VERTEX_POINT('',#13159);
#3931=VERTEX_POINT('',#13161);
#3932=VERTEX_POINT('',#13163);
#3933=VERTEX_POINT('',#13165);
#3934=VERTEX_POINT('',#13167);
#3935=VERTEX_POINT('',#13168);
#3936=VERTEX_POINT('',#13170);
#3937=VERTEX_POINT('',#13172);
#3938=VERTEX_POINT('',#13616);
#3939=VERTEX_POINT('',#13617);
#3940=VERTEX_POINT('',#13619);
#3941=VERTEX_POINT('',#13621);
#3942=VERTEX_POINT('',#13625);
#3943=VERTEX_POINT('',#13626);
#3944=VERTEX_POINT('',#13628);
#3945=VERTEX_POINT('',#13633);
#3946=VERTEX_POINT('',#13634);
#3947=VERTEX_POINT('',#13636);
#3948=VERTEX_POINT('',#13645);
#3949=VERTEX_POINT('',#13647);
#3950=VERTEX_POINT('',#13651);
#3951=VERTEX_POINT('',#13655);
#3952=VERTEX_POINT('',#13658);
#3953=VERTEX_POINT('',#13660);
#3954=VERTEX_POINT('',#13662);
#3955=VERTEX_POINT('',#13664);
#3956=VERTEX_POINT('',#13667);
#3957=VERTEX_POINT('',#13671);
#3958=VERTEX_POINT('',#13674);
#3959=VERTEX_POINT('',#13675);
#3960=VERTEX_POINT('',#13677);
#3961=VERTEX_POINT('',#13679);
#3962=VERTEX_POINT('',#13681);
#3963=VERTEX_POINT('',#13683);
#3964=VERTEX_POINT('',#13685);
#3965=VERTEX_POINT('',#13687);
#3966=VERTEX_POINT('',#13691);
#3967=VERTEX_POINT('',#13693);
#3968=VERTEX_POINT('',#13701);
#3969=VERTEX_POINT('',#13705);
#3970=VERTEX_POINT('',#13713);
#3971=VERTEX_POINT('',#13715);
#3972=VERTEX_POINT('',#13720);
#3973=VERTEX_POINT('',#13722);
#3974=VERTEX_POINT('',#13727);
#3975=VERTEX_POINT('',#13729);
#3976=VERTEX_POINT('',#13734);
#3977=VERTEX_POINT('',#13736);
#3978=VERTEX_POINT('',#13741);
#3979=VERTEX_POINT('',#13743);
#3980=VERTEX_POINT('',#13747);
#3981=VERTEX_POINT('',#13751);
#3982=VERTEX_POINT('',#13755);
#3983=VERTEX_POINT('',#13759);
#3984=VERTEX_POINT('',#13763);
#3985=VERTEX_POINT('',#13767);
#3986=VERTEX_POINT('',#13773);
#3987=VERTEX_POINT('',#13774);
#3988=VERTEX_POINT('',#13776);
#3989=VERTEX_POINT('',#13778);
#3990=VERTEX_POINT('',#13782);
#3991=VERTEX_POINT('',#13784);
#3992=VERTEX_POINT('',#13788);
#3993=VERTEX_POINT('',#13792);
#3994=VERTEX_POINT('',#13796);
#3995=VERTEX_POINT('',#13800);
#3996=VERTEX_POINT('',#13804);
#3997=VERTEX_POINT('',#13806);
#3998=VERTEX_POINT('',#13815);
#3999=VERTEX_POINT('',#13816);
#4000=VERTEX_POINT('',#13818);
#4001=VERTEX_POINT('',#13820);
#4002=VERTEX_POINT('',#13824);
#4003=VERTEX_POINT('',#13825);
#4004=VERTEX_POINT('',#13827);
#4005=VERTEX_POINT('',#13834);
#4006=VERTEX_POINT('',#13836);
#4007=VERTEX_POINT('',#13838);
#4008=VERTEX_POINT('',#13840);
#4009=VERTEX_POINT('',#13842);
#4010=VERTEX_POINT('',#13844);
#4011=VERTEX_POINT('',#13846);
#4012=VERTEX_POINT('',#13849);
#4013=VERTEX_POINT('',#13851);
#4014=VERTEX_POINT('',#13853);
#4015=VERTEX_POINT('',#13854);
#4016=VERTEX_POINT('',#13856);
#4017=VERTEX_POINT('',#13858);
#4018=VERTEX_POINT('',#13860);
#4019=VERTEX_POINT('',#13862);
#4020=VERTEX_POINT('',#13864);
#4021=VERTEX_POINT('',#13866);
#4022=VERTEX_POINT('',#13869);
#4023=VERTEX_POINT('',#13870);
#4024=VERTEX_POINT('',#13872);
#4025=VERTEX_POINT('',#13874);
#4026=VERTEX_POINT('',#13876);
#4027=VERTEX_POINT('',#13878);
#4028=VERTEX_POINT('',#13880);
#4029=VERTEX_POINT('',#13882);
#4030=VERTEX_POINT('',#13885);
#4031=VERTEX_POINT('',#13886);
#4032=VERTEX_POINT('',#13888);
#4033=VERTEX_POINT('',#13890);
#4034=VERTEX_POINT('',#13892);
#4035=VERTEX_POINT('',#13894);
#4036=VERTEX_POINT('',#13896);
#4037=VERTEX_POINT('',#13898);
#4038=VERTEX_POINT('',#13901);
#4039=VERTEX_POINT('',#13902);
#4040=VERTEX_POINT('',#13904);
#4041=VERTEX_POINT('',#13906);
#4042=VERTEX_POINT('',#13908);
#4043=VERTEX_POINT('',#13910);
#4044=VERTEX_POINT('',#13912);
#4045=VERTEX_POINT('',#13914);
#4046=VERTEX_POINT('',#13917);
#4047=VERTEX_POINT('',#13918);
#4048=VERTEX_POINT('',#13920);
#4049=VERTEX_POINT('',#13922);
#4050=VERTEX_POINT('',#13924);
#4051=VERTEX_POINT('',#13926);
#4052=VERTEX_POINT('',#13928);
#4053=VERTEX_POINT('',#13930);
#4054=VERTEX_POINT('',#13933);
#4055=VERTEX_POINT('',#13934);
#4056=VERTEX_POINT('',#13936);
#4057=VERTEX_POINT('',#13938);
#4058=VERTEX_POINT('',#13940);
#4059=VERTEX_POINT('',#13942);
#4060=VERTEX_POINT('',#13944);
#4061=VERTEX_POINT('',#13946);
#4062=VERTEX_POINT('',#13949);
#4063=VERTEX_POINT('',#13950);
#4064=VERTEX_POINT('',#13952);
#4065=VERTEX_POINT('',#13954);
#4066=VERTEX_POINT('',#13956);
#4067=VERTEX_POINT('',#13958);
#4068=VERTEX_POINT('',#13960);
#4069=VERTEX_POINT('',#13962);
#4070=VERTEX_POINT('',#13965);
#4071=VERTEX_POINT('',#13966);
#4072=VERTEX_POINT('',#13968);
#4073=VERTEX_POINT('',#13970);
#4074=VERTEX_POINT('',#13972);
#4075=VERTEX_POINT('',#13974);
#4076=VERTEX_POINT('',#13976);
#4077=VERTEX_POINT('',#13978);
#4078=VERTEX_POINT('',#13981);
#4079=VERTEX_POINT('',#13982);
#4080=VERTEX_POINT('',#13984);
#4081=VERTEX_POINT('',#13986);
#4082=VERTEX_POINT('',#13989);
#4083=VERTEX_POINT('',#13990);
#4084=VERTEX_POINT('',#13992);
#4085=VERTEX_POINT('',#13994);
#4086=VERTEX_POINT('',#13997);
#4087=VERTEX_POINT('',#13998);
#4088=VERTEX_POINT('',#14000);
#4089=VERTEX_POINT('',#14002);
#4090=VERTEX_POINT('',#14005);
#4091=VERTEX_POINT('',#14006);
#4092=VERTEX_POINT('',#14008);
#4093=VERTEX_POINT('',#14010);
#4094=VERTEX_POINT('',#14013);
#4095=VERTEX_POINT('',#14014);
#4096=VERTEX_POINT('',#14016);
#4097=VERTEX_POINT('',#14018);
#4098=VERTEX_POINT('',#14021);
#4099=VERTEX_POINT('',#14022);
#4100=VERTEX_POINT('',#14024);
#4101=VERTEX_POINT('',#14026);
#4102=VERTEX_POINT('',#14029);
#4103=VERTEX_POINT('',#14030);
#4104=VERTEX_POINT('',#14032);
#4105=VERTEX_POINT('',#14034);
#4106=VERTEX_POINT('',#14037);
#4107=VERTEX_POINT('',#14038);
#4108=VERTEX_POINT('',#14040);
#4109=VERTEX_POINT('',#14042);
#4110=VERTEX_POINT('',#14046);
#4111=VERTEX_POINT('',#14050);
#4112=VERTEX_POINT('',#14054);
#4113=VERTEX_POINT('',#14056);
#4114=VERTEX_POINT('',#14058);
#4115=VERTEX_POINT('',#14060);
#4116=VERTEX_POINT('',#14062);
#4117=VERTEX_POINT('',#14065);
#4118=VERTEX_POINT('',#14066);
#4119=VERTEX_POINT('',#14068);
#4120=VERTEX_POINT('',#14070);
#4121=VERTEX_POINT('',#14072);
#4122=VERTEX_POINT('',#14074);
#4123=VERTEX_POINT('',#14076);
#4124=VERTEX_POINT('',#14078);
#4125=VERTEX_POINT('',#14081);
#4126=VERTEX_POINT('',#14082);
#4127=VERTEX_POINT('',#14084);
#4128=VERTEX_POINT('',#14086);
#4129=VERTEX_POINT('',#14088);
#4130=VERTEX_POINT('',#14090);
#4131=VERTEX_POINT('',#14092);
#4132=VERTEX_POINT('',#14094);
#4133=VERTEX_POINT('',#14097);
#4134=VERTEX_POINT('',#14098);
#4135=VERTEX_POINT('',#14100);
#4136=VERTEX_POINT('',#14102);
#4137=VERTEX_POINT('',#14104);
#4138=VERTEX_POINT('',#14106);
#4139=VERTEX_POINT('',#14108);
#4140=VERTEX_POINT('',#14110);
#4141=VERTEX_POINT('',#14113);
#4142=VERTEX_POINT('',#14114);
#4143=VERTEX_POINT('',#14116);
#4144=VERTEX_POINT('',#14118);
#4145=VERTEX_POINT('',#14120);
#4146=VERTEX_POINT('',#14122);
#4147=VERTEX_POINT('',#14124);
#4148=VERTEX_POINT('',#14126);
#4149=VERTEX_POINT('',#14129);
#4150=VERTEX_POINT('',#14130);
#4151=VERTEX_POINT('',#14132);
#4152=VERTEX_POINT('',#14134);
#4153=VERTEX_POINT('',#14136);
#4154=VERTEX_POINT('',#14138);
#4155=VERTEX_POINT('',#14140);
#4156=VERTEX_POINT('',#14142);
#4157=VERTEX_POINT('',#14145);
#4158=VERTEX_POINT('',#14146);
#4159=VERTEX_POINT('',#14148);
#4160=VERTEX_POINT('',#14150);
#4161=VERTEX_POINT('',#14152);
#4162=VERTEX_POINT('',#14154);
#4163=VERTEX_POINT('',#14156);
#4164=VERTEX_POINT('',#14158);
#4165=VERTEX_POINT('',#14161);
#4166=VERTEX_POINT('',#14162);
#4167=VERTEX_POINT('',#14164);
#4168=VERTEX_POINT('',#14166);
#4169=VERTEX_POINT('',#14168);
#4170=VERTEX_POINT('',#14170);
#4171=VERTEX_POINT('',#14172);
#4172=VERTEX_POINT('',#14174);
#4173=VERTEX_POINT('',#14177);
#4174=VERTEX_POINT('',#14178);
#4175=VERTEX_POINT('',#14180);
#4176=VERTEX_POINT('',#14182);
#4177=VERTEX_POINT('',#14184);
#4178=VERTEX_POINT('',#14186);
#4179=VERTEX_POINT('',#14188);
#4180=VERTEX_POINT('',#14190);
#4181=VERTEX_POINT('',#14193);
#4182=VERTEX_POINT('',#14195);
#4183=VERTEX_POINT('',#14198);
#4184=VERTEX_POINT('',#14208);
#4185=VERTEX_POINT('',#14209);
#4186=VERTEX_POINT('',#14214);
#4187=VERTEX_POINT('',#14218);
#4188=VERTEX_POINT('',#14225);
#4189=VERTEX_POINT('',#14226);
#4190=VERTEX_POINT('',#14231);
#4191=VERTEX_POINT('',#14235);
#4192=VERTEX_POINT('',#14242);
#4193=VERTEX_POINT('',#14243);
#4194=VERTEX_POINT('',#14248);
#4195=VERTEX_POINT('',#14252);
#4196=VERTEX_POINT('',#14259);
#4197=VERTEX_POINT('',#14260);
#4198=VERTEX_POINT('',#14265);
#4199=VERTEX_POINT('',#14269);
#4200=VERTEX_POINT('',#14276);
#4201=VERTEX_POINT('',#14277);
#4202=VERTEX_POINT('',#14282);
#4203=VERTEX_POINT('',#14286);
#4204=VERTEX_POINT('',#14293);
#4205=VERTEX_POINT('',#14294);
#4206=VERTEX_POINT('',#14299);
#4207=VERTEX_POINT('',#14303);
#4208=VERTEX_POINT('',#14310);
#4209=VERTEX_POINT('',#14311);
#4210=VERTEX_POINT('',#14316);
#4211=VERTEX_POINT('',#14320);
#4212=VERTEX_POINT('',#14327);
#4213=VERTEX_POINT('',#14328);
#4214=VERTEX_POINT('',#14333);
#4215=VERTEX_POINT('',#14337);
#4216=VERTEX_POINT('',#14483);
#4217=VERTEX_POINT('',#14484);
#4218=VERTEX_POINT('',#14486);
#4219=VERTEX_POINT('',#14488);
#4220=VERTEX_POINT('',#14492);
#4221=VERTEX_POINT('',#14493);
#4222=VERTEX_POINT('',#14495);
#4223=VERTEX_POINT('',#14500);
#4224=VERTEX_POINT('',#14501);
#4225=VERTEX_POINT('',#14503);
#4226=VERTEX_POINT('',#14512);
#4227=VERTEX_POINT('',#14514);
#4228=VERTEX_POINT('',#14518);
#4229=VERTEX_POINT('',#14521);
#4230=VERTEX_POINT('',#14523);
#4231=VERTEX_POINT('',#14525);
#4232=VERTEX_POINT('',#14526);
#4233=VERTEX_POINT('',#14528);
#4234=VERTEX_POINT('',#14530);
#4235=VERTEX_POINT('',#14533);
#4236=VERTEX_POINT('',#14534);
#4237=VERTEX_POINT('',#14536);
#4238=VERTEX_POINT('',#14538);
#4239=VERTEX_POINT('',#14542);
#4240=VERTEX_POINT('',#14546);
#4241=VERTEX_POINT('',#14550);
#4242=VERTEX_POINT('',#14552);
#4243=VERTEX_POINT('',#14558);
#4244=VERTEX_POINT('',#14562);
#4245=VERTEX_POINT('',#14566);
#4246=VERTEX_POINT('',#14569);
#4247=VERTEX_POINT('',#14571);
#4248=VERTEX_POINT('',#14573);
#4249=VERTEX_POINT('',#14575);
#4250=VERTEX_POINT('',#14578);
#4251=VERTEX_POINT('',#14580);
#4252=VERTEX_POINT('',#14587);
#4253=VERTEX_POINT('',#14589);
#4254=VERTEX_POINT('',#14594);
#4255=VERTEX_POINT('',#14595);
#4256=VERTEX_POINT('',#14597);
#4257=VERTEX_POINT('',#14599);
#4258=VERTEX_POINT('',#14606);
#4259=VERTEX_POINT('',#14610);
#4260=VERTEX_POINT('',#14620);
#4261=VERTEX_POINT('',#14621);
#4262=VERTEX_POINT('',#14623);
#4263=VERTEX_POINT('',#14625);
#4264=VERTEX_POINT('',#14628);
#4265=VERTEX_POINT('',#14629);
#4266=VERTEX_POINT('',#14631);
#4267=VERTEX_POINT('',#14633);
#4268=EDGE_CURVE('',#3482,#3483,#2968,.T.);
#4269=EDGE_CURVE('',#3483,#3482,#2969,.T.);
#4270=EDGE_CURVE('',#3483,#3484,#1610,.T.);
#4271=EDGE_CURVE('',#3484,#3484,#2970,.T.);
#4272=EDGE_CURVE('',#3485,#3486,#2971,.T.);
#4273=EDGE_CURVE('',#3486,#3485,#2972,.T.);
#4274=EDGE_CURVE('',#3485,#3482,#2973,.T.);
#4275=EDGE_CURVE('',#3487,#3488,#2974,.T.);
#4276=EDGE_CURVE('',#3488,#3487,#2975,.T.);
#4277=EDGE_CURVE('',#3488,#3486,#1611,.T.);
#4278=EDGE_CURVE('',#3489,#3490,#2976,.T.);
#4279=EDGE_CURVE('',#3490,#3489,#2977,.T.);
#4280=EDGE_CURVE('',#3489,#3487,#2978,.T.);
#4281=EDGE_CURVE('',#3491,#3491,#2979,.T.);
#4282=EDGE_CURVE('',#3491,#3490,#1612,.T.);
#4283=EDGE_CURVE('',#3492,#3492,#2980,.T.);
#4284=EDGE_CURVE('',#3492,#3493,#1613,.T.);
#4285=EDGE_CURVE('',#3493,#3493,#2981,.T.);
#4286=EDGE_CURVE('',#3494,#3494,#2982,.T.);
#4287=EDGE_CURVE('',#3495,#3495,#2983,.T.);
#4288=EDGE_CURVE('',#3494,#3496,#1614,.T.);
#4289=EDGE_CURVE('',#3496,#3496,#2984,.T.);
#4290=EDGE_CURVE('',#3497,#3497,#2985,.T.);
#4291=EDGE_CURVE('',#3497,#3495,#1615,.T.);
#4292=EDGE_CURVE('',#3498,#3498,#2986,.T.);
#4293=EDGE_CURVE('',#3498,#3496,#2987,.T.);
#4294=EDGE_CURVE('',#3497,#3499,#2988,.T.);
#4295=EDGE_CURVE('',#3499,#3499,#2989,.T.);
#4296=EDGE_CURVE('',#3500,#3501,#1616,.T.);
#4297=EDGE_CURVE('',#3501,#3502,#1617,.T.);
#4298=EDGE_CURVE('',#3503,#3502,#1618,.T.);
#4299=EDGE_CURVE('',#3500,#3503,#1619,.T.);
#4300=EDGE_CURVE('',#3504,#3505,#1620,.T.);
#4301=EDGE_CURVE('',#3505,#3501,#1621,.T.);
#4302=EDGE_CURVE('',#3504,#3500,#1622,.T.);
#4303=EDGE_CURVE('',#3502,#3506,#1623,.T.);
#4304=EDGE_CURVE('',#3507,#3506,#1624,.T.);
#4305=EDGE_CURVE('',#3503,#3507,#1625,.T.);
#4306=EDGE_CURVE('',#3507,#3504,#1626,.T.);
#4307=EDGE_CURVE('',#3508,#3509,#2990,.T.);
#4308=EDGE_CURVE('',#3509,#3510,#2991,.T.);
#4309=EDGE_CURVE('',#3510,#3511,#1627,.T.);
#4310=EDGE_CURVE('',#3511,#3512,#2992,.T.);
#4311=EDGE_CURVE('',#3512,#3513,#2993,.T.);
#4312=EDGE_CURVE('',#3513,#3514,#2994,.T.);
#4313=EDGE_CURVE('',#3514,#3515,#1628,.T.);
#4314=EDGE_CURVE('',#3515,#3516,#2995,.T.);
#4315=EDGE_CURVE('',#3516,#3517,#2996,.T.);
#4316=EDGE_CURVE('',#3517,#3518,#2997,.T.);
#4317=EDGE_CURVE('',#3518,#3519,#1629,.T.);
#4318=EDGE_CURVE('',#3519,#3520,#2998,.T.);
#4319=EDGE_CURVE('',#3520,#3521,#2999,.T.);
#4320=EDGE_CURVE('',#3521,#3522,#3000,.T.);
#4321=EDGE_CURVE('',#3522,#3523,#1630,.T.);
#4322=EDGE_CURVE('',#3523,#3508,#3001,.T.);
#4323=EDGE_CURVE('',#3524,#3524,#3002,.T.);
#4324=EDGE_CURVE('',#3525,#3525,#3003,.T.);
#4325=EDGE_CURVE('',#3526,#3526,#3004,.T.);
#4326=EDGE_CURVE('',#3527,#3527,#3005,.T.);
#4327=EDGE_CURVE('',#3528,#3528,#3006,.T.);
#4328=EDGE_CURVE('',#3529,#3529,#3007,.T.);
#4329=EDGE_CURVE('',#3530,#3530,#3008,.T.);
#4330=EDGE_CURVE('',#3531,#3532,#3009,.T.);
#4331=EDGE_CURVE('',#3532,#3533,#3010,.T.);
#4332=EDGE_CURVE('',#3533,#3534,#1631,.T.);
#4333=EDGE_CURVE('',#3534,#3535,#3011,.T.);
#4334=EDGE_CURVE('',#3535,#3536,#3012,.T.);
#4335=EDGE_CURVE('',#3536,#3537,#3013,.T.);
#4336=EDGE_CURVE('',#3537,#3538,#1632,.T.);
#4337=EDGE_CURVE('',#3538,#3539,#3014,.T.);
#4338=EDGE_CURVE('',#3539,#3540,#3015,.T.);
#4339=EDGE_CURVE('',#3540,#3541,#3016,.T.);
#4340=EDGE_CURVE('',#3541,#3542,#1633,.T.);
#4341=EDGE_CURVE('',#3542,#3543,#3017,.T.);
#4342=EDGE_CURVE('',#3543,#3544,#3018,.T.);
#4343=EDGE_CURVE('',#3544,#3545,#3019,.T.);
#4344=EDGE_CURVE('',#3545,#3546,#1634,.T.);
#4345=EDGE_CURVE('',#3546,#3531,#3020,.T.);
#4346=EDGE_CURVE('',#3547,#3547,#3021,.T.);
#4347=EDGE_CURVE('',#3548,#3548,#3022,.T.);
#4348=EDGE_CURVE('',#3549,#3549,#3023,.T.);
#4349=EDGE_CURVE('',#3550,#3550,#3024,.T.);
#4350=EDGE_CURVE('',#3551,#3551,#3025,.T.);
#4351=EDGE_CURVE('',#3552,#3552,#3026,.T.);
#4352=EDGE_CURVE('',#3553,#3553,#3027,.T.);
#4353=EDGE_CURVE('',#3554,#3555,#3028,.T.);
#4354=EDGE_CURVE('',#3555,#3556,#3029,.T.);
#4355=EDGE_CURVE('',#3556,#3557,#1635,.T.);
#4356=EDGE_CURVE('',#3557,#3558,#3030,.T.);
#4357=EDGE_CURVE('',#3558,#3559,#3031,.T.);
#4358=EDGE_CURVE('',#3559,#3560,#3032,.T.);
#4359=EDGE_CURVE('',#3560,#3561,#1636,.T.);
#4360=EDGE_CURVE('',#3561,#3562,#3033,.T.);
#4361=EDGE_CURVE('',#3562,#3563,#3034,.T.);
#4362=EDGE_CURVE('',#3563,#3564,#3035,.T.);
#4363=EDGE_CURVE('',#3564,#3565,#1637,.T.);
#4364=EDGE_CURVE('',#3565,#3566,#3036,.T.);
#4365=EDGE_CURVE('',#3566,#3567,#3037,.T.);
#4366=EDGE_CURVE('',#3567,#3568,#3038,.T.);
#4367=EDGE_CURVE('',#3568,#3569,#1638,.T.);
#4368=EDGE_CURVE('',#3569,#3554,#3039,.T.);
#4369=EDGE_CURVE('',#3570,#3570,#3040,.T.);
#4370=EDGE_CURVE('',#3571,#3571,#3041,.T.);
#4371=EDGE_CURVE('',#3572,#3572,#3042,.T.);
#4372=EDGE_CURVE('',#3573,#3573,#3043,.T.);
#4373=EDGE_CURVE('',#3574,#3575,#3044,.T.);
#4374=EDGE_CURVE('',#3575,#3576,#3045,.T.);
#4375=EDGE_CURVE('',#3576,#3577,#1639,.T.);
#4376=EDGE_CURVE('',#3577,#3578,#3046,.T.);
#4377=EDGE_CURVE('',#3578,#3579,#3047,.T.);
#4378=EDGE_CURVE('',#3579,#3580,#3048,.T.);
#4379=EDGE_CURVE('',#3580,#3581,#1640,.T.);
#4380=EDGE_CURVE('',#3581,#3582,#3049,.T.);
#4381=EDGE_CURVE('',#3582,#3583,#3050,.T.);
#4382=EDGE_CURVE('',#3583,#3584,#3051,.T.);
#4383=EDGE_CURVE('',#3584,#3585,#1641,.T.);
#4384=EDGE_CURVE('',#3585,#3586,#3052,.T.);
#4385=EDGE_CURVE('',#3586,#3587,#3053,.T.);
#4386=EDGE_CURVE('',#3587,#3588,#3054,.T.);
#4387=EDGE_CURVE('',#3588,#3589,#1642,.T.);
#4388=EDGE_CURVE('',#3589,#3574,#3055,.T.);
#4389=EDGE_CURVE('',#3590,#3590,#3056,.T.);
#4390=EDGE_CURVE('',#3591,#3591,#3057,.T.);
#4391=EDGE_CURVE('',#3592,#3592,#3058,.T.);
#4392=EDGE_CURVE('',#3593,#3593,#3059,.T.);
#4393=EDGE_CURVE('',#3594,#3595,#3060,.T.);
#4394=EDGE_CURVE('',#3595,#3596,#3061,.T.);
#4395=EDGE_CURVE('',#3596,#3597,#1643,.T.);
#4396=EDGE_CURVE('',#3597,#3598,#3062,.T.);
#4397=EDGE_CURVE('',#3598,#3599,#3063,.T.);
#4398=EDGE_CURVE('',#3599,#3600,#3064,.T.);
#4399=EDGE_CURVE('',#3600,#3601,#1644,.T.);
#4400=EDGE_CURVE('',#3601,#3602,#3065,.T.);
#4401=EDGE_CURVE('',#3602,#3603,#3066,.T.);
#4402=EDGE_CURVE('',#3603,#3604,#3067,.T.);
#4403=EDGE_CURVE('',#3604,#3605,#1645,.T.);
#4404=EDGE_CURVE('',#3605,#3606,#3068,.T.);
#4405=EDGE_CURVE('',#3606,#3607,#3069,.T.);
#4406=EDGE_CURVE('',#3607,#3608,#3070,.T.);
#4407=EDGE_CURVE('',#3608,#3609,#1646,.T.);
#4408=EDGE_CURVE('',#3609,#3594,#3071,.T.);
#4409=EDGE_CURVE('',#3610,#3610,#3072,.T.);
#4410=EDGE_CURVE('',#3611,#3611,#3073,.T.);
#4411=EDGE_CURVE('',#3612,#3612,#3074,.T.);
#4412=EDGE_CURVE('',#3613,#3613,#3075,.T.);
#4413=EDGE_CURVE('',#3614,#3614,#3076,.T.);
#4414=EDGE_CURVE('',#3615,#3615,#3077,.T.);
#4415=EDGE_CURVE('',#3616,#3616,#3078,.T.);
#4416=EDGE_CURVE('',#3617,#3618,#3079,.T.);
#4417=EDGE_CURVE('',#3618,#3619,#3080,.T.);
#4418=EDGE_CURVE('',#3619,#3620,#1647,.T.);
#4419=EDGE_CURVE('',#3620,#3621,#3081,.T.);
#4420=EDGE_CURVE('',#3621,#3622,#3082,.T.);
#4421=EDGE_CURVE('',#3622,#3623,#3083,.T.);
#4422=EDGE_CURVE('',#3623,#3624,#1648,.T.);
#4423=EDGE_CURVE('',#3624,#3625,#3084,.T.);
#4424=EDGE_CURVE('',#3625,#3626,#3085,.T.);
#4425=EDGE_CURVE('',#3626,#3627,#3086,.T.);
#4426=EDGE_CURVE('',#3627,#3628,#1649,.T.);
#4427=EDGE_CURVE('',#3628,#3629,#3087,.T.);
#4428=EDGE_CURVE('',#3629,#3630,#3088,.T.);
#4429=EDGE_CURVE('',#3630,#3631,#3089,.T.);
#4430=EDGE_CURVE('',#3631,#3632,#1650,.T.);
#4431=EDGE_CURVE('',#3632,#3617,#3090,.T.);
#4432=EDGE_CURVE('',#3633,#3633,#3091,.T.);
#4433=EDGE_CURVE('',#3634,#3634,#3092,.T.);
#4434=EDGE_CURVE('',#3635,#3635,#3093,.T.);
#4435=EDGE_CURVE('',#3636,#3636,#3094,.T.);
#4436=EDGE_CURVE('',#3637,#3637,#3095,.T.);
#4437=EDGE_CURVE('',#3638,#3638,#3096,.T.);
#4438=EDGE_CURVE('',#3639,#3639,#3097,.T.);
#4439=EDGE_CURVE('',#3640,#3641,#3098,.T.);
#4440=EDGE_CURVE('',#3641,#3642,#3099,.T.);
#4441=EDGE_CURVE('',#3642,#3643,#1651,.T.);
#4442=EDGE_CURVE('',#3643,#3644,#3100,.T.);
#4443=EDGE_CURVE('',#3644,#3645,#3101,.T.);
#4444=EDGE_CURVE('',#3645,#3646,#3102,.T.);
#4445=EDGE_CURVE('',#3646,#3647,#1652,.T.);
#4446=EDGE_CURVE('',#3647,#3648,#3103,.T.);
#4447=EDGE_CURVE('',#3648,#3649,#3104,.T.);
#4448=EDGE_CURVE('',#3649,#3650,#3105,.T.);
#4449=EDGE_CURVE('',#3650,#3651,#1653,.T.);
#4450=EDGE_CURVE('',#3651,#3652,#3106,.T.);
#4451=EDGE_CURVE('',#3652,#3653,#3107,.T.);
#4452=EDGE_CURVE('',#3653,#3654,#3108,.T.);
#4453=EDGE_CURVE('',#3654,#3655,#1654,.T.);
#4454=EDGE_CURVE('',#3655,#3640,#3109,.T.);
#4455=EDGE_CURVE('',#3656,#3656,#3110,.T.);
#4456=EDGE_CURVE('',#3657,#3657,#3111,.T.);
#4457=EDGE_CURVE('',#3658,#3658,#3112,.T.);
#4458=EDGE_CURVE('',#3659,#3659,#3113,.T.);
#4459=EDGE_CURVE('',#3660,#3661,#3114,.T.);
#4460=EDGE_CURVE('',#3661,#3662,#3115,.T.);
#4461=EDGE_CURVE('',#3662,#3663,#1655,.T.);
#4462=EDGE_CURVE('',#3663,#3664,#3116,.T.);
#4463=EDGE_CURVE('',#3664,#3665,#3117,.T.);
#4464=EDGE_CURVE('',#3665,#3666,#3118,.T.);
#4465=EDGE_CURVE('',#3666,#3667,#1656,.T.);
#4466=EDGE_CURVE('',#3667,#3668,#3119,.T.);
#4467=EDGE_CURVE('',#3668,#3669,#3120,.T.);
#4468=EDGE_CURVE('',#3669,#3670,#3121,.T.);
#4469=EDGE_CURVE('',#3670,#3671,#1657,.T.);
#4470=EDGE_CURVE('',#3671,#3672,#3122,.T.);
#4471=EDGE_CURVE('',#3672,#3673,#3123,.T.);
#4472=EDGE_CURVE('',#3673,#3674,#3124,.T.);
#4473=EDGE_CURVE('',#3674,#3675,#1658,.T.);
#4474=EDGE_CURVE('',#3675,#3660,#3125,.T.);
#4475=EDGE_CURVE('',#3676,#3676,#3126,.T.);
#4476=EDGE_CURVE('',#3677,#3677,#3127,.T.);
#4477=EDGE_CURVE('',#3678,#3678,#3128,.T.);
#4478=EDGE_CURVE('',#3679,#3679,#3129,.T.);
#4479=EDGE_CURVE('',#3680,#3680,#3130,.T.);
#4480=EDGE_CURVE('',#3681,#3681,#3131,.T.);
#4481=EDGE_CURVE('',#3682,#3682,#3132,.T.);
#4482=EDGE_CURVE('',#3683,#3683,#3133,.T.);
#4483=EDGE_CURVE('',#3684,#3684,#3134,.T.);
#4484=EDGE_CURVE('',#3685,#3685,#3135,.T.);
#4485=EDGE_CURVE('',#3686,#3686,#3136,.T.);
#4486=EDGE_CURVE('',#3687,#3687,#3137,.T.);
#4487=EDGE_CURVE('',#3688,#3688,#3138,.T.);
#4488=EDGE_CURVE('',#3689,#3689,#3139,.T.);
#4489=EDGE_CURVE('',#3690,#3690,#3140,.T.);
#4490=EDGE_CURVE('',#3691,#3691,#3141,.T.);
#4491=EDGE_CURVE('',#3692,#3692,#3142,.T.);
#4492=EDGE_CURVE('',#3693,#3693,#3143,.T.);
#4493=EDGE_CURVE('',#3694,#3694,#3144,.T.);
#4494=EDGE_CURVE('',#3695,#3695,#3145,.T.);
#4495=EDGE_CURVE('',#3696,#3696,#3146,.T.);
#4496=EDGE_CURVE('',#3697,#3697,#3147,.T.);
#4497=EDGE_CURVE('',#3698,#3698,#3148,.T.);
#4498=EDGE_CURVE('',#3699,#3699,#3149,.T.);
#4499=EDGE_CURVE('',#3700,#3700,#3150,.T.);
#4500=EDGE_CURVE('',#3701,#3701,#3151,.T.);
#4501=EDGE_CURVE('',#3702,#3702,#3152,.T.);
#4502=EDGE_CURVE('',#3703,#3703,#3153,.T.);
#4503=EDGE_CURVE('',#3704,#3705,#3154,.T.);
#4504=EDGE_CURVE('',#3706,#3704,#1659,.T.);
#4505=EDGE_CURVE('',#3707,#3706,#3155,.T.);
#4506=EDGE_CURVE('',#3705,#3707,#1660,.T.);
#4507=EDGE_CURVE('',#3708,#3708,#3156,.T.);
#4508=EDGE_CURVE('',#3709,#3709,#3157,.T.);
#4509=EDGE_CURVE('',#3710,#3710,#3158,.T.);
#4510=EDGE_CURVE('',#3711,#3711,#3159,.T.);
#4511=EDGE_CURVE('',#3712,#3712,#3160,.T.);
#4512=EDGE_CURVE('',#3713,#3713,#3161,.T.);
#4513=EDGE_CURVE('',#3714,#3714,#3162,.T.);
#4514=EDGE_CURVE('',#3715,#3715,#3163,.T.);
#4515=EDGE_CURVE('',#3716,#3716,#3164,.T.);
#4516=EDGE_CURVE('',#3717,#3717,#3165,.T.);
#4517=EDGE_CURVE('',#3718,#3718,#3166,.T.);
#4518=EDGE_CURVE('',#3719,#3720,#3167,.T.);
#4519=EDGE_CURVE('',#3721,#3719,#1661,.T.);
#4520=EDGE_CURVE('',#3722,#3721,#3168,.T.);
#4521=EDGE_CURVE('',#3720,#3722,#1662,.T.);
#4522=EDGE_CURVE('',#3506,#3505,#1663,.T.);
#4523=EDGE_CURVE('',#3723,#3724,#3169,.T.);
#4524=EDGE_CURVE('',#3725,#3723,#3170,.T.);
#4525=EDGE_CURVE('',#3726,#3725,#1664,.T.);
#4526=EDGE_CURVE('',#3727,#3726,#3171,.T.);
#4527=EDGE_CURVE('',#3728,#3727,#3172,.T.);
#4528=EDGE_CURVE('',#3729,#3728,#3173,.T.);
#4529=EDGE_CURVE('',#3730,#3729,#1665,.T.);
#4530=EDGE_CURVE('',#3731,#3730,#3174,.T.);
#4531=EDGE_CURVE('',#3732,#3731,#3175,.T.);
#4532=EDGE_CURVE('',#3733,#3732,#3176,.T.);
#4533=EDGE_CURVE('',#3734,#3733,#1666,.T.);
#4534=EDGE_CURVE('',#3735,#3734,#3177,.T.);
#4535=EDGE_CURVE('',#3736,#3735,#3178,.T.);
#4536=EDGE_CURVE('',#3737,#3736,#3179,.T.);
#4537=EDGE_CURVE('',#3738,#3737,#1667,.T.);
#4538=EDGE_CURVE('',#3724,#3738,#3180,.T.);
#4539=EDGE_CURVE('',#3739,#3739,#3181,.T.);
#4540=EDGE_CURVE('',#3740,#3740,#3182,.T.);
#4541=EDGE_CURVE('',#3741,#3741,#3183,.T.);
#4542=EDGE_CURVE('',#3742,#3742,#3184,.T.);
#4543=EDGE_CURVE('',#3743,#3743,#3185,.T.);
#4544=EDGE_CURVE('',#3744,#3744,#3186,.T.);
#4545=EDGE_CURVE('',#3745,#3745,#3187,.T.);
#4546=EDGE_CURVE('',#3746,#3747,#3188,.T.);
#4547=EDGE_CURVE('',#3748,#3746,#3189,.T.);
#4548=EDGE_CURVE('',#3749,#3748,#1668,.T.);
#4549=EDGE_CURVE('',#3750,#3749,#3190,.T.);
#4550=EDGE_CURVE('',#3751,#3750,#3191,.T.);
#4551=EDGE_CURVE('',#3752,#3751,#3192,.T.);
#4552=EDGE_CURVE('',#3753,#3752,#1669,.T.);
#4553=EDGE_CURVE('',#3754,#3753,#3193,.T.);
#4554=EDGE_CURVE('',#3755,#3754,#3194,.T.);
#4555=EDGE_CURVE('',#3756,#3755,#3195,.T.);
#4556=EDGE_CURVE('',#3757,#3756,#1670,.T.);
#4557=EDGE_CURVE('',#3758,#3757,#3196,.T.);
#4558=EDGE_CURVE('',#3759,#3758,#3197,.T.);
#4559=EDGE_CURVE('',#3760,#3759,#3198,.T.);
#4560=EDGE_CURVE('',#3761,#3760,#1671,.T.);
#4561=EDGE_CURVE('',#3747,#3761,#3199,.T.);
#4562=EDGE_CURVE('',#3762,#3762,#3200,.T.);
#4563=EDGE_CURVE('',#3763,#3763,#3201,.T.);
#4564=EDGE_CURVE('',#3764,#3764,#3202,.T.);
#4565=EDGE_CURVE('',#3765,#3765,#3203,.T.);
#4566=EDGE_CURVE('',#3766,#3766,#3204,.T.);
#4567=EDGE_CURVE('',#3767,#3767,#3205,.T.);
#4568=EDGE_CURVE('',#3768,#3768,#3206,.T.);
#4569=EDGE_CURVE('',#3769,#3770,#3207,.T.);
#4570=EDGE_CURVE('',#3771,#3769,#3208,.T.);
#4571=EDGE_CURVE('',#3772,#3771,#1672,.T.);
#4572=EDGE_CURVE('',#3773,#3772,#3209,.T.);
#4573=EDGE_CURVE('',#3774,#3773,#3210,.T.);
#4574=EDGE_CURVE('',#3775,#3774,#3211,.T.);
#4575=EDGE_CURVE('',#3776,#3775,#1673,.T.);
#4576=EDGE_CURVE('',#3777,#3776,#3212,.T.);
#4577=EDGE_CURVE('',#3778,#3777,#3213,.T.);
#4578=EDGE_CURVE('',#3779,#3778,#3214,.T.);
#4579=EDGE_CURVE('',#3780,#3779,#1674,.T.);
#4580=EDGE_CURVE('',#3781,#3780,#3215,.T.);
#4581=EDGE_CURVE('',#3782,#3781,#3216,.T.);
#4582=EDGE_CURVE('',#3783,#3782,#3217,.T.);
#4583=EDGE_CURVE('',#3784,#3783,#1675,.T.);
#4584=EDGE_CURVE('',#3770,#3784,#3218,.T.);
#4585=EDGE_CURVE('',#3785,#3785,#3219,.T.);
#4586=EDGE_CURVE('',#3786,#3786,#3220,.T.);
#4587=EDGE_CURVE('',#3787,#3787,#3221,.T.);
#4588=EDGE_CURVE('',#3788,#3788,#3222,.T.);
#4589=EDGE_CURVE('',#3789,#3790,#3223,.T.);
#4590=EDGE_CURVE('',#3791,#3789,#3224,.T.);
#4591=EDGE_CURVE('',#3792,#3791,#1676,.T.);
#4592=EDGE_CURVE('',#3793,#3792,#3225,.T.);
#4593=EDGE_CURVE('',#3794,#3793,#3226,.T.);
#4594=EDGE_CURVE('',#3795,#3794,#3227,.T.);
#4595=EDGE_CURVE('',#3796,#3795,#1677,.T.);
#4596=EDGE_CURVE('',#3797,#3796,#3228,.T.);
#4597=EDGE_CURVE('',#3798,#3797,#3229,.T.);
#4598=EDGE_CURVE('',#3799,#3798,#3230,.T.);
#4599=EDGE_CURVE('',#3800,#3799,#1678,.T.);
#4600=EDGE_CURVE('',#3801,#3800,#3231,.T.);
#4601=EDGE_CURVE('',#3802,#3801,#3232,.T.);
#4602=EDGE_CURVE('',#3803,#3802,#3233,.T.);
#4603=EDGE_CURVE('',#3804,#3803,#1679,.T.);
#4604=EDGE_CURVE('',#3790,#3804,#3234,.T.);
#4605=EDGE_CURVE('',#3805,#3805,#3235,.T.);
#4606=EDGE_CURVE('',#3806,#3806,#3236,.T.);
#4607=EDGE_CURVE('',#3807,#3807,#3237,.T.);
#4608=EDGE_CURVE('',#3808,#3808,#3238,.T.);
#4609=EDGE_CURVE('',#3809,#3810,#3239,.T.);
#4610=EDGE_CURVE('',#3811,#3809,#3240,.T.);
#4611=EDGE_CURVE('',#3812,#3811,#1680,.T.);
#4612=EDGE_CURVE('',#3813,#3812,#3241,.T.);
#4613=EDGE_CURVE('',#3814,#3813,#3242,.T.);
#4614=EDGE_CURVE('',#3815,#3814,#3243,.T.);
#4615=EDGE_CURVE('',#3816,#3815,#1681,.T.);
#4616=EDGE_CURVE('',#3817,#3816,#3244,.T.);
#4617=EDGE_CURVE('',#3818,#3817,#3245,.T.);
#4618=EDGE_CURVE('',#3819,#3818,#3246,.T.);
#4619=EDGE_CURVE('',#3820,#3819,#1682,.T.);
#4620=EDGE_CURVE('',#3821,#3820,#3247,.T.);
#4621=EDGE_CURVE('',#3822,#3821,#3248,.T.);
#4622=EDGE_CURVE('',#3823,#3822,#3249,.T.);
#4623=EDGE_CURVE('',#3824,#3823,#1683,.T.);
#4624=EDGE_CURVE('',#3810,#3824,#3250,.T.);
#4625=EDGE_CURVE('',#3825,#3825,#3251,.T.);
#4626=EDGE_CURVE('',#3826,#3826,#3252,.T.);
#4627=EDGE_CURVE('',#3827,#3827,#3253,.T.);
#4628=EDGE_CURVE('',#3828,#3828,#3254,.T.);
#4629=EDGE_CURVE('',#3829,#3829,#3255,.T.);
#4630=EDGE_CURVE('',#3830,#3830,#3256,.T.);
#4631=EDGE_CURVE('',#3831,#3831,#3257,.T.);
#4632=EDGE_CURVE('',#3832,#3833,#3258,.T.);
#4633=EDGE_CURVE('',#3834,#3832,#3259,.T.);
#4634=EDGE_CURVE('',#3835,#3834,#1684,.T.);
#4635=EDGE_CURVE('',#3836,#3835,#3260,.T.);
#4636=EDGE_CURVE('',#3837,#3836,#3261,.T.);
#4637=EDGE_CURVE('',#3838,#3837,#3262,.T.);
#4638=EDGE_CURVE('',#3839,#3838,#1685,.T.);
#4639=EDGE_CURVE('',#3840,#3839,#3263,.T.);
#4640=EDGE_CURVE('',#3841,#3840,#3264,.T.);
#4641=EDGE_CURVE('',#3842,#3841,#3265,.T.);
#4642=EDGE_CURVE('',#3843,#3842,#1686,.T.);
#4643=EDGE_CURVE('',#3844,#3843,#3266,.T.);
#4644=EDGE_CURVE('',#3845,#3844,#3267,.T.);
#4645=EDGE_CURVE('',#3846,#3845,#3268,.T.);
#4646=EDGE_CURVE('',#3847,#3846,#1687,.T.);
#4647=EDGE_CURVE('',#3833,#3847,#3269,.T.);
#4648=EDGE_CURVE('',#3848,#3848,#3270,.T.);
#4649=EDGE_CURVE('',#3849,#3849,#3271,.T.);
#4650=EDGE_CURVE('',#3850,#3850,#3272,.T.);
#4651=EDGE_CURVE('',#3851,#3851,#3273,.T.);
#4652=EDGE_CURVE('',#3852,#3852,#3274,.T.);
#4653=EDGE_CURVE('',#3853,#3853,#3275,.T.);
#4654=EDGE_CURVE('',#3854,#3854,#3276,.T.);
#4655=EDGE_CURVE('',#3855,#3856,#3277,.T.);
#4656=EDGE_CURVE('',#3857,#3855,#3278,.T.);
#4657=EDGE_CURVE('',#3858,#3857,#1688,.T.);
#4658=EDGE_CURVE('',#3859,#3858,#3279,.T.);
#4659=EDGE_CURVE('',#3860,#3859,#3280,.T.);
#4660=EDGE_CURVE('',#3861,#3860,#3281,.T.);
#4661=EDGE_CURVE('',#3862,#3861,#1689,.T.);
#4662=EDGE_CURVE('',#3863,#3862,#3282,.T.);
#4663=EDGE_CURVE('',#3864,#3863,#3283,.T.);
#4664=EDGE_CURVE('',#3865,#3864,#3284,.T.);
#4665=EDGE_CURVE('',#3866,#3865,#1690,.T.);
#4666=EDGE_CURVE('',#3867,#3866,#3285,.T.);
#4667=EDGE_CURVE('',#3868,#3867,#3286,.T.);
#4668=EDGE_CURVE('',#3869,#3868,#3287,.T.);
#4669=EDGE_CURVE('',#3870,#3869,#1691,.T.);
#4670=EDGE_CURVE('',#3856,#3870,#3288,.T.);
#4671=EDGE_CURVE('',#3871,#3871,#3289,.T.);
#4672=EDGE_CURVE('',#3872,#3872,#3290,.T.);
#4673=EDGE_CURVE('',#3873,#3873,#3291,.T.);
#4674=EDGE_CURVE('',#3874,#3874,#3292,.T.);
#4675=EDGE_CURVE('',#3875,#3876,#3293,.T.);
#4676=EDGE_CURVE('',#3877,#3875,#3294,.T.);
#4677=EDGE_CURVE('',#3878,#3877,#1692,.T.);
#4678=EDGE_CURVE('',#3879,#3878,#3295,.T.);
#4679=EDGE_CURVE('',#3880,#3879,#3296,.T.);
#4680=EDGE_CURVE('',#3881,#3880,#3297,.T.);
#4681=EDGE_CURVE('',#3882,#3881,#1693,.T.);
#4682=EDGE_CURVE('',#3883,#3882,#3298,.T.);
#4683=EDGE_CURVE('',#3884,#3883,#3299,.T.);
#4684=EDGE_CURVE('',#3885,#3884,#3300,.T.);
#4685=EDGE_CURVE('',#3886,#3885,#1694,.T.);
#4686=EDGE_CURVE('',#3887,#3886,#3301,.T.);
#4687=EDGE_CURVE('',#3888,#3887,#3302,.T.);
#4688=EDGE_CURVE('',#3889,#3888,#3303,.T.);
#4689=EDGE_CURVE('',#3890,#3889,#1695,.T.);
#4690=EDGE_CURVE('',#3876,#3890,#3304,.T.);
#4691=EDGE_CURVE('',#3891,#3891,#3305,.T.);
#4692=EDGE_CURVE('',#3892,#3892,#3306,.T.);
#4693=EDGE_CURVE('',#3893,#3893,#3307,.T.);
#4694=EDGE_CURVE('',#3894,#3894,#3308,.T.);
#4695=EDGE_CURVE('',#3895,#3895,#3309,.T.);
#4696=EDGE_CURVE('',#3896,#3896,#3310,.T.);
#4697=EDGE_CURVE('',#3897,#3897,#3311,.T.);
#4698=EDGE_CURVE('',#3898,#3898,#3312,.T.);
#4699=EDGE_CURVE('',#3899,#3899,#3313,.T.);
#4700=EDGE_CURVE('',#3900,#3900,#3314,.T.);
#4701=EDGE_CURVE('',#3901,#3901,#3315,.T.);
#4702=EDGE_CURVE('',#3902,#3902,#3316,.T.);
#4703=EDGE_CURVE('',#3903,#3903,#3317,.T.);
#4704=EDGE_CURVE('',#3904,#3904,#3318,.T.);
#4705=EDGE_CURVE('',#3905,#3905,#3319,.T.);
#4706=EDGE_CURVE('',#3906,#3906,#3320,.T.);
#4707=EDGE_CURVE('',#3907,#3907,#3321,.T.);
#4708=EDGE_CURVE('',#3908,#3908,#3322,.T.);
#4709=EDGE_CURVE('',#3909,#3909,#3323,.T.);
#4710=EDGE_CURVE('',#3910,#3910,#3324,.T.);
#4711=EDGE_CURVE('',#3911,#3911,#3325,.T.);
#4712=EDGE_CURVE('',#3912,#3912,#3326,.T.);
#4713=EDGE_CURVE('',#3913,#3913,#3327,.T.);
#4714=EDGE_CURVE('',#3914,#3914,#3328,.T.);
#4715=EDGE_CURVE('',#3915,#3915,#3329,.T.);
#4716=EDGE_CURVE('',#3916,#3916,#3330,.T.);
#4717=EDGE_CURVE('',#3917,#3917,#3331,.T.);
#4718=EDGE_CURVE('',#3918,#3918,#3332,.T.);
#4719=EDGE_CURVE('',#3919,#3920,#3333,.T.);
#4720=EDGE_CURVE('',#3920,#3921,#1696,.T.);
#4721=EDGE_CURVE('',#3921,#3922,#3334,.T.);
#4722=EDGE_CURVE('',#3922,#3919,#1697,.T.);
#4723=EDGE_CURVE('',#3923,#3923,#3335,.T.);
#4724=EDGE_CURVE('',#3924,#3924,#3336,.T.);
#4725=EDGE_CURVE('',#3925,#3925,#3337,.T.);
#4726=EDGE_CURVE('',#3926,#3926,#3338,.T.);
#4727=EDGE_CURVE('',#3927,#3927,#3339,.T.);
#4728=EDGE_CURVE('',#3928,#3928,#3340,.T.);
#4729=EDGE_CURVE('',#3929,#3929,#3341,.T.);
#4730=EDGE_CURVE('',#3930,#3930,#3342,.T.);
#4731=EDGE_CURVE('',#3931,#3931,#3343,.T.);
#4732=EDGE_CURVE('',#3932,#3932,#3344,.T.);
#4733=EDGE_CURVE('',#3933,#3933,#3345,.T.);
#4734=EDGE_CURVE('',#3934,#3935,#3346,.T.);
#4735=EDGE_CURVE('',#3935,#3936,#1698,.T.);
#4736=EDGE_CURVE('',#3936,#3937,#3347,.T.);
#4737=EDGE_CURVE('',#3937,#3934,#1699,.T.);
#4738=EDGE_CURVE('',#3508,#3723,#1700,.T.);
#4739=EDGE_CURVE('',#3509,#3724,#1701,.T.);
#4740=EDGE_CURVE('',#3523,#3725,#1702,.T.);
#4741=EDGE_CURVE('',#3510,#3738,#1703,.T.);
#4742=EDGE_CURVE('',#3522,#3726,#1704,.T.);
#4743=EDGE_CURVE('',#3511,#3737,#1705,.T.);
#4744=EDGE_CURVE('',#3521,#3727,#1706,.T.);
#4745=EDGE_CURVE('',#3512,#3736,#1707,.T.);
#4746=EDGE_CURVE('',#3520,#3728,#1708,.T.);
#4747=EDGE_CURVE('',#3513,#3735,#1709,.T.);
#4748=EDGE_CURVE('',#3519,#3729,#1710,.T.);
#4749=EDGE_CURVE('',#3514,#3734,#1711,.T.);
#4750=EDGE_CURVE('',#3518,#3730,#1712,.T.);
#4751=EDGE_CURVE('',#3515,#3733,#1713,.T.);
#4752=EDGE_CURVE('',#3517,#3731,#1714,.T.);
#4753=EDGE_CURVE('',#3516,#3732,#1715,.T.);
#4754=EDGE_CURVE('',#3739,#3524,#1716,.T.);
#4755=EDGE_CURVE('',#3740,#3525,#1717,.T.);
#4756=EDGE_CURVE('',#3741,#3526,#1718,.T.);
#4757=EDGE_CURVE('',#3742,#3527,#1719,.T.);
#4758=EDGE_CURVE('',#3743,#3528,#1720,.T.);
#4759=EDGE_CURVE('',#3744,#3529,#1721,.T.);
#4760=EDGE_CURVE('',#3745,#3530,#1722,.T.);
#4761=EDGE_CURVE('',#3531,#3746,#1723,.T.);
#4762=EDGE_CURVE('',#3532,#3747,#1724,.T.);
#4763=EDGE_CURVE('',#3546,#3748,#1725,.T.);
#4764=EDGE_CURVE('',#3533,#3761,#1726,.T.);
#4765=EDGE_CURVE('',#3545,#3749,#1727,.T.);
#4766=EDGE_CURVE('',#3534,#3760,#1728,.T.);
#4767=EDGE_CURVE('',#3544,#3750,#1729,.T.);
#4768=EDGE_CURVE('',#3535,#3759,#1730,.T.);
#4769=EDGE_CURVE('',#3543,#3751,#1731,.T.);
#4770=EDGE_CURVE('',#3536,#3758,#1732,.T.);
#4771=EDGE_CURVE('',#3542,#3752,#1733,.T.);
#4772=EDGE_CURVE('',#3537,#3757,#1734,.T.);
#4773=EDGE_CURVE('',#3541,#3753,#1735,.T.);
#4774=EDGE_CURVE('',#3538,#3756,#1736,.T.);
#4775=EDGE_CURVE('',#3540,#3754,#1737,.T.);
#4776=EDGE_CURVE('',#3539,#3755,#1738,.T.);
#4777=EDGE_CURVE('',#3762,#3547,#1739,.T.);
#4778=EDGE_CURVE('',#3763,#3548,#1740,.T.);
#4779=EDGE_CURVE('',#3764,#3549,#1741,.T.);
#4780=EDGE_CURVE('',#3765,#3550,#1742,.T.);
#4781=EDGE_CURVE('',#3766,#3551,#1743,.T.);
#4782=EDGE_CURVE('',#3767,#3552,#1744,.T.);
#4783=EDGE_CURVE('',#3768,#3553,#1745,.T.);
#4784=EDGE_CURVE('',#3554,#3769,#1746,.T.);
#4785=EDGE_CURVE('',#3555,#3770,#1747,.T.);
#4786=EDGE_CURVE('',#3569,#3771,#1748,.T.);
#4787=EDGE_CURVE('',#3556,#3784,#1749,.T.);
#4788=EDGE_CURVE('',#3568,#3772,#1750,.T.);
#4789=EDGE_CURVE('',#3557,#3783,#1751,.T.);
#4790=EDGE_CURVE('',#3567,#3773,#1752,.T.);
#4791=EDGE_CURVE('',#3558,#3782,#1753,.T.);
#4792=EDGE_CURVE('',#3566,#3774,#1754,.T.);
#4793=EDGE_CURVE('',#3559,#3781,#1755,.T.);
#4794=EDGE_CURVE('',#3565,#3775,#1756,.T.);
#4795=EDGE_CURVE('',#3560,#3780,#1757,.T.);
#4796=EDGE_CURVE('',#3564,#3776,#1758,.T.);
#4797=EDGE_CURVE('',#3561,#3779,#1759,.T.);
#4798=EDGE_CURVE('',#3563,#3777,#1760,.T.);
#4799=EDGE_CURVE('',#3562,#3778,#1761,.T.);
#4800=EDGE_CURVE('',#3785,#3570,#1762,.T.);
#4801=EDGE_CURVE('',#3786,#3571,#1763,.T.);
#4802=EDGE_CURVE('',#3787,#3572,#1764,.T.);
#4803=EDGE_CURVE('',#3788,#3573,#1765,.T.);
#4804=EDGE_CURVE('',#3574,#3789,#1766,.T.);
#4805=EDGE_CURVE('',#3575,#3790,#1767,.T.);
#4806=EDGE_CURVE('',#3589,#3791,#1768,.T.);
#4807=EDGE_CURVE('',#3576,#3804,#1769,.T.);
#4808=EDGE_CURVE('',#3588,#3792,#1770,.T.);
#4809=EDGE_CURVE('',#3577,#3803,#1771,.T.);
#4810=EDGE_CURVE('',#3587,#3793,#1772,.T.);
#4811=EDGE_CURVE('',#3578,#3802,#1773,.T.);
#4812=EDGE_CURVE('',#3586,#3794,#1774,.T.);
#4813=EDGE_CURVE('',#3579,#3801,#1775,.T.);
#4814=EDGE_CURVE('',#3585,#3795,#1776,.T.);
#4815=EDGE_CURVE('',#3580,#3800,#1777,.T.);
#4816=EDGE_CURVE('',#3584,#3796,#1778,.T.);
#4817=EDGE_CURVE('',#3581,#3799,#1779,.T.);
#4818=EDGE_CURVE('',#3583,#3797,#1780,.T.);
#4819=EDGE_CURVE('',#3582,#3798,#1781,.T.);
#4820=EDGE_CURVE('',#3805,#3590,#1782,.T.);
#4821=EDGE_CURVE('',#3806,#3591,#1783,.T.);
#4822=EDGE_CURVE('',#3807,#3592,#1784,.T.);
#4823=EDGE_CURVE('',#3808,#3593,#1785,.T.);
#4824=EDGE_CURVE('',#3594,#3809,#1786,.T.);
#4825=EDGE_CURVE('',#3595,#3810,#1787,.T.);
#4826=EDGE_CURVE('',#3609,#3811,#1788,.T.);
#4827=EDGE_CURVE('',#3596,#3824,#1789,.T.);
#4828=EDGE_CURVE('',#3608,#3812,#1790,.T.);
#4829=EDGE_CURVE('',#3597,#3823,#1791,.T.);
#4830=EDGE_CURVE('',#3607,#3813,#1792,.T.);
#4831=EDGE_CURVE('',#3598,#3822,#1793,.T.);
#4832=EDGE_CURVE('',#3606,#3814,#1794,.T.);
#4833=EDGE_CURVE('',#3599,#3821,#1795,.T.);
#4834=EDGE_CURVE('',#3605,#3815,#1796,.T.);
#4835=EDGE_CURVE('',#3600,#3820,#1797,.T.);
#4836=EDGE_CURVE('',#3604,#3816,#1798,.T.);
#4837=EDGE_CURVE('',#3601,#3819,#1799,.T.);
#4838=EDGE_CURVE('',#3603,#3817,#1800,.T.);
#4839=EDGE_CURVE('',#3602,#3818,#1801,.T.);
#4840=EDGE_CURVE('',#3825,#3610,#1802,.T.);
#4841=EDGE_CURVE('',#3826,#3611,#1803,.T.);
#4842=EDGE_CURVE('',#3827,#3612,#1804,.T.);
#4843=EDGE_CURVE('',#3828,#3613,#1805,.T.);
#4844=EDGE_CURVE('',#3829,#3614,#1806,.T.);
#4845=EDGE_CURVE('',#3830,#3615,#1807,.T.);
#4846=EDGE_CURVE('',#3831,#3616,#1808,.T.);
#4847=EDGE_CURVE('',#3617,#3832,#1809,.T.);
#4848=EDGE_CURVE('',#3618,#3833,#1810,.T.);
#4849=EDGE_CURVE('',#3632,#3834,#1811,.T.);
#4850=EDGE_CURVE('',#3619,#3847,#1812,.T.);
#4851=EDGE_CURVE('',#3631,#3835,#1813,.T.);
#4852=EDGE_CURVE('',#3620,#3846,#1814,.T.);
#4853=EDGE_CURVE('',#3630,#3836,#1815,.T.);
#4854=EDGE_CURVE('',#3621,#3845,#1816,.T.);
#4855=EDGE_CURVE('',#3629,#3837,#1817,.T.);
#4856=EDGE_CURVE('',#3622,#3844,#1818,.T.);
#4857=EDGE_CURVE('',#3628,#3838,#1819,.T.);
#4858=EDGE_CURVE('',#3623,#3843,#1820,.T.);
#4859=EDGE_CURVE('',#3627,#3839,#1821,.T.);
#4860=EDGE_CURVE('',#3624,#3842,#1822,.T.);
#4861=EDGE_CURVE('',#3626,#3840,#1823,.T.);
#4862=EDGE_CURVE('',#3625,#3841,#1824,.T.);
#4863=EDGE_CURVE('',#3848,#3633,#1825,.T.);
#4864=EDGE_CURVE('',#3849,#3634,#1826,.T.);
#4865=EDGE_CURVE('',#3850,#3635,#1827,.T.);
#4866=EDGE_CURVE('',#3851,#3636,#1828,.T.);
#4867=EDGE_CURVE('',#3852,#3637,#1829,.T.);
#4868=EDGE_CURVE('',#3853,#3638,#1830,.T.);
#4869=EDGE_CURVE('',#3854,#3639,#1831,.T.);
#4870=EDGE_CURVE('',#3640,#3855,#1832,.T.);
#4871=EDGE_CURVE('',#3641,#3856,#1833,.T.);
#4872=EDGE_CURVE('',#3655,#3857,#1834,.T.);
#4873=EDGE_CURVE('',#3642,#3870,#1835,.T.);
#4874=EDGE_CURVE('',#3654,#3858,#1836,.T.);
#4875=EDGE_CURVE('',#3643,#3869,#1837,.T.);
#4876=EDGE_CURVE('',#3653,#3859,#1838,.T.);
#4877=EDGE_CURVE('',#3644,#3868,#1839,.T.);
#4878=EDGE_CURVE('',#3652,#3860,#1840,.T.);
#4879=EDGE_CURVE('',#3645,#3867,#1841,.T.);
#4880=EDGE_CURVE('',#3651,#3861,#1842,.T.);
#4881=EDGE_CURVE('',#3646,#3866,#1843,.T.);
#4882=EDGE_CURVE('',#3650,#3862,#1844,.T.);
#4883=EDGE_CURVE('',#3647,#3865,#1845,.T.);
#4884=EDGE_CURVE('',#3649,#3863,#1846,.T.);
#4885=EDGE_CURVE('',#3648,#3864,#1847,.T.);
#4886=EDGE_CURVE('',#3871,#3656,#1848,.T.);
#4887=EDGE_CURVE('',#3872,#3657,#1849,.T.);
#4888=EDGE_CURVE('',#3873,#3658,#1850,.T.);
#4889=EDGE_CURVE('',#3874,#3659,#1851,.T.);
#4890=EDGE_CURVE('',#3660,#3875,#1852,.T.);
#4891=EDGE_CURVE('',#3661,#3876,#1853,.T.);
#4892=EDGE_CURVE('',#3675,#3877,#1854,.T.);
#4893=EDGE_CURVE('',#3662,#3890,#1855,.T.);
#4894=EDGE_CURVE('',#3674,#3878,#1856,.T.);
#4895=EDGE_CURVE('',#3663,#3889,#1857,.T.);
#4896=EDGE_CURVE('',#3673,#3879,#1858,.T.);
#4897=EDGE_CURVE('',#3664,#3888,#1859,.T.);
#4898=EDGE_CURVE('',#3672,#3880,#1860,.T.);
#4899=EDGE_CURVE('',#3665,#3887,#1861,.T.);
#4900=EDGE_CURVE('',#3671,#3881,#1862,.T.);
#4901=EDGE_CURVE('',#3666,#3886,#1863,.T.);
#4902=EDGE_CURVE('',#3670,#3882,#1864,.T.);
#4903=EDGE_CURVE('',#3667,#3885,#1865,.T.);
#4904=EDGE_CURVE('',#3669,#3883,#1866,.T.);
#4905=EDGE_CURVE('',#3668,#3884,#1867,.T.);
#4906=EDGE_CURVE('',#3891,#3676,#1868,.T.);
#4907=EDGE_CURVE('',#3892,#3677,#1869,.T.);
#4908=EDGE_CURVE('',#3893,#3678,#1870,.T.);
#4909=EDGE_CURVE('',#3894,#3679,#1871,.T.);
#4910=EDGE_CURVE('',#3895,#3680,#1872,.T.);
#4911=EDGE_CURVE('',#3896,#3681,#1873,.T.);
#4912=EDGE_CURVE('',#3897,#3682,#1874,.T.);
#4913=EDGE_CURVE('',#3898,#3683,#1875,.T.);
#4914=EDGE_CURVE('',#3899,#3684,#1876,.T.);
#4915=EDGE_CURVE('',#3900,#3685,#1877,.T.);
#4916=EDGE_CURVE('',#3901,#3686,#1878,.T.);
#4917=EDGE_CURVE('',#3902,#3687,#1879,.T.);
#4918=EDGE_CURVE('',#3903,#3688,#1880,.T.);
#4919=EDGE_CURVE('',#3904,#3689,#1881,.T.);
#4920=EDGE_CURVE('',#3905,#3690,#1882,.T.);
#4921=EDGE_CURVE('',#3906,#3691,#1883,.T.);
#4922=EDGE_CURVE('',#3907,#3692,#1884,.T.);
#4923=EDGE_CURVE('',#3908,#3693,#1885,.T.);
#4924=EDGE_CURVE('',#3909,#3694,#1886,.T.);
#4925=EDGE_CURVE('',#3910,#3695,#1887,.T.);
#4926=EDGE_CURVE('',#3911,#3696,#1888,.T.);
#4927=EDGE_CURVE('',#3912,#3697,#1889,.T.);
#4928=EDGE_CURVE('',#3913,#3698,#1890,.T.);
#4929=EDGE_CURVE('',#3914,#3699,#1891,.T.);
#4930=EDGE_CURVE('',#3915,#3700,#1892,.T.);
#4931=EDGE_CURVE('',#3916,#3701,#1893,.T.);
#4932=EDGE_CURVE('',#3917,#3702,#1894,.T.);
#4933=EDGE_CURVE('',#3918,#3703,#1895,.T.);
#4934=EDGE_CURVE('',#3705,#3920,#1896,.T.);
#4935=EDGE_CURVE('',#3704,#3919,#1897,.T.);
#4936=EDGE_CURVE('',#3706,#3922,#1898,.T.);
#4937=EDGE_CURVE('',#3707,#3921,#1899,.T.);
#4938=EDGE_CURVE('',#3923,#3708,#1900,.T.);
#4939=EDGE_CURVE('',#3924,#3709,#1901,.T.);
#4940=EDGE_CURVE('',#3925,#3710,#1902,.T.);
#4941=EDGE_CURVE('',#3926,#3711,#1903,.T.);
#4942=EDGE_CURVE('',#3927,#3712,#1904,.T.);
#4943=EDGE_CURVE('',#3928,#3713,#1905,.T.);
#4944=EDGE_CURVE('',#3929,#3714,#1906,.T.);
#4945=EDGE_CURVE('',#3930,#3715,#1907,.T.);
#4946=EDGE_CURVE('',#3931,#3716,#1908,.T.);
#4947=EDGE_CURVE('',#3932,#3717,#1909,.T.);
#4948=EDGE_CURVE('',#3933,#3718,#1910,.T.);
#4949=EDGE_CURVE('',#3720,#3935,#1911,.T.);
#4950=EDGE_CURVE('',#3719,#3934,#1912,.T.);
#4951=EDGE_CURVE('',#3721,#3937,#1913,.T.);
#4952=EDGE_CURVE('',#3722,#3936,#1914,.T.);
#4953=EDGE_CURVE('',#3938,#3939,#3348,.T.);
#4954=EDGE_CURVE('',#3939,#3940,#1915,.T.);
#4955=EDGE_CURVE('',#3940,#3941,#3349,.T.);
#4956=EDGE_CURVE('',#3941,#3938,#1916,.T.);
#4957=EDGE_CURVE('',#3942,#3943,#3350,.T.);
#4958=EDGE_CURVE('',#3943,#3944,#1917,.T.);
#4959=EDGE_CURVE('',#3944,#3940,#3351,.T.);
#4960=EDGE_CURVE('',#3940,#3942,#1918,.T.);
#4961=EDGE_CURVE('',#3945,#3946,#3352,.T.);
#4962=EDGE_CURVE('',#3946,#3947,#1919,.T.);
#4963=EDGE_CURVE('',#3947,#3942,#3353,.T.);
#4964=EDGE_CURVE('',#3942,#3945,#1920,.T.);
#4965=EDGE_CURVE('',#3947,#3943,#3354,.T.);
#4966=EDGE_CURVE('',#3944,#3941,#3355,.T.);
#4967=EDGE_CURVE('',#3948,#3941,#1921,.T.);
#4968=EDGE_CURVE('',#3949,#3948,#1922,.T.);
#4969=EDGE_CURVE('',#3938,#3949,#1923,.T.);
#4970=EDGE_CURVE('',#3944,#3950,#1924,.T.);
#4971=EDGE_CURVE('',#3950,#3948,#3356,.F.);
#4972=EDGE_CURVE('',#3951,#3943,#1925,.T.);
#4973=EDGE_CURVE('',#3950,#3951,#1926,.T.);
#4974=EDGE_CURVE('',#3952,#3952,#3357,.T.);
#4975=EDGE_CURVE('',#3953,#3953,#3358,.T.);
#4976=EDGE_CURVE('',#3954,#3954,#3359,.T.);
#4977=EDGE_CURVE('',#3955,#3955,#3360,.T.);
#4978=EDGE_CURVE('',#3947,#3956,#1927,.T.);
#4979=EDGE_CURVE('',#3956,#3951,#3361,.T.);
#4980=EDGE_CURVE('',#3957,#3946,#1928,.T.);
#4981=EDGE_CURVE('',#3956,#3957,#1929,.T.);
#4982=EDGE_CURVE('',#3958,#3959,#1930,.T.);
#4983=EDGE_CURVE('',#3959,#3960,#3362,.T.);
#4984=EDGE_CURVE('',#3960,#3961,#1931,.T.);
#4985=EDGE_CURVE('',#3961,#3962,#3363,.T.);
#4986=EDGE_CURVE('',#3962,#3963,#1932,.T.);
#4987=EDGE_CURVE('',#3963,#3964,#3364,.T.);
#4988=EDGE_CURVE('',#3964,#3965,#1933,.T.);
#4989=EDGE_CURVE('',#3965,#3958,#3365,.T.);
#4990=EDGE_CURVE('',#3957,#3966,#3366,.T.);
#4991=EDGE_CURVE('',#3966,#3967,#1934,.T.);
#4992=EDGE_CURVE('',#3967,#3956,#3367,.T.);
#4993=EDGE_CURVE('',#3967,#3951,#3368,.T.);
#4994=EDGE_CURVE('',#3945,#3939,#1935,.T.);
#4995=EDGE_CURVE('',#3967,#3968,#1936,.T.);
#4996=EDGE_CURVE('',#3968,#3950,#3369,.F.);
#4997=EDGE_CURVE('',#3969,#3966,#1937,.T.);
#4998=EDGE_CURVE('',#3968,#3969,#1938,.T.);
#4999=EDGE_CURVE('',#3948,#3968,#3370,.F.);
#5000=EDGE_CURVE('',#3969,#3949,#3371,.T.);
#5001=EDGE_CURVE('',#3970,#3970,#3372,.T.);
#5002=EDGE_CURVE('',#3970,#3971,#1939,.T.);
#5003=EDGE_CURVE('',#3971,#3971,#3373,.T.);
#5004=EDGE_CURVE('',#3972,#3972,#3374,.T.);
#5005=EDGE_CURVE('',#3972,#3973,#1940,.T.);
#5006=EDGE_CURVE('',#3973,#3973,#3375,.T.);
#5007=EDGE_CURVE('',#3974,#3974,#3376,.T.);
#5008=EDGE_CURVE('',#3974,#3975,#1941,.T.);
#5009=EDGE_CURVE('',#3975,#3975,#3377,.T.);
#5010=EDGE_CURVE('',#3976,#3976,#3378,.T.);
#5011=EDGE_CURVE('',#3976,#3977,#1942,.T.);
#5012=EDGE_CURVE('',#3977,#3977,#3379,.T.);
#5013=EDGE_CURVE('',#3958,#3978,#1943,.T.);
#5014=EDGE_CURVE('',#3979,#3978,#1944,.T.);
#5015=EDGE_CURVE('',#3959,#3979,#1945,.T.);
#5016=EDGE_CURVE('',#3965,#3980,#1946,.T.);
#5017=EDGE_CURVE('',#3978,#3980,#3380,.T.);
#5018=EDGE_CURVE('',#3964,#3981,#1947,.T.);
#5019=EDGE_CURVE('',#3980,#3981,#1948,.T.);
#5020=EDGE_CURVE('',#3963,#3982,#1949,.T.);
#5021=EDGE_CURVE('',#3981,#3982,#3381,.T.);
#5022=EDGE_CURVE('',#3962,#3983,#1950,.T.);
#5023=EDGE_CURVE('',#3982,#3983,#1951,.T.);
#5024=EDGE_CURVE('',#3961,#3984,#1952,.T.);
#5025=EDGE_CURVE('',#3983,#3984,#3382,.T.);
#5026=EDGE_CURVE('',#3960,#3985,#1953,.T.);
#5027=EDGE_CURVE('',#3984,#3985,#1954,.T.);
#5028=EDGE_CURVE('',#3985,#3979,#3383,.T.);
#5029=EDGE_CURVE('',#3986,#3987,#1955,.T.);
#5030=EDGE_CURVE('',#3986,#3988,#1956,.T.);
#5031=EDGE_CURVE('',#3989,#3988,#1957,.T.);
#5032=EDGE_CURVE('',#3987,#3989,#1958,.T.);
#5033=EDGE_CURVE('',#3990,#3986,#1959,.T.);
#5034=EDGE_CURVE('',#3990,#3991,#1960,.T.);
#5035=EDGE_CURVE('',#3988,#3991,#1961,.T.);
#5036=EDGE_CURVE('',#3992,#3992,#3384,.T.);
#5037=EDGE_CURVE('',#3992,#3955,#1962,.T.);
#5038=EDGE_CURVE('',#3993,#3993,#3385,.T.);
#5039=EDGE_CURVE('',#3993,#3954,#1963,.T.);
#5040=EDGE_CURVE('',#3994,#3994,#3386,.T.);
#5041=EDGE_CURVE('',#3994,#3953,#1964,.T.);
#5042=EDGE_CURVE('',#3995,#3995,#3387,.T.);
#5043=EDGE_CURVE('',#3995,#3952,#1965,.T.);
#5044=EDGE_CURVE('',#3987,#3996,#1966,.T.);
#5045=EDGE_CURVE('',#3997,#3989,#1967,.T.);
#5046=EDGE_CURVE('',#3996,#3997,#1968,.T.);
#5047=EDGE_CURVE('',#3996,#3990,#1969,.T.);
#5048=EDGE_CURVE('',#3991,#3997,#1970,.T.);
#5049=EDGE_CURVE('',#3998,#3999,#3388,.T.);
#5050=EDGE_CURVE('',#3999,#4000,#1971,.T.);
#5051=EDGE_CURVE('',#4000,#4001,#3389,.T.);
#5052=EDGE_CURVE('',#4001,#3998,#1972,.T.);
#5053=EDGE_CURVE('',#4002,#4003,#3390,.T.);
#5054=EDGE_CURVE('',#4003,#4004,#1973,.T.);
#5055=EDGE_CURVE('',#4004,#4000,#3391,.T.);
#5056=EDGE_CURVE('',#4000,#4002,#1974,.T.);
#5057=EDGE_CURVE('',#4004,#4001,#3392,.T.);
#5058=EDGE_CURVE('',#3998,#4005,#1975,.T.);
#5059=EDGE_CURVE('',#4005,#4006,#1976,.T.);
#5060=EDGE_CURVE('',#4006,#4007,#1977,.T.);
#5061=EDGE_CURVE('',#4007,#4008,#1978,.T.);
#5062=EDGE_CURVE('',#4008,#4009,#1979,.T.);
#5063=EDGE_CURVE('',#4009,#4010,#1980,.T.);
#5064=EDGE_CURVE('',#4010,#4011,#1981,.T.);
#5065=EDGE_CURVE('',#4011,#3999,#1982,.T.);
#5066=EDGE_CURVE('',#4012,#4012,#3393,.T.);
#5067=EDGE_CURVE('',#4013,#4013,#3394,.T.);
#5068=EDGE_CURVE('',#4014,#4015,#3395,.T.);
#5069=EDGE_CURVE('',#4015,#4016,#1983,.T.);
#5070=EDGE_CURVE('',#4016,#4017,#3396,.T.);
#5071=EDGE_CURVE('',#4017,#4018,#1984,.T.);
#5072=EDGE_CURVE('',#4018,#4019,#3397,.T.);
#5073=EDGE_CURVE('',#4019,#4020,#1985,.T.);
#5074=EDGE_CURVE('',#4020,#4021,#3398,.T.);
#5075=EDGE_CURVE('',#4021,#4014,#1986,.T.);
#5076=EDGE_CURVE('',#4022,#4023,#3399,.T.);
#5077=EDGE_CURVE('',#4023,#4024,#1987,.T.);
#5078=EDGE_CURVE('',#4024,#4025,#3400,.T.);
#5079=EDGE_CURVE('',#4025,#4026,#1988,.T.);
#5080=EDGE_CURVE('',#4026,#4027,#3401,.T.);
#5081=EDGE_CURVE('',#4027,#4028,#1989,.T.);
#5082=EDGE_CURVE('',#4028,#4029,#3402,.T.);
#5083=EDGE_CURVE('',#4029,#4022,#1990,.T.);
#5084=EDGE_CURVE('',#4030,#4031,#3403,.T.);
#5085=EDGE_CURVE('',#4031,#4032,#1991,.T.);
#5086=EDGE_CURVE('',#4032,#4033,#3404,.T.);
#5087=EDGE_CURVE('',#4033,#4034,#1992,.T.);
#5088=EDGE_CURVE('',#4034,#4035,#3405,.T.);
#5089=EDGE_CURVE('',#4035,#4036,#1993,.T.);
#5090=EDGE_CURVE('',#4036,#4037,#3406,.T.);
#5091=EDGE_CURVE('',#4037,#4030,#1994,.T.);
#5092=EDGE_CURVE('',#4038,#4039,#3407,.T.);
#5093=EDGE_CURVE('',#4039,#4040,#1995,.T.);
#5094=EDGE_CURVE('',#4040,#4041,#3408,.T.);
#5095=EDGE_CURVE('',#4041,#4042,#1996,.T.);
#5096=EDGE_CURVE('',#4042,#4043,#3409,.T.);
#5097=EDGE_CURVE('',#4043,#4044,#1997,.T.);
#5098=EDGE_CURVE('',#4044,#4045,#3410,.T.);
#5099=EDGE_CURVE('',#4045,#4038,#1998,.T.);
#5100=EDGE_CURVE('',#4046,#4047,#3411,.T.);
#5101=EDGE_CURVE('',#4047,#4048,#1999,.T.);
#5102=EDGE_CURVE('',#4048,#4049,#3412,.T.);
#5103=EDGE_CURVE('',#4049,#4050,#2000,.T.);
#5104=EDGE_CURVE('',#4050,#4051,#3413,.T.);
#5105=EDGE_CURVE('',#4051,#4052,#2001,.T.);
#5106=EDGE_CURVE('',#4052,#4053,#3414,.T.);
#5107=EDGE_CURVE('',#4053,#4046,#2002,.T.);
#5108=EDGE_CURVE('',#4054,#4055,#3415,.T.);
#5109=EDGE_CURVE('',#4055,#4056,#2003,.T.);
#5110=EDGE_CURVE('',#4056,#4057,#3416,.T.);
#5111=EDGE_CURVE('',#4057,#4058,#2004,.T.);
#5112=EDGE_CURVE('',#4058,#4059,#3417,.T.);
#5113=EDGE_CURVE('',#4059,#4060,#2005,.T.);
#5114=EDGE_CURVE('',#4060,#4061,#3418,.T.);
#5115=EDGE_CURVE('',#4061,#4054,#2006,.T.);
#5116=EDGE_CURVE('',#4062,#4063,#3419,.T.);
#5117=EDGE_CURVE('',#4063,#4064,#2007,.T.);
#5118=EDGE_CURVE('',#4064,#4065,#3420,.T.);
#5119=EDGE_CURVE('',#4065,#4066,#2008,.T.);
#5120=EDGE_CURVE('',#4066,#4067,#3421,.T.);
#5121=EDGE_CURVE('',#4067,#4068,#2009,.T.);
#5122=EDGE_CURVE('',#4068,#4069,#3422,.T.);
#5123=EDGE_CURVE('',#4069,#4062,#2010,.T.);
#5124=EDGE_CURVE('',#4070,#4071,#3423,.T.);
#5125=EDGE_CURVE('',#4071,#4072,#2011,.T.);
#5126=EDGE_CURVE('',#4072,#4073,#3424,.T.);
#5127=EDGE_CURVE('',#4073,#4074,#2012,.T.);
#5128=EDGE_CURVE('',#4074,#4075,#3425,.T.);
#5129=EDGE_CURVE('',#4075,#4076,#2013,.T.);
#5130=EDGE_CURVE('',#4076,#4077,#3426,.T.);
#5131=EDGE_CURVE('',#4077,#4070,#2014,.T.);
#5132=EDGE_CURVE('',#4078,#4079,#2015,.T.);
#5133=EDGE_CURVE('',#4079,#4080,#2016,.T.);
#5134=EDGE_CURVE('',#4080,#4081,#2017,.T.);
#5135=EDGE_CURVE('',#4081,#4078,#2018,.T.);
#5136=EDGE_CURVE('',#4082,#4083,#2019,.T.);
#5137=EDGE_CURVE('',#4083,#4084,#2020,.T.);
#5138=EDGE_CURVE('',#4084,#4085,#2021,.T.);
#5139=EDGE_CURVE('',#4085,#4082,#2022,.T.);
#5140=EDGE_CURVE('',#4086,#4087,#2023,.T.);
#5141=EDGE_CURVE('',#4087,#4088,#2024,.T.);
#5142=EDGE_CURVE('',#4088,#4089,#2025,.T.);
#5143=EDGE_CURVE('',#4089,#4086,#2026,.T.);
#5144=EDGE_CURVE('',#4090,#4091,#2027,.T.);
#5145=EDGE_CURVE('',#4091,#4092,#2028,.T.);
#5146=EDGE_CURVE('',#4092,#4093,#2029,.T.);
#5147=EDGE_CURVE('',#4093,#4090,#2030,.T.);
#5148=EDGE_CURVE('',#4094,#4095,#2031,.T.);
#5149=EDGE_CURVE('',#4095,#4096,#2032,.T.);
#5150=EDGE_CURVE('',#4096,#4097,#2033,.T.);
#5151=EDGE_CURVE('',#4097,#4094,#2034,.T.);
#5152=EDGE_CURVE('',#4098,#4099,#2035,.T.);
#5153=EDGE_CURVE('',#4099,#4100,#2036,.T.);
#5154=EDGE_CURVE('',#4100,#4101,#2037,.T.);
#5155=EDGE_CURVE('',#4101,#4098,#2038,.T.);
#5156=EDGE_CURVE('',#4102,#4103,#2039,.T.);
#5157=EDGE_CURVE('',#4103,#4104,#2040,.T.);
#5158=EDGE_CURVE('',#4104,#4105,#2041,.T.);
#5159=EDGE_CURVE('',#4105,#4102,#2042,.T.);
#5160=EDGE_CURVE('',#4106,#4107,#2043,.T.);
#5161=EDGE_CURVE('',#4107,#4108,#2044,.T.);
#5162=EDGE_CURVE('',#4108,#4109,#2045,.T.);
#5163=EDGE_CURVE('',#4109,#4106,#2046,.T.);
#5164=EDGE_CURVE('',#4110,#4001,#2047,.T.);
#5165=EDGE_CURVE('',#4005,#4110,#2048,.T.);
#5166=EDGE_CURVE('',#4004,#4111,#2049,.T.);
#5167=EDGE_CURVE('',#4111,#4110,#11,.T.);
#5168=EDGE_CURVE('',#4003,#4112,#2050,.T.);
#5169=EDGE_CURVE('',#4113,#4112,#2051,.T.);
#5170=EDGE_CURVE('',#4114,#4113,#2052,.T.);
#5171=EDGE_CURVE('',#4115,#4114,#2053,.T.);
#5172=EDGE_CURVE('',#4115,#4116,#2054,.T.);
#5173=EDGE_CURVE('',#4111,#4116,#2055,.T.);
#5174=EDGE_CURVE('',#4117,#4118,#2056,.T.);
#5175=EDGE_CURVE('',#4119,#4117,#3427,.T.);
#5176=EDGE_CURVE('',#4120,#4119,#2057,.T.);
#5177=EDGE_CURVE('',#4121,#4120,#3428,.T.);
#5178=EDGE_CURVE('',#4122,#4121,#2058,.T.);
#5179=EDGE_CURVE('',#4123,#4122,#3429,.T.);
#5180=EDGE_CURVE('',#4124,#4123,#2059,.T.);
#5181=EDGE_CURVE('',#4118,#4124,#3430,.T.);
#5182=EDGE_CURVE('',#4125,#4126,#2060,.T.);
#5183=EDGE_CURVE('',#4127,#4125,#3431,.T.);
#5184=EDGE_CURVE('',#4128,#4127,#2061,.T.);
#5185=EDGE_CURVE('',#4129,#4128,#3432,.T.);
#5186=EDGE_CURVE('',#4130,#4129,#2062,.T.);
#5187=EDGE_CURVE('',#4131,#4130,#3433,.T.);
#5188=EDGE_CURVE('',#4132,#4131,#2063,.T.);
#5189=EDGE_CURVE('',#4126,#4132,#3434,.T.);
#5190=EDGE_CURVE('',#4133,#4134,#2064,.T.);
#5191=EDGE_CURVE('',#4135,#4133,#3435,.T.);
#5192=EDGE_CURVE('',#4136,#4135,#2065,.T.);
#5193=EDGE_CURVE('',#4137,#4136,#3436,.T.);
#5194=EDGE_CURVE('',#4138,#4137,#2066,.T.);
#5195=EDGE_CURVE('',#4139,#4138,#3437,.T.);
#5196=EDGE_CURVE('',#4140,#4139,#2067,.T.);
#5197=EDGE_CURVE('',#4134,#4140,#3438,.T.);
#5198=EDGE_CURVE('',#4141,#4142,#2068,.T.);
#5199=EDGE_CURVE('',#4143,#4141,#3439,.T.);
#5200=EDGE_CURVE('',#4144,#4143,#2069,.T.);
#5201=EDGE_CURVE('',#4145,#4144,#3440,.T.);
#5202=EDGE_CURVE('',#4146,#4145,#2070,.T.);
#5203=EDGE_CURVE('',#4147,#4146,#3441,.T.);
#5204=EDGE_CURVE('',#4148,#4147,#2071,.T.);
#5205=EDGE_CURVE('',#4142,#4148,#3442,.T.);
#5206=EDGE_CURVE('',#4149,#4150,#2072,.T.);
#5207=EDGE_CURVE('',#4151,#4149,#3443,.T.);
#5208=EDGE_CURVE('',#4152,#4151,#2073,.T.);
#5209=EDGE_CURVE('',#4153,#4152,#3444,.T.);
#5210=EDGE_CURVE('',#4154,#4153,#2074,.T.);
#5211=EDGE_CURVE('',#4155,#4154,#3445,.T.);
#5212=EDGE_CURVE('',#4156,#4155,#2075,.T.);
#5213=EDGE_CURVE('',#4150,#4156,#3446,.T.);
#5214=EDGE_CURVE('',#4157,#4158,#2076,.T.);
#5215=EDGE_CURVE('',#4159,#4157,#3447,.T.);
#5216=EDGE_CURVE('',#4160,#4159,#2077,.T.);
#5217=EDGE_CURVE('',#4161,#4160,#3448,.T.);
#5218=EDGE_CURVE('',#4162,#4161,#2078,.T.);
#5219=EDGE_CURVE('',#4163,#4162,#3449,.T.);
#5220=EDGE_CURVE('',#4164,#4163,#2079,.T.);
#5221=EDGE_CURVE('',#4158,#4164,#3450,.T.);
#5222=EDGE_CURVE('',#4165,#4166,#2080,.T.);
#5223=EDGE_CURVE('',#4167,#4165,#3451,.T.);
#5224=EDGE_CURVE('',#4168,#4167,#2081,.T.);
#5225=EDGE_CURVE('',#4169,#4168,#3452,.T.);
#5226=EDGE_CURVE('',#4170,#4169,#2082,.T.);
#5227=EDGE_CURVE('',#4171,#4170,#3453,.T.);
#5228=EDGE_CURVE('',#4172,#4171,#2083,.T.);
#5229=EDGE_CURVE('',#4166,#4172,#3454,.T.);
#5230=EDGE_CURVE('',#4173,#4174,#2084,.T.);
#5231=EDGE_CURVE('',#4175,#4173,#3455,.T.);
#5232=EDGE_CURVE('',#4176,#4175,#2085,.T.);
#5233=EDGE_CURVE('',#4177,#4176,#3456,.T.);
#5234=EDGE_CURVE('',#4178,#4177,#2086,.T.);
#5235=EDGE_CURVE('',#4179,#4178,#3457,.T.);
#5236=EDGE_CURVE('',#4180,#4179,#2087,.T.);
#5237=EDGE_CURVE('',#4174,#4180,#3458,.T.);
#5238=EDGE_CURVE('',#4181,#4181,#3459,.T.);
#5239=EDGE_CURVE('',#4182,#4182,#3460,.T.);
#5240=EDGE_CURVE('',#4116,#4183,#3461,.T.);
#5241=EDGE_CURVE('',#4183,#4110,#2088,.T.);
#5242=EDGE_CURVE('',#4011,#4002,#2089,.T.);
#5243=EDGE_CURVE('',#4012,#4182,#2090,.T.);
#5244=EDGE_CURVE('',#4013,#4181,#2091,.T.);
#5245=EDGE_CURVE('',#4184,#4185,#2092,.T.);
#5246=EDGE_CURVE('',#4184,#4107,#2093,.T.);
#5247=EDGE_CURVE('',#4185,#4106,#2094,.T.);
#5248=EDGE_CURVE('',#4186,#4184,#2095,.T.);
#5249=EDGE_CURVE('',#4186,#4108,#2096,.T.);
#5250=EDGE_CURVE('',#4187,#4186,#2097,.T.);
#5251=EDGE_CURVE('',#4187,#4109,#2098,.T.);
#5252=EDGE_CURVE('',#4185,#4187,#2099,.T.);
#5253=EDGE_CURVE('',#4188,#4189,#2100,.T.);
#5254=EDGE_CURVE('',#4188,#4103,#2101,.T.);
#5255=EDGE_CURVE('',#4189,#4102,#2102,.T.);
#5256=EDGE_CURVE('',#4190,#4188,#2103,.T.);
#5257=EDGE_CURVE('',#4190,#4104,#2104,.T.);
#5258=EDGE_CURVE('',#4191,#4190,#2105,.T.);
#5259=EDGE_CURVE('',#4191,#4105,#2106,.T.);
#5260=EDGE_CURVE('',#4189,#4191,#2107,.T.);
#5261=EDGE_CURVE('',#4192,#4193,#2108,.T.);
#5262=EDGE_CURVE('',#4192,#4099,#2109,.T.);
#5263=EDGE_CURVE('',#4193,#4098,#2110,.T.);
#5264=EDGE_CURVE('',#4194,#4192,#2111,.T.);
#5265=EDGE_CURVE('',#4194,#4100,#2112,.T.);
#5266=EDGE_CURVE('',#4195,#4194,#2113,.T.);
#5267=EDGE_CURVE('',#4195,#4101,#2114,.T.);
#5268=EDGE_CURVE('',#4193,#4195,#2115,.T.);
#5269=EDGE_CURVE('',#4196,#4197,#2116,.T.);
#5270=EDGE_CURVE('',#4196,#4095,#2117,.T.);
#5271=EDGE_CURVE('',#4197,#4094,#2118,.T.);
#5272=EDGE_CURVE('',#4198,#4196,#2119,.T.);
#5273=EDGE_CURVE('',#4198,#4096,#2120,.T.);
#5274=EDGE_CURVE('',#4199,#4198,#2121,.T.);
#5275=EDGE_CURVE('',#4199,#4097,#2122,.T.);
#5276=EDGE_CURVE('',#4197,#4199,#2123,.T.);
#5277=EDGE_CURVE('',#4200,#4201,#2124,.T.);
#5278=EDGE_CURVE('',#4200,#4091,#2125,.T.);
#5279=EDGE_CURVE('',#4201,#4090,#2126,.T.);
#5280=EDGE_CURVE('',#4202,#4200,#2127,.T.);
#5281=EDGE_CURVE('',#4202,#4092,#2128,.T.);
#5282=EDGE_CURVE('',#4203,#4202,#2129,.T.);
#5283=EDGE_CURVE('',#4203,#4093,#2130,.T.);
#5284=EDGE_CURVE('',#4201,#4203,#2131,.T.);
#5285=EDGE_CURVE('',#4204,#4205,#2132,.T.);
#5286=EDGE_CURVE('',#4204,#4087,#2133,.T.);
#5287=EDGE_CURVE('',#4205,#4086,#2134,.T.);
#5288=EDGE_CURVE('',#4206,#4204,#2135,.T.);
#5289=EDGE_CURVE('',#4206,#4088,#2136,.T.);
#5290=EDGE_CURVE('',#4207,#4206,#2137,.T.);
#5291=EDGE_CURVE('',#4207,#4089,#2138,.T.);
#5292=EDGE_CURVE('',#4205,#4207,#2139,.T.);
#5293=EDGE_CURVE('',#4208,#4209,#2140,.T.);
#5294=EDGE_CURVE('',#4208,#4083,#2141,.T.);
#5295=EDGE_CURVE('',#4209,#4082,#2142,.T.);
#5296=EDGE_CURVE('',#4210,#4208,#2143,.T.);
#5297=EDGE_CURVE('',#4210,#4084,#2144,.T.);
#5298=EDGE_CURVE('',#4211,#4210,#2145,.T.);
#5299=EDGE_CURVE('',#4211,#4085,#2146,.T.);
#5300=EDGE_CURVE('',#4209,#4211,#2147,.T.);
#5301=EDGE_CURVE('',#4212,#4213,#2148,.T.);
#5302=EDGE_CURVE('',#4212,#4079,#2149,.T.);
#5303=EDGE_CURVE('',#4213,#4078,#2150,.T.);
#5304=EDGE_CURVE('',#4214,#4212,#2151,.T.);
#5305=EDGE_CURVE('',#4214,#4080,#2152,.T.);
#5306=EDGE_CURVE('',#4215,#4214,#2153,.T.);
#5307=EDGE_CURVE('',#4215,#4081,#2154,.T.);
#5308=EDGE_CURVE('',#4213,#4215,#2155,.T.);
#5309=EDGE_CURVE('',#4006,#4183,#2156,.T.);
#5310=EDGE_CURVE('',#4007,#4115,#2157,.T.);
#5311=EDGE_CURVE('',#4112,#4010,#2158,.T.);
#5312=EDGE_CURVE('',#4113,#4009,#2159,.T.);
#5313=EDGE_CURVE('',#4114,#4008,#2160,.T.);
#5314=EDGE_CURVE('',#4121,#4074,#2161,.T.);
#5315=EDGE_CURVE('',#4122,#4073,#2162,.T.);
#5316=EDGE_CURVE('',#4120,#4075,#2163,.T.);
#5317=EDGE_CURVE('',#4119,#4076,#2164,.T.);
#5318=EDGE_CURVE('',#4117,#4077,#2165,.T.);
#5319=EDGE_CURVE('',#4129,#4018,#2166,.T.);
#5320=EDGE_CURVE('',#4130,#4017,#2167,.T.);
#5321=EDGE_CURVE('',#4128,#4019,#2168,.T.);
#5322=EDGE_CURVE('',#4127,#4020,#2169,.T.);
#5323=EDGE_CURVE('',#4125,#4021,#2170,.T.);
#5324=EDGE_CURVE('',#4137,#4058,#2171,.T.);
#5325=EDGE_CURVE('',#4138,#4057,#2172,.T.);
#5326=EDGE_CURVE('',#4136,#4059,#2173,.T.);
#5327=EDGE_CURVE('',#4135,#4060,#2174,.T.);
#5328=EDGE_CURVE('',#4133,#4061,#2175,.T.);
#5329=EDGE_CURVE('',#4145,#4034,#2176,.T.);
#5330=EDGE_CURVE('',#4146,#4033,#2177,.T.);
#5331=EDGE_CURVE('',#4144,#4035,#2178,.T.);
#5332=EDGE_CURVE('',#4143,#4036,#2179,.T.);
#5333=EDGE_CURVE('',#4141,#4037,#2180,.T.);
#5334=EDGE_CURVE('',#4153,#4042,#2181,.T.);
#5335=EDGE_CURVE('',#4154,#4041,#2182,.T.);
#5336=EDGE_CURVE('',#4152,#4043,#2183,.T.);
#5337=EDGE_CURVE('',#4151,#4044,#2184,.T.);
#5338=EDGE_CURVE('',#4149,#4045,#2185,.T.);
#5339=EDGE_CURVE('',#4161,#4050,#2186,.T.);
#5340=EDGE_CURVE('',#4162,#4049,#2187,.T.);
#5341=EDGE_CURVE('',#4160,#4051,#2188,.T.);
#5342=EDGE_CURVE('',#4159,#4052,#2189,.T.);
#5343=EDGE_CURVE('',#4157,#4053,#2190,.T.);
#5344=EDGE_CURVE('',#4169,#4026,#2191,.T.);
#5345=EDGE_CURVE('',#4170,#4025,#2192,.T.);
#5346=EDGE_CURVE('',#4168,#4027,#2193,.T.);
#5347=EDGE_CURVE('',#4167,#4028,#2194,.T.);
#5348=EDGE_CURVE('',#4165,#4029,#2195,.T.);
#5349=EDGE_CURVE('',#4177,#4066,#2196,.T.);
#5350=EDGE_CURVE('',#4178,#4065,#2197,.T.);
#5351=EDGE_CURVE('',#4176,#4067,#2198,.T.);
#5352=EDGE_CURVE('',#4175,#4068,#2199,.T.);
#5353=EDGE_CURVE('',#4173,#4069,#2200,.T.);
#5354=EDGE_CURVE('',#4118,#4070,#2201,.T.);
#5355=EDGE_CURVE('',#4124,#4071,#2202,.T.);
#5356=EDGE_CURVE('',#4123,#4072,#2203,.T.);
#5357=EDGE_CURVE('',#4126,#4014,#2204,.T.);
#5358=EDGE_CURVE('',#4132,#4015,#2205,.T.);
#5359=EDGE_CURVE('',#4131,#4016,#2206,.T.);
#5360=EDGE_CURVE('',#4134,#4054,#2207,.T.);
#5361=EDGE_CURVE('',#4140,#4055,#2208,.T.);
#5362=EDGE_CURVE('',#4139,#4056,#2209,.T.);
#5363=EDGE_CURVE('',#4142,#4030,#2210,.T.);
#5364=EDGE_CURVE('',#4148,#4031,#2211,.T.);
#5365=EDGE_CURVE('',#4147,#4032,#2212,.T.);
#5366=EDGE_CURVE('',#4150,#4038,#2213,.T.);
#5367=EDGE_CURVE('',#4156,#4039,#2214,.T.);
#5368=EDGE_CURVE('',#4155,#4040,#2215,.T.);
#5369=EDGE_CURVE('',#4158,#4046,#2216,.T.);
#5370=EDGE_CURVE('',#4164,#4047,#2217,.T.);
#5371=EDGE_CURVE('',#4163,#4048,#2218,.T.);
#5372=EDGE_CURVE('',#4166,#4022,#2219,.T.);
#5373=EDGE_CURVE('',#4172,#4023,#2220,.T.);
#5374=EDGE_CURVE('',#4171,#4024,#2221,.T.);
#5375=EDGE_CURVE('',#4174,#4062,#2222,.T.);
#5376=EDGE_CURVE('',#4180,#4063,#2223,.T.);
#5377=EDGE_CURVE('',#4179,#4064,#2224,.T.);
#5378=EDGE_CURVE('',#4216,#4217,#3462,.T.);
#5379=EDGE_CURVE('',#4217,#4218,#2225,.T.);
#5380=EDGE_CURVE('',#4218,#4219,#3463,.T.);
#5381=EDGE_CURVE('',#4219,#4216,#2226,.T.);
#5382=EDGE_CURVE('',#4220,#4221,#3464,.T.);
#5383=EDGE_CURVE('',#4221,#4222,#2227,.T.);
#5384=EDGE_CURVE('',#4222,#4218,#3465,.T.);
#5385=EDGE_CURVE('',#4218,#4220,#2228,.T.);
#5386=EDGE_CURVE('',#4223,#4224,#3466,.T.);
#5387=EDGE_CURVE('',#4224,#4225,#2229,.T.);
#5388=EDGE_CURVE('',#4225,#4220,#3467,.T.);
#5389=EDGE_CURVE('',#4220,#4223,#2230,.T.);
#5390=EDGE_CURVE('',#4225,#4221,#3468,.T.);
#5391=EDGE_CURVE('',#4222,#4219,#3469,.T.);
#5392=EDGE_CURVE('',#4222,#4226,#2231,.T.);
#5393=EDGE_CURVE('',#4226,#4227,#3470,.F.);
#5394=EDGE_CURVE('',#4227,#4219,#2232,.T.);
#5395=EDGE_CURVE('',#4228,#4221,#2233,.T.);
#5396=EDGE_CURVE('',#4226,#4228,#2234,.T.);
#5397=EDGE_CURVE('',#4229,#4229,#3471,.T.);
#5398=EDGE_CURVE('',#4230,#4230,#3472,.T.);
#5399=EDGE_CURVE('',#4231,#4232,#2235,.T.);
#5400=EDGE_CURVE('',#4232,#4233,#2236,.T.);
#5401=EDGE_CURVE('',#4233,#4234,#2237,.T.);
#5402=EDGE_CURVE('',#4234,#4231,#2238,.T.);
#5403=EDGE_CURVE('',#4235,#4236,#2239,.T.);
#5404=EDGE_CURVE('',#4236,#4237,#2240,.T.);
#5405=EDGE_CURVE('',#4237,#4238,#2241,.T.);
#5406=EDGE_CURVE('',#4238,#4235,#2242,.T.);
#5407=EDGE_CURVE('',#4225,#4239,#2243,.T.);
#5408=EDGE_CURVE('',#4239,#4228,#3473,.T.);
#5409=EDGE_CURVE('',#4224,#4240,#2244,.T.);
#5410=EDGE_CURVE('',#4239,#4240,#2245,.T.);
#5411=EDGE_CURVE('',#4240,#4241,#3474,.T.);
#5412=EDGE_CURVE('',#4241,#4242,#2246,.T.);
#5413=EDGE_CURVE('',#4242,#4239,#3475,.T.);
#5414=EDGE_CURVE('',#4242,#4228,#3476,.T.);
#5415=EDGE_CURVE('',#4242,#4243,#2247,.T.);
#5416=EDGE_CURVE('',#4243,#4226,#3477,.F.);
#5417=EDGE_CURVE('',#4241,#4244,#2248,.T.);
#5418=EDGE_CURVE('',#4243,#4244,#2249,.T.);
#5419=EDGE_CURVE('',#4216,#4245,#2250,.T.);
#5420=EDGE_CURVE('',#4244,#4245,#3478,.T.);
#5421=EDGE_CURVE('',#4246,#4223,#2251,.T.);
#5422=EDGE_CURVE('',#4247,#4246,#2252,.T.);
#5423=EDGE_CURVE('',#4248,#4247,#2253,.T.);
#5424=EDGE_CURVE('',#4248,#4249,#2254,.T.);
#5425=EDGE_CURVE('',#4249,#4217,#2255,.T.);
#5426=EDGE_CURVE('',#4250,#4250,#3479,.T.);
#5427=EDGE_CURVE('',#4251,#4251,#3480,.T.);
#5428=EDGE_CURVE('',#4227,#4243,#3481,.F.);
#5429=EDGE_CURVE('',#4245,#4227,#2256,.T.);
#5430=EDGE_CURVE('',#4249,#4252,#2257,.T.);
#5431=EDGE_CURVE('',#4253,#4252,#2258,.T.);
#5432=EDGE_CURVE('',#4246,#4253,#2259,.T.);
#5433=EDGE_CURVE('',#4254,#4255,#2260,.T.);
#5434=EDGE_CURVE('',#4256,#4254,#2261,.T.);
#5435=EDGE_CURVE('',#4257,#4256,#2262,.T.);
#5436=EDGE_CURVE('',#4255,#4257,#2263,.T.);
#5437=EDGE_CURVE('',#4253,#4256,#2264,.T.);
#5438=EDGE_CURVE('',#4257,#4252,#2265,.T.);
#5439=EDGE_CURVE('',#4248,#4258,#2266,.T.);
#5440=EDGE_CURVE('',#4255,#4258,#2267,.T.);
#5441=EDGE_CURVE('',#4259,#4254,#2268,.T.);
#5442=EDGE_CURVE('',#4247,#4259,#2269,.T.);
#5443=EDGE_CURVE('',#4258,#4259,#2270,.T.);
#5444=EDGE_CURVE('',#4250,#4229,#2271,.T.);
#5445=EDGE_CURVE('',#4251,#4230,#2272,.T.);
#5446=EDGE_CURVE('',#4260,#4261,#2273,.T.);
#5447=EDGE_CURVE('',#4262,#4260,#2274,.T.);
#5448=EDGE_CURVE('',#4263,#4262,#2275,.T.);
#5449=EDGE_CURVE('',#4261,#4263,#2276,.T.);
#5450=EDGE_CURVE('',#4264,#4265,#2277,.T.);
#5451=EDGE_CURVE('',#4266,#4264,#2278,.T.);
#5452=EDGE_CURVE('',#4267,#4266,#2279,.T.);
#5453=EDGE_CURVE('',#4265,#4267,#2280,.T.);
#5454=EDGE_CURVE('',#4262,#4232,#2281,.T.);
#5455=EDGE_CURVE('',#4263,#4231,#2282,.T.);
#5456=EDGE_CURVE('',#4260,#4233,#2283,.T.);
#5457=EDGE_CURVE('',#4266,#4236,#2284,.T.);
#5458=EDGE_CURVE('',#4267,#4235,#2285,.T.);
#5459=EDGE_CURVE('',#4264,#4237,#2286,.T.);
#5460=EDGE_CURVE('',#4261,#4234,#2287,.T.);
#5461=EDGE_CURVE('',#4265,#4238,#2288,.T.);
#5462=ORIENTED_EDGE('',*,*,#4268,.F.);
#5463=ORIENTED_EDGE('',*,*,#4269,.F.);
#5464=ORIENTED_EDGE('',*,*,#4270,.T.);
#5465=ORIENTED_EDGE('',*,*,#4271,.T.);
#5466=ORIENTED_EDGE('',*,*,#4270,.F.);
#5467=ORIENTED_EDGE('',*,*,#4272,.T.);
#5468=ORIENTED_EDGE('',*,*,#4273,.T.);
#5469=ORIENTED_EDGE('',*,*,#4274,.T.);
#5470=ORIENTED_EDGE('',*,*,#4268,.T.);
#5471=ORIENTED_EDGE('',*,*,#4269,.T.);
#5472=ORIENTED_EDGE('',*,*,#4274,.F.);
#5473=ORIENTED_EDGE('',*,*,#4275,.F.);
#5474=ORIENTED_EDGE('',*,*,#4276,.F.);
#5475=ORIENTED_EDGE('',*,*,#4277,.T.);
#5476=ORIENTED_EDGE('',*,*,#4272,.F.);
#5477=ORIENTED_EDGE('',*,*,#4273,.F.);
#5478=ORIENTED_EDGE('',*,*,#4277,.F.);
#5479=ORIENTED_EDGE('',*,*,#4278,.T.);
#5480=ORIENTED_EDGE('',*,*,#4279,.T.);
#5481=ORIENTED_EDGE('',*,*,#4280,.T.);
#5482=ORIENTED_EDGE('',*,*,#4275,.T.);
#5483=ORIENTED_EDGE('',*,*,#4276,.T.);
#5484=ORIENTED_EDGE('',*,*,#4280,.F.);
#5485=ORIENTED_EDGE('',*,*,#4281,.F.);
#5486=ORIENTED_EDGE('',*,*,#4282,.T.);
#5487=ORIENTED_EDGE('',*,*,#4278,.F.);
#5488=ORIENTED_EDGE('',*,*,#4279,.F.);
#5489=ORIENTED_EDGE('',*,*,#4282,.F.);
#5490=ORIENTED_EDGE('',*,*,#4271,.F.);
#5491=ORIENTED_EDGE('',*,*,#4281,.T.);
#5492=ORIENTED_EDGE('',*,*,#4283,.F.);
#5493=ORIENTED_EDGE('',*,*,#4284,.T.);
#5494=ORIENTED_EDGE('',*,*,#4285,.T.);
#5495=ORIENTED_EDGE('',*,*,#4284,.F.);
#5496=ORIENTED_EDGE('',*,*,#4285,.F.);
#5497=ORIENTED_EDGE('',*,*,#4286,.T.);
#5498=ORIENTED_EDGE('',*,*,#4283,.T.);
#5499=ORIENTED_EDGE('',*,*,#4287,.F.);
#5500=ORIENTED_EDGE('',*,*,#4286,.F.);
#5501=ORIENTED_EDGE('',*,*,#4288,.T.);
#5502=ORIENTED_EDGE('',*,*,#4289,.T.);
#5503=ORIENTED_EDGE('',*,*,#4288,.F.);
#5504=ORIENTED_EDGE('',*,*,#4290,.F.);
#5505=ORIENTED_EDGE('',*,*,#4291,.T.);
#5506=ORIENTED_EDGE('',*,*,#4287,.T.);
#5507=ORIENTED_EDGE('',*,*,#4291,.F.);
#5508=ORIENTED_EDGE('',*,*,#4292,.T.);
#5509=ORIENTED_EDGE('',*,*,#4293,.T.);
#5510=ORIENTED_EDGE('',*,*,#4289,.F.);
#5511=ORIENTED_EDGE('',*,*,#4293,.F.);
#5512=ORIENTED_EDGE('',*,*,#4290,.T.);
#5513=ORIENTED_EDGE('',*,*,#4294,.T.);
#5514=ORIENTED_EDGE('',*,*,#4295,.F.);
#5515=ORIENTED_EDGE('',*,*,#4294,.F.);
#5516=ORIENTED_EDGE('',*,*,#4292,.F.);
#5517=ORIENTED_EDGE('',*,*,#4295,.T.);
#5518=ORIENTED_EDGE('',*,*,#4296,.T.);
#5519=ORIENTED_EDGE('',*,*,#4297,.T.);
#5520=ORIENTED_EDGE('',*,*,#4298,.F.);
#5521=ORIENTED_EDGE('',*,*,#4299,.F.);
#5522=ORIENTED_EDGE('',*,*,#4300,.T.);
#5523=ORIENTED_EDGE('',*,*,#4301,.T.);
#5524=ORIENTED_EDGE('',*,*,#4296,.F.);
#5525=ORIENTED_EDGE('',*,*,#4302,.F.);
#5526=ORIENTED_EDGE('',*,*,#4298,.T.);
#5527=ORIENTED_EDGE('',*,*,#4303,.T.);
#5528=ORIENTED_EDGE('',*,*,#4304,.F.);
#5529=ORIENTED_EDGE('',*,*,#4305,.F.);
#5530=ORIENTED_EDGE('',*,*,#4299,.T.);
#5531=ORIENTED_EDGE('',*,*,#4305,.T.);
#5532=ORIENTED_EDGE('',*,*,#4306,.T.);
#5533=ORIENTED_EDGE('',*,*,#4302,.T.);
#5534=ORIENTED_EDGE('',*,*,#4307,.T.);
#5535=ORIENTED_EDGE('',*,*,#4308,.T.);
#5536=ORIENTED_EDGE('',*,*,#4309,.T.);
#5537=ORIENTED_EDGE('',*,*,#4310,.T.);
#5538=ORIENTED_EDGE('',*,*,#4311,.T.);
#5539=ORIENTED_EDGE('',*,*,#4312,.T.);
#5540=ORIENTED_EDGE('',*,*,#4313,.T.);
#5541=ORIENTED_EDGE('',*,*,#4314,.T.);
#5542=ORIENTED_EDGE('',*,*,#4315,.T.);
#5543=ORIENTED_EDGE('',*,*,#4316,.T.);
#5544=ORIENTED_EDGE('',*,*,#4317,.T.);
#5545=ORIENTED_EDGE('',*,*,#4318,.T.);
#5546=ORIENTED_EDGE('',*,*,#4319,.T.);
#5547=ORIENTED_EDGE('',*,*,#4320,.T.);
#5548=ORIENTED_EDGE('',*,*,#4321,.T.);
#5549=ORIENTED_EDGE('',*,*,#4322,.T.);
#5550=ORIENTED_EDGE('',*,*,#4323,.F.);
#5551=ORIENTED_EDGE('',*,*,#4324,.F.);
#5552=ORIENTED_EDGE('',*,*,#4325,.F.);
#5553=ORIENTED_EDGE('',*,*,#4326,.F.);
#5554=ORIENTED_EDGE('',*,*,#4327,.F.);
#5555=ORIENTED_EDGE('',*,*,#4328,.F.);
#5556=ORIENTED_EDGE('',*,*,#4329,.F.);
#5557=ORIENTED_EDGE('',*,*,#4330,.T.);
#5558=ORIENTED_EDGE('',*,*,#4331,.T.);
#5559=ORIENTED_EDGE('',*,*,#4332,.T.);
#5560=ORIENTED_EDGE('',*,*,#4333,.T.);
#5561=ORIENTED_EDGE('',*,*,#4334,.T.);
#5562=ORIENTED_EDGE('',*,*,#4335,.T.);
#5563=ORIENTED_EDGE('',*,*,#4336,.T.);
#5564=ORIENTED_EDGE('',*,*,#4337,.T.);
#5565=ORIENTED_EDGE('',*,*,#4338,.T.);
#5566=ORIENTED_EDGE('',*,*,#4339,.T.);
#5567=ORIENTED_EDGE('',*,*,#4340,.T.);
#5568=ORIENTED_EDGE('',*,*,#4341,.T.);
#5569=ORIENTED_EDGE('',*,*,#4342,.T.);
#5570=ORIENTED_EDGE('',*,*,#4343,.T.);
#5571=ORIENTED_EDGE('',*,*,#4344,.T.);
#5572=ORIENTED_EDGE('',*,*,#4345,.T.);
#5573=ORIENTED_EDGE('',*,*,#4346,.F.);
#5574=ORIENTED_EDGE('',*,*,#4347,.F.);
#5575=ORIENTED_EDGE('',*,*,#4348,.F.);
#5576=ORIENTED_EDGE('',*,*,#4349,.F.);
#5577=ORIENTED_EDGE('',*,*,#4350,.F.);
#5578=ORIENTED_EDGE('',*,*,#4351,.F.);
#5579=ORIENTED_EDGE('',*,*,#4352,.F.);
#5580=ORIENTED_EDGE('',*,*,#4353,.T.);
#5581=ORIENTED_EDGE('',*,*,#4354,.T.);
#5582=ORIENTED_EDGE('',*,*,#4355,.T.);
#5583=ORIENTED_EDGE('',*,*,#4356,.T.);
#5584=ORIENTED_EDGE('',*,*,#4357,.T.);
#5585=ORIENTED_EDGE('',*,*,#4358,.T.);
#5586=ORIENTED_EDGE('',*,*,#4359,.T.);
#5587=ORIENTED_EDGE('',*,*,#4360,.T.);
#5588=ORIENTED_EDGE('',*,*,#4361,.T.);
#5589=ORIENTED_EDGE('',*,*,#4362,.T.);
#5590=ORIENTED_EDGE('',*,*,#4363,.T.);
#5591=ORIENTED_EDGE('',*,*,#4364,.T.);
#5592=ORIENTED_EDGE('',*,*,#4365,.T.);
#5593=ORIENTED_EDGE('',*,*,#4366,.T.);
#5594=ORIENTED_EDGE('',*,*,#4367,.T.);
#5595=ORIENTED_EDGE('',*,*,#4368,.T.);
#5596=ORIENTED_EDGE('',*,*,#4369,.F.);
#5597=ORIENTED_EDGE('',*,*,#4370,.F.);
#5598=ORIENTED_EDGE('',*,*,#4371,.F.);
#5599=ORIENTED_EDGE('',*,*,#4372,.F.);
#5600=ORIENTED_EDGE('',*,*,#4373,.T.);
#5601=ORIENTED_EDGE('',*,*,#4374,.T.);
#5602=ORIENTED_EDGE('',*,*,#4375,.T.);
#5603=ORIENTED_EDGE('',*,*,#4376,.T.);
#5604=ORIENTED_EDGE('',*,*,#4377,.T.);
#5605=ORIENTED_EDGE('',*,*,#4378,.T.);
#5606=ORIENTED_EDGE('',*,*,#4379,.T.);
#5607=ORIENTED_EDGE('',*,*,#4380,.T.);
#5608=ORIENTED_EDGE('',*,*,#4381,.T.);
#5609=ORIENTED_EDGE('',*,*,#4382,.T.);
#5610=ORIENTED_EDGE('',*,*,#4383,.T.);
#5611=ORIENTED_EDGE('',*,*,#4384,.T.);
#5612=ORIENTED_EDGE('',*,*,#4385,.T.);
#5613=ORIENTED_EDGE('',*,*,#4386,.T.);
#5614=ORIENTED_EDGE('',*,*,#4387,.T.);
#5615=ORIENTED_EDGE('',*,*,#4388,.T.);
#5616=ORIENTED_EDGE('',*,*,#4389,.F.);
#5617=ORIENTED_EDGE('',*,*,#4390,.F.);
#5618=ORIENTED_EDGE('',*,*,#4391,.F.);
#5619=ORIENTED_EDGE('',*,*,#4392,.F.);
#5620=ORIENTED_EDGE('',*,*,#4393,.T.);
#5621=ORIENTED_EDGE('',*,*,#4394,.T.);
#5622=ORIENTED_EDGE('',*,*,#4395,.T.);
#5623=ORIENTED_EDGE('',*,*,#4396,.T.);
#5624=ORIENTED_EDGE('',*,*,#4397,.T.);
#5625=ORIENTED_EDGE('',*,*,#4398,.T.);
#5626=ORIENTED_EDGE('',*,*,#4399,.T.);
#5627=ORIENTED_EDGE('',*,*,#4400,.T.);
#5628=ORIENTED_EDGE('',*,*,#4401,.T.);
#5629=ORIENTED_EDGE('',*,*,#4402,.T.);
#5630=ORIENTED_EDGE('',*,*,#4403,.T.);
#5631=ORIENTED_EDGE('',*,*,#4404,.T.);
#5632=ORIENTED_EDGE('',*,*,#4405,.T.);
#5633=ORIENTED_EDGE('',*,*,#4406,.T.);
#5634=ORIENTED_EDGE('',*,*,#4407,.T.);
#5635=ORIENTED_EDGE('',*,*,#4408,.T.);
#5636=ORIENTED_EDGE('',*,*,#4409,.F.);
#5637=ORIENTED_EDGE('',*,*,#4410,.F.);
#5638=ORIENTED_EDGE('',*,*,#4411,.F.);
#5639=ORIENTED_EDGE('',*,*,#4412,.F.);
#5640=ORIENTED_EDGE('',*,*,#4413,.F.);
#5641=ORIENTED_EDGE('',*,*,#4414,.F.);
#5642=ORIENTED_EDGE('',*,*,#4415,.F.);
#5643=ORIENTED_EDGE('',*,*,#4416,.T.);
#5644=ORIENTED_EDGE('',*,*,#4417,.T.);
#5645=ORIENTED_EDGE('',*,*,#4418,.T.);
#5646=ORIENTED_EDGE('',*,*,#4419,.T.);
#5647=ORIENTED_EDGE('',*,*,#4420,.T.);
#5648=ORIENTED_EDGE('',*,*,#4421,.T.);
#5649=ORIENTED_EDGE('',*,*,#4422,.T.);
#5650=ORIENTED_EDGE('',*,*,#4423,.T.);
#5651=ORIENTED_EDGE('',*,*,#4424,.T.);
#5652=ORIENTED_EDGE('',*,*,#4425,.T.);
#5653=ORIENTED_EDGE('',*,*,#4426,.T.);
#5654=ORIENTED_EDGE('',*,*,#4427,.T.);
#5655=ORIENTED_EDGE('',*,*,#4428,.T.);
#5656=ORIENTED_EDGE('',*,*,#4429,.T.);
#5657=ORIENTED_EDGE('',*,*,#4430,.T.);
#5658=ORIENTED_EDGE('',*,*,#4431,.T.);
#5659=ORIENTED_EDGE('',*,*,#4432,.F.);
#5660=ORIENTED_EDGE('',*,*,#4433,.F.);
#5661=ORIENTED_EDGE('',*,*,#4434,.F.);
#5662=ORIENTED_EDGE('',*,*,#4435,.F.);
#5663=ORIENTED_EDGE('',*,*,#4436,.F.);
#5664=ORIENTED_EDGE('',*,*,#4437,.F.);
#5665=ORIENTED_EDGE('',*,*,#4438,.F.);
#5666=ORIENTED_EDGE('',*,*,#4439,.T.);
#5667=ORIENTED_EDGE('',*,*,#4440,.T.);
#5668=ORIENTED_EDGE('',*,*,#4441,.T.);
#5669=ORIENTED_EDGE('',*,*,#4442,.T.);
#5670=ORIENTED_EDGE('',*,*,#4443,.T.);
#5671=ORIENTED_EDGE('',*,*,#4444,.T.);
#5672=ORIENTED_EDGE('',*,*,#4445,.T.);
#5673=ORIENTED_EDGE('',*,*,#4446,.T.);
#5674=ORIENTED_EDGE('',*,*,#4447,.T.);
#5675=ORIENTED_EDGE('',*,*,#4448,.T.);
#5676=ORIENTED_EDGE('',*,*,#4449,.T.);
#5677=ORIENTED_EDGE('',*,*,#4450,.T.);
#5678=ORIENTED_EDGE('',*,*,#4451,.T.);
#5679=ORIENTED_EDGE('',*,*,#4452,.T.);
#5680=ORIENTED_EDGE('',*,*,#4453,.T.);
#5681=ORIENTED_EDGE('',*,*,#4454,.T.);
#5682=ORIENTED_EDGE('',*,*,#4455,.F.);
#5683=ORIENTED_EDGE('',*,*,#4456,.F.);
#5684=ORIENTED_EDGE('',*,*,#4457,.F.);
#5685=ORIENTED_EDGE('',*,*,#4458,.F.);
#5686=ORIENTED_EDGE('',*,*,#4459,.T.);
#5687=ORIENTED_EDGE('',*,*,#4460,.T.);
#5688=ORIENTED_EDGE('',*,*,#4461,.T.);
#5689=ORIENTED_EDGE('',*,*,#4462,.T.);
#5690=ORIENTED_EDGE('',*,*,#4463,.T.);
#5691=ORIENTED_EDGE('',*,*,#4464,.T.);
#5692=ORIENTED_EDGE('',*,*,#4465,.T.);
#5693=ORIENTED_EDGE('',*,*,#4466,.T.);
#5694=ORIENTED_EDGE('',*,*,#4467,.T.);
#5695=ORIENTED_EDGE('',*,*,#4468,.T.);
#5696=ORIENTED_EDGE('',*,*,#4469,.T.);
#5697=ORIENTED_EDGE('',*,*,#4470,.T.);
#5698=ORIENTED_EDGE('',*,*,#4471,.T.);
#5699=ORIENTED_EDGE('',*,*,#4472,.T.);
#5700=ORIENTED_EDGE('',*,*,#4473,.T.);
#5701=ORIENTED_EDGE('',*,*,#4474,.T.);
#5702=ORIENTED_EDGE('',*,*,#4475,.F.);
#5703=ORIENTED_EDGE('',*,*,#4476,.F.);
#5704=ORIENTED_EDGE('',*,*,#4477,.F.);
#5705=ORIENTED_EDGE('',*,*,#4478,.F.);
#5706=ORIENTED_EDGE('',*,*,#4479,.F.);
#5707=ORIENTED_EDGE('',*,*,#4480,.F.);
#5708=ORIENTED_EDGE('',*,*,#4481,.F.);
#5709=ORIENTED_EDGE('',*,*,#4482,.F.);
#5710=ORIENTED_EDGE('',*,*,#4483,.F.);
#5711=ORIENTED_EDGE('',*,*,#4484,.F.);
#5712=ORIENTED_EDGE('',*,*,#4485,.F.);
#5713=ORIENTED_EDGE('',*,*,#4486,.F.);
#5714=ORIENTED_EDGE('',*,*,#4487,.F.);
#5715=ORIENTED_EDGE('',*,*,#4488,.F.);
#5716=ORIENTED_EDGE('',*,*,#4489,.F.);
#5717=ORIENTED_EDGE('',*,*,#4490,.F.);
#5718=ORIENTED_EDGE('',*,*,#4491,.F.);
#5719=ORIENTED_EDGE('',*,*,#4492,.F.);
#5720=ORIENTED_EDGE('',*,*,#4493,.F.);
#5721=ORIENTED_EDGE('',*,*,#4494,.F.);
#5722=ORIENTED_EDGE('',*,*,#4495,.F.);
#5723=ORIENTED_EDGE('',*,*,#4496,.F.);
#5724=ORIENTED_EDGE('',*,*,#4497,.F.);
#5725=ORIENTED_EDGE('',*,*,#4498,.F.);
#5726=ORIENTED_EDGE('',*,*,#4499,.F.);
#5727=ORIENTED_EDGE('',*,*,#4500,.F.);
#5728=ORIENTED_EDGE('',*,*,#4501,.F.);
#5729=ORIENTED_EDGE('',*,*,#4502,.F.);
#5730=ORIENTED_EDGE('',*,*,#4503,.F.);
#5731=ORIENTED_EDGE('',*,*,#4504,.F.);
#5732=ORIENTED_EDGE('',*,*,#4505,.F.);
#5733=ORIENTED_EDGE('',*,*,#4506,.F.);
#5734=ORIENTED_EDGE('',*,*,#4507,.F.);
#5735=ORIENTED_EDGE('',*,*,#4508,.F.);
#5736=ORIENTED_EDGE('',*,*,#4509,.F.);
#5737=ORIENTED_EDGE('',*,*,#4510,.F.);
#5738=ORIENTED_EDGE('',*,*,#4511,.F.);
#5739=ORIENTED_EDGE('',*,*,#4512,.F.);
#5740=ORIENTED_EDGE('',*,*,#4513,.F.);
#5741=ORIENTED_EDGE('',*,*,#4514,.F.);
#5742=ORIENTED_EDGE('',*,*,#4515,.F.);
#5743=ORIENTED_EDGE('',*,*,#4516,.F.);
#5744=ORIENTED_EDGE('',*,*,#4517,.F.);
#5745=ORIENTED_EDGE('',*,*,#4518,.F.);
#5746=ORIENTED_EDGE('',*,*,#4519,.F.);
#5747=ORIENTED_EDGE('',*,*,#4520,.F.);
#5748=ORIENTED_EDGE('',*,*,#4521,.F.);
#5749=ORIENTED_EDGE('',*,*,#4297,.F.);
#5750=ORIENTED_EDGE('',*,*,#4301,.F.);
#5751=ORIENTED_EDGE('',*,*,#4522,.F.);
#5752=ORIENTED_EDGE('',*,*,#4303,.F.);
#5753=ORIENTED_EDGE('',*,*,#4523,.F.);
#5754=ORIENTED_EDGE('',*,*,#4524,.F.);
#5755=ORIENTED_EDGE('',*,*,#4525,.F.);
#5756=ORIENTED_EDGE('',*,*,#4526,.F.);
#5757=ORIENTED_EDGE('',*,*,#4527,.F.);
#5758=ORIENTED_EDGE('',*,*,#4528,.F.);
#5759=ORIENTED_EDGE('',*,*,#4529,.F.);
#5760=ORIENTED_EDGE('',*,*,#4530,.F.);
#5761=ORIENTED_EDGE('',*,*,#4531,.F.);
#5762=ORIENTED_EDGE('',*,*,#4532,.F.);
#5763=ORIENTED_EDGE('',*,*,#4533,.F.);
#5764=ORIENTED_EDGE('',*,*,#4534,.F.);
#5765=ORIENTED_EDGE('',*,*,#4535,.F.);
#5766=ORIENTED_EDGE('',*,*,#4536,.F.);
#5767=ORIENTED_EDGE('',*,*,#4537,.F.);
#5768=ORIENTED_EDGE('',*,*,#4538,.F.);
#5769=ORIENTED_EDGE('',*,*,#4539,.T.);
#5770=ORIENTED_EDGE('',*,*,#4540,.T.);
#5771=ORIENTED_EDGE('',*,*,#4541,.T.);
#5772=ORIENTED_EDGE('',*,*,#4542,.T.);
#5773=ORIENTED_EDGE('',*,*,#4543,.T.);
#5774=ORIENTED_EDGE('',*,*,#4544,.T.);
#5775=ORIENTED_EDGE('',*,*,#4545,.T.);
#5776=ORIENTED_EDGE('',*,*,#4546,.F.);
#5777=ORIENTED_EDGE('',*,*,#4547,.F.);
#5778=ORIENTED_EDGE('',*,*,#4548,.F.);
#5779=ORIENTED_EDGE('',*,*,#4549,.F.);
#5780=ORIENTED_EDGE('',*,*,#4550,.F.);
#5781=ORIENTED_EDGE('',*,*,#4551,.F.);
#5782=ORIENTED_EDGE('',*,*,#4552,.F.);
#5783=ORIENTED_EDGE('',*,*,#4553,.F.);
#5784=ORIENTED_EDGE('',*,*,#4554,.F.);
#5785=ORIENTED_EDGE('',*,*,#4555,.F.);
#5786=ORIENTED_EDGE('',*,*,#4556,.F.);
#5787=ORIENTED_EDGE('',*,*,#4557,.F.);
#5788=ORIENTED_EDGE('',*,*,#4558,.F.);
#5789=ORIENTED_EDGE('',*,*,#4559,.F.);
#5790=ORIENTED_EDGE('',*,*,#4560,.F.);
#5791=ORIENTED_EDGE('',*,*,#4561,.F.);
#5792=ORIENTED_EDGE('',*,*,#4562,.T.);
#5793=ORIENTED_EDGE('',*,*,#4563,.T.);
#5794=ORIENTED_EDGE('',*,*,#4564,.T.);
#5795=ORIENTED_EDGE('',*,*,#4565,.T.);
#5796=ORIENTED_EDGE('',*,*,#4566,.T.);
#5797=ORIENTED_EDGE('',*,*,#4567,.T.);
#5798=ORIENTED_EDGE('',*,*,#4568,.T.);
#5799=ORIENTED_EDGE('',*,*,#4569,.F.);
#5800=ORIENTED_EDGE('',*,*,#4570,.F.);
#5801=ORIENTED_EDGE('',*,*,#4571,.F.);
#5802=ORIENTED_EDGE('',*,*,#4572,.F.);
#5803=ORIENTED_EDGE('',*,*,#4573,.F.);
#5804=ORIENTED_EDGE('',*,*,#4574,.F.);
#5805=ORIENTED_EDGE('',*,*,#4575,.F.);
#5806=ORIENTED_EDGE('',*,*,#4576,.F.);
#5807=ORIENTED_EDGE('',*,*,#4577,.F.);
#5808=ORIENTED_EDGE('',*,*,#4578,.F.);
#5809=ORIENTED_EDGE('',*,*,#4579,.F.);
#5810=ORIENTED_EDGE('',*,*,#4580,.F.);
#5811=ORIENTED_EDGE('',*,*,#4581,.F.);
#5812=ORIENTED_EDGE('',*,*,#4582,.F.);
#5813=ORIENTED_EDGE('',*,*,#4583,.F.);
#5814=ORIENTED_EDGE('',*,*,#4584,.F.);
#5815=ORIENTED_EDGE('',*,*,#4585,.T.);
#5816=ORIENTED_EDGE('',*,*,#4586,.T.);
#5817=ORIENTED_EDGE('',*,*,#4587,.T.);
#5818=ORIENTED_EDGE('',*,*,#4588,.T.);
#5819=ORIENTED_EDGE('',*,*,#4589,.F.);
#5820=ORIENTED_EDGE('',*,*,#4590,.F.);
#5821=ORIENTED_EDGE('',*,*,#4591,.F.);
#5822=ORIENTED_EDGE('',*,*,#4592,.F.);
#5823=ORIENTED_EDGE('',*,*,#4593,.F.);
#5824=ORIENTED_EDGE('',*,*,#4594,.F.);
#5825=ORIENTED_EDGE('',*,*,#4595,.F.);
#5826=ORIENTED_EDGE('',*,*,#4596,.F.);
#5827=ORIENTED_EDGE('',*,*,#4597,.F.);
#5828=ORIENTED_EDGE('',*,*,#4598,.F.);
#5829=ORIENTED_EDGE('',*,*,#4599,.F.);
#5830=ORIENTED_EDGE('',*,*,#4600,.F.);
#5831=ORIENTED_EDGE('',*,*,#4601,.F.);
#5832=ORIENTED_EDGE('',*,*,#4602,.F.);
#5833=ORIENTED_EDGE('',*,*,#4603,.F.);
#5834=ORIENTED_EDGE('',*,*,#4604,.F.);
#5835=ORIENTED_EDGE('',*,*,#4605,.T.);
#5836=ORIENTED_EDGE('',*,*,#4606,.T.);
#5837=ORIENTED_EDGE('',*,*,#4607,.T.);
#5838=ORIENTED_EDGE('',*,*,#4608,.T.);
#5839=ORIENTED_EDGE('',*,*,#4609,.F.);
#5840=ORIENTED_EDGE('',*,*,#4610,.F.);
#5841=ORIENTED_EDGE('',*,*,#4611,.F.);
#5842=ORIENTED_EDGE('',*,*,#4612,.F.);
#5843=ORIENTED_EDGE('',*,*,#4613,.F.);
#5844=ORIENTED_EDGE('',*,*,#4614,.F.);
#5845=ORIENTED_EDGE('',*,*,#4615,.F.);
#5846=ORIENTED_EDGE('',*,*,#4616,.F.);
#5847=ORIENTED_EDGE('',*,*,#4617,.F.);
#5848=ORIENTED_EDGE('',*,*,#4618,.F.);
#5849=ORIENTED_EDGE('',*,*,#4619,.F.);
#5850=ORIENTED_EDGE('',*,*,#4620,.F.);
#5851=ORIENTED_EDGE('',*,*,#4621,.F.);
#5852=ORIENTED_EDGE('',*,*,#4622,.F.);
#5853=ORIENTED_EDGE('',*,*,#4623,.F.);
#5854=ORIENTED_EDGE('',*,*,#4624,.F.);
#5855=ORIENTED_EDGE('',*,*,#4625,.T.);
#5856=ORIENTED_EDGE('',*,*,#4626,.T.);
#5857=ORIENTED_EDGE('',*,*,#4627,.T.);
#5858=ORIENTED_EDGE('',*,*,#4628,.T.);
#5859=ORIENTED_EDGE('',*,*,#4629,.T.);
#5860=ORIENTED_EDGE('',*,*,#4630,.T.);
#5861=ORIENTED_EDGE('',*,*,#4631,.T.);
#5862=ORIENTED_EDGE('',*,*,#4632,.F.);
#5863=ORIENTED_EDGE('',*,*,#4633,.F.);
#5864=ORIENTED_EDGE('',*,*,#4634,.F.);
#5865=ORIENTED_EDGE('',*,*,#4635,.F.);
#5866=ORIENTED_EDGE('',*,*,#4636,.F.);
#5867=ORIENTED_EDGE('',*,*,#4637,.F.);
#5868=ORIENTED_EDGE('',*,*,#4638,.F.);
#5869=ORIENTED_EDGE('',*,*,#4639,.F.);
#5870=ORIENTED_EDGE('',*,*,#4640,.F.);
#5871=ORIENTED_EDGE('',*,*,#4641,.F.);
#5872=ORIENTED_EDGE('',*,*,#4642,.F.);
#5873=ORIENTED_EDGE('',*,*,#4643,.F.);
#5874=ORIENTED_EDGE('',*,*,#4644,.F.);
#5875=ORIENTED_EDGE('',*,*,#4645,.F.);
#5876=ORIENTED_EDGE('',*,*,#4646,.F.);
#5877=ORIENTED_EDGE('',*,*,#4647,.F.);
#5878=ORIENTED_EDGE('',*,*,#4648,.T.);
#5879=ORIENTED_EDGE('',*,*,#4649,.T.);
#5880=ORIENTED_EDGE('',*,*,#4650,.T.);
#5881=ORIENTED_EDGE('',*,*,#4651,.T.);
#5882=ORIENTED_EDGE('',*,*,#4652,.T.);
#5883=ORIENTED_EDGE('',*,*,#4653,.T.);
#5884=ORIENTED_EDGE('',*,*,#4654,.T.);
#5885=ORIENTED_EDGE('',*,*,#4655,.F.);
#5886=ORIENTED_EDGE('',*,*,#4656,.F.);
#5887=ORIENTED_EDGE('',*,*,#4657,.F.);
#5888=ORIENTED_EDGE('',*,*,#4658,.F.);
#5889=ORIENTED_EDGE('',*,*,#4659,.F.);
#5890=ORIENTED_EDGE('',*,*,#4660,.F.);
#5891=ORIENTED_EDGE('',*,*,#4661,.F.);
#5892=ORIENTED_EDGE('',*,*,#4662,.F.);
#5893=ORIENTED_EDGE('',*,*,#4663,.F.);
#5894=ORIENTED_EDGE('',*,*,#4664,.F.);
#5895=ORIENTED_EDGE('',*,*,#4665,.F.);
#5896=ORIENTED_EDGE('',*,*,#4666,.F.);
#5897=ORIENTED_EDGE('',*,*,#4667,.F.);
#5898=ORIENTED_EDGE('',*,*,#4668,.F.);
#5899=ORIENTED_EDGE('',*,*,#4669,.F.);
#5900=ORIENTED_EDGE('',*,*,#4670,.F.);
#5901=ORIENTED_EDGE('',*,*,#4671,.T.);
#5902=ORIENTED_EDGE('',*,*,#4672,.T.);
#5903=ORIENTED_EDGE('',*,*,#4673,.T.);
#5904=ORIENTED_EDGE('',*,*,#4674,.T.);
#5905=ORIENTED_EDGE('',*,*,#4675,.F.);
#5906=ORIENTED_EDGE('',*,*,#4676,.F.);
#5907=ORIENTED_EDGE('',*,*,#4677,.F.);
#5908=ORIENTED_EDGE('',*,*,#4678,.F.);
#5909=ORIENTED_EDGE('',*,*,#4679,.F.);
#5910=ORIENTED_EDGE('',*,*,#4680,.F.);
#5911=ORIENTED_EDGE('',*,*,#4681,.F.);
#5912=ORIENTED_EDGE('',*,*,#4682,.F.);
#5913=ORIENTED_EDGE('',*,*,#4683,.F.);
#5914=ORIENTED_EDGE('',*,*,#4684,.F.);
#5915=ORIENTED_EDGE('',*,*,#4685,.F.);
#5916=ORIENTED_EDGE('',*,*,#4686,.F.);
#5917=ORIENTED_EDGE('',*,*,#4687,.F.);
#5918=ORIENTED_EDGE('',*,*,#4688,.F.);
#5919=ORIENTED_EDGE('',*,*,#4689,.F.);
#5920=ORIENTED_EDGE('',*,*,#4690,.F.);
#5921=ORIENTED_EDGE('',*,*,#4691,.T.);
#5922=ORIENTED_EDGE('',*,*,#4692,.T.);
#5923=ORIENTED_EDGE('',*,*,#4693,.T.);
#5924=ORIENTED_EDGE('',*,*,#4694,.T.);
#5925=ORIENTED_EDGE('',*,*,#4695,.T.);
#5926=ORIENTED_EDGE('',*,*,#4696,.T.);
#5927=ORIENTED_EDGE('',*,*,#4697,.T.);
#5928=ORIENTED_EDGE('',*,*,#4698,.T.);
#5929=ORIENTED_EDGE('',*,*,#4699,.T.);
#5930=ORIENTED_EDGE('',*,*,#4700,.T.);
#5931=ORIENTED_EDGE('',*,*,#4701,.T.);
#5932=ORIENTED_EDGE('',*,*,#4702,.T.);
#5933=ORIENTED_EDGE('',*,*,#4703,.T.);
#5934=ORIENTED_EDGE('',*,*,#4704,.T.);
#5935=ORIENTED_EDGE('',*,*,#4705,.T.);
#5936=ORIENTED_EDGE('',*,*,#4706,.T.);
#5937=ORIENTED_EDGE('',*,*,#4707,.T.);
#5938=ORIENTED_EDGE('',*,*,#4708,.T.);
#5939=ORIENTED_EDGE('',*,*,#4709,.T.);
#5940=ORIENTED_EDGE('',*,*,#4710,.T.);
#5941=ORIENTED_EDGE('',*,*,#4711,.T.);
#5942=ORIENTED_EDGE('',*,*,#4712,.T.);
#5943=ORIENTED_EDGE('',*,*,#4713,.T.);
#5944=ORIENTED_EDGE('',*,*,#4714,.T.);
#5945=ORIENTED_EDGE('',*,*,#4715,.T.);
#5946=ORIENTED_EDGE('',*,*,#4716,.T.);
#5947=ORIENTED_EDGE('',*,*,#4717,.T.);
#5948=ORIENTED_EDGE('',*,*,#4718,.T.);
#5949=ORIENTED_EDGE('',*,*,#4719,.T.);
#5950=ORIENTED_EDGE('',*,*,#4720,.T.);
#5951=ORIENTED_EDGE('',*,*,#4721,.T.);
#5952=ORIENTED_EDGE('',*,*,#4722,.T.);
#5953=ORIENTED_EDGE('',*,*,#4723,.T.);
#5954=ORIENTED_EDGE('',*,*,#4724,.T.);
#5955=ORIENTED_EDGE('',*,*,#4725,.T.);
#5956=ORIENTED_EDGE('',*,*,#4726,.T.);
#5957=ORIENTED_EDGE('',*,*,#4727,.T.);
#5958=ORIENTED_EDGE('',*,*,#4728,.T.);
#5959=ORIENTED_EDGE('',*,*,#4729,.T.);
#5960=ORIENTED_EDGE('',*,*,#4730,.T.);
#5961=ORIENTED_EDGE('',*,*,#4731,.T.);
#5962=ORIENTED_EDGE('',*,*,#4732,.T.);
#5963=ORIENTED_EDGE('',*,*,#4733,.T.);
#5964=ORIENTED_EDGE('',*,*,#4734,.T.);
#5965=ORIENTED_EDGE('',*,*,#4735,.T.);
#5966=ORIENTED_EDGE('',*,*,#4736,.T.);
#5967=ORIENTED_EDGE('',*,*,#4737,.T.);
#5968=ORIENTED_EDGE('',*,*,#4304,.T.);
#5969=ORIENTED_EDGE('',*,*,#4522,.T.);
#5970=ORIENTED_EDGE('',*,*,#4300,.F.);
#5971=ORIENTED_EDGE('',*,*,#4306,.F.);
#5972=ORIENTED_EDGE('',*,*,#4738,.T.);
#5973=ORIENTED_EDGE('',*,*,#4523,.T.);
#5974=ORIENTED_EDGE('',*,*,#4739,.F.);
#5975=ORIENTED_EDGE('',*,*,#4307,.F.);
#5976=ORIENTED_EDGE('',*,*,#4740,.T.);
#5977=ORIENTED_EDGE('',*,*,#4524,.T.);
#5978=ORIENTED_EDGE('',*,*,#4738,.F.);
#5979=ORIENTED_EDGE('',*,*,#4322,.F.);
#5980=ORIENTED_EDGE('',*,*,#4739,.T.);
#5981=ORIENTED_EDGE('',*,*,#4538,.T.);
#5982=ORIENTED_EDGE('',*,*,#4741,.F.);
#5983=ORIENTED_EDGE('',*,*,#4308,.F.);
#5984=ORIENTED_EDGE('',*,*,#4742,.T.);
#5985=ORIENTED_EDGE('',*,*,#4525,.T.);
#5986=ORIENTED_EDGE('',*,*,#4740,.F.);
#5987=ORIENTED_EDGE('',*,*,#4321,.F.);
#5988=ORIENTED_EDGE('',*,*,#4741,.T.);
#5989=ORIENTED_EDGE('',*,*,#4537,.T.);
#5990=ORIENTED_EDGE('',*,*,#4743,.F.);
#5991=ORIENTED_EDGE('',*,*,#4309,.F.);
#5992=ORIENTED_EDGE('',*,*,#4744,.T.);
#5993=ORIENTED_EDGE('',*,*,#4526,.T.);
#5994=ORIENTED_EDGE('',*,*,#4742,.F.);
#5995=ORIENTED_EDGE('',*,*,#4320,.F.);
#5996=ORIENTED_EDGE('',*,*,#4743,.T.);
#5997=ORIENTED_EDGE('',*,*,#4536,.T.);
#5998=ORIENTED_EDGE('',*,*,#4745,.F.);
#5999=ORIENTED_EDGE('',*,*,#4310,.F.);
#6000=ORIENTED_EDGE('',*,*,#4746,.T.);
#6001=ORIENTED_EDGE('',*,*,#4527,.T.);
#6002=ORIENTED_EDGE('',*,*,#4744,.F.);
#6003=ORIENTED_EDGE('',*,*,#4319,.F.);
#6004=ORIENTED_EDGE('',*,*,#4745,.T.);
#6005=ORIENTED_EDGE('',*,*,#4535,.T.);
#6006=ORIENTED_EDGE('',*,*,#4747,.F.);
#6007=ORIENTED_EDGE('',*,*,#4311,.F.);
#6008=ORIENTED_EDGE('',*,*,#4748,.T.);
#6009=ORIENTED_EDGE('',*,*,#4528,.T.);
#6010=ORIENTED_EDGE('',*,*,#4746,.F.);
#6011=ORIENTED_EDGE('',*,*,#4318,.F.);
#6012=ORIENTED_EDGE('',*,*,#4747,.T.);
#6013=ORIENTED_EDGE('',*,*,#4534,.T.);
#6014=ORIENTED_EDGE('',*,*,#4749,.F.);
#6015=ORIENTED_EDGE('',*,*,#4312,.F.);
#6016=ORIENTED_EDGE('',*,*,#4750,.T.);
#6017=ORIENTED_EDGE('',*,*,#4529,.T.);
#6018=ORIENTED_EDGE('',*,*,#4748,.F.);
#6019=ORIENTED_EDGE('',*,*,#4317,.F.);
#6020=ORIENTED_EDGE('',*,*,#4749,.T.);
#6021=ORIENTED_EDGE('',*,*,#4533,.T.);
#6022=ORIENTED_EDGE('',*,*,#4751,.F.);
#6023=ORIENTED_EDGE('',*,*,#4313,.F.);
#6024=ORIENTED_EDGE('',*,*,#4752,.T.);
#6025=ORIENTED_EDGE('',*,*,#4530,.T.);
#6026=ORIENTED_EDGE('',*,*,#4750,.F.);
#6027=ORIENTED_EDGE('',*,*,#4316,.F.);
#6028=ORIENTED_EDGE('',*,*,#4751,.T.);
#6029=ORIENTED_EDGE('',*,*,#4532,.T.);
#6030=ORIENTED_EDGE('',*,*,#4753,.F.);
#6031=ORIENTED_EDGE('',*,*,#4314,.F.);
#6032=ORIENTED_EDGE('',*,*,#4753,.T.);
#6033=ORIENTED_EDGE('',*,*,#4531,.T.);
#6034=ORIENTED_EDGE('',*,*,#4752,.F.);
#6035=ORIENTED_EDGE('',*,*,#4315,.F.);
#6036=ORIENTED_EDGE('',*,*,#4539,.F.);
#6037=ORIENTED_EDGE('',*,*,#4754,.T.);
#6038=ORIENTED_EDGE('',*,*,#4323,.T.);
#6039=ORIENTED_EDGE('',*,*,#4754,.F.);
#6040=ORIENTED_EDGE('',*,*,#4540,.F.);
#6041=ORIENTED_EDGE('',*,*,#4755,.T.);
#6042=ORIENTED_EDGE('',*,*,#4324,.T.);
#6043=ORIENTED_EDGE('',*,*,#4755,.F.);
#6044=ORIENTED_EDGE('',*,*,#4541,.F.);
#6045=ORIENTED_EDGE('',*,*,#4756,.T.);
#6046=ORIENTED_EDGE('',*,*,#4325,.T.);
#6047=ORIENTED_EDGE('',*,*,#4756,.F.);
#6048=ORIENTED_EDGE('',*,*,#4542,.F.);
#6049=ORIENTED_EDGE('',*,*,#4757,.T.);
#6050=ORIENTED_EDGE('',*,*,#4326,.T.);
#6051=ORIENTED_EDGE('',*,*,#4757,.F.);
#6052=ORIENTED_EDGE('',*,*,#4543,.F.);
#6053=ORIENTED_EDGE('',*,*,#4758,.T.);
#6054=ORIENTED_EDGE('',*,*,#4327,.T.);
#6055=ORIENTED_EDGE('',*,*,#4758,.F.);
#6056=ORIENTED_EDGE('',*,*,#4544,.F.);
#6057=ORIENTED_EDGE('',*,*,#4759,.T.);
#6058=ORIENTED_EDGE('',*,*,#4328,.T.);
#6059=ORIENTED_EDGE('',*,*,#4759,.F.);
#6060=ORIENTED_EDGE('',*,*,#4545,.F.);
#6061=ORIENTED_EDGE('',*,*,#4760,.T.);
#6062=ORIENTED_EDGE('',*,*,#4329,.T.);
#6063=ORIENTED_EDGE('',*,*,#4760,.F.);
#6064=ORIENTED_EDGE('',*,*,#4761,.T.);
#6065=ORIENTED_EDGE('',*,*,#4546,.T.);
#6066=ORIENTED_EDGE('',*,*,#4762,.F.);
#6067=ORIENTED_EDGE('',*,*,#4330,.F.);
#6068=ORIENTED_EDGE('',*,*,#4763,.T.);
#6069=ORIENTED_EDGE('',*,*,#4547,.T.);
#6070=ORIENTED_EDGE('',*,*,#4761,.F.);
#6071=ORIENTED_EDGE('',*,*,#4345,.F.);
#6072=ORIENTED_EDGE('',*,*,#4762,.T.);
#6073=ORIENTED_EDGE('',*,*,#4561,.T.);
#6074=ORIENTED_EDGE('',*,*,#4764,.F.);
#6075=ORIENTED_EDGE('',*,*,#4331,.F.);
#6076=ORIENTED_EDGE('',*,*,#4765,.T.);
#6077=ORIENTED_EDGE('',*,*,#4548,.T.);
#6078=ORIENTED_EDGE('',*,*,#4763,.F.);
#6079=ORIENTED_EDGE('',*,*,#4344,.F.);
#6080=ORIENTED_EDGE('',*,*,#4764,.T.);
#6081=ORIENTED_EDGE('',*,*,#4560,.T.);
#6082=ORIENTED_EDGE('',*,*,#4766,.F.);
#6083=ORIENTED_EDGE('',*,*,#4332,.F.);
#6084=ORIENTED_EDGE('',*,*,#4767,.T.);
#6085=ORIENTED_EDGE('',*,*,#4549,.T.);
#6086=ORIENTED_EDGE('',*,*,#4765,.F.);
#6087=ORIENTED_EDGE('',*,*,#4343,.F.);
#6088=ORIENTED_EDGE('',*,*,#4766,.T.);
#6089=ORIENTED_EDGE('',*,*,#4559,.T.);
#6090=ORIENTED_EDGE('',*,*,#4768,.F.);
#6091=ORIENTED_EDGE('',*,*,#4333,.F.);
#6092=ORIENTED_EDGE('',*,*,#4769,.T.);
#6093=ORIENTED_EDGE('',*,*,#4550,.T.);
#6094=ORIENTED_EDGE('',*,*,#4767,.F.);
#6095=ORIENTED_EDGE('',*,*,#4342,.F.);
#6096=ORIENTED_EDGE('',*,*,#4768,.T.);
#6097=ORIENTED_EDGE('',*,*,#4558,.T.);
#6098=ORIENTED_EDGE('',*,*,#4770,.F.);
#6099=ORIENTED_EDGE('',*,*,#4334,.F.);
#6100=ORIENTED_EDGE('',*,*,#4771,.T.);
#6101=ORIENTED_EDGE('',*,*,#4551,.T.);
#6102=ORIENTED_EDGE('',*,*,#4769,.F.);
#6103=ORIENTED_EDGE('',*,*,#4341,.F.);
#6104=ORIENTED_EDGE('',*,*,#4770,.T.);
#6105=ORIENTED_EDGE('',*,*,#4557,.T.);
#6106=ORIENTED_EDGE('',*,*,#4772,.F.);
#6107=ORIENTED_EDGE('',*,*,#4335,.F.);
#6108=ORIENTED_EDGE('',*,*,#4773,.T.);
#6109=ORIENTED_EDGE('',*,*,#4552,.T.);
#6110=ORIENTED_EDGE('',*,*,#4771,.F.);
#6111=ORIENTED_EDGE('',*,*,#4340,.F.);
#6112=ORIENTED_EDGE('',*,*,#4772,.T.);
#6113=ORIENTED_EDGE('',*,*,#4556,.T.);
#6114=ORIENTED_EDGE('',*,*,#4774,.F.);
#6115=ORIENTED_EDGE('',*,*,#4336,.F.);
#6116=ORIENTED_EDGE('',*,*,#4775,.T.);
#6117=ORIENTED_EDGE('',*,*,#4553,.T.);
#6118=ORIENTED_EDGE('',*,*,#4773,.F.);
#6119=ORIENTED_EDGE('',*,*,#4339,.F.);
#6120=ORIENTED_EDGE('',*,*,#4774,.T.);
#6121=ORIENTED_EDGE('',*,*,#4555,.T.);
#6122=ORIENTED_EDGE('',*,*,#4776,.F.);
#6123=ORIENTED_EDGE('',*,*,#4337,.F.);
#6124=ORIENTED_EDGE('',*,*,#4776,.T.);
#6125=ORIENTED_EDGE('',*,*,#4554,.T.);
#6126=ORIENTED_EDGE('',*,*,#4775,.F.);
#6127=ORIENTED_EDGE('',*,*,#4338,.F.);
#6128=ORIENTED_EDGE('',*,*,#4562,.F.);
#6129=ORIENTED_EDGE('',*,*,#4777,.T.);
#6130=ORIENTED_EDGE('',*,*,#4346,.T.);
#6131=ORIENTED_EDGE('',*,*,#4777,.F.);
#6132=ORIENTED_EDGE('',*,*,#4563,.F.);
#6133=ORIENTED_EDGE('',*,*,#4778,.T.);
#6134=ORIENTED_EDGE('',*,*,#4347,.T.);
#6135=ORIENTED_EDGE('',*,*,#4778,.F.);
#6136=ORIENTED_EDGE('',*,*,#4564,.F.);
#6137=ORIENTED_EDGE('',*,*,#4779,.T.);
#6138=ORIENTED_EDGE('',*,*,#4348,.T.);
#6139=ORIENTED_EDGE('',*,*,#4779,.F.);
#6140=ORIENTED_EDGE('',*,*,#4565,.F.);
#6141=ORIENTED_EDGE('',*,*,#4780,.T.);
#6142=ORIENTED_EDGE('',*,*,#4349,.T.);
#6143=ORIENTED_EDGE('',*,*,#4780,.F.);
#6144=ORIENTED_EDGE('',*,*,#4566,.F.);
#6145=ORIENTED_EDGE('',*,*,#4781,.T.);
#6146=ORIENTED_EDGE('',*,*,#4350,.T.);
#6147=ORIENTED_EDGE('',*,*,#4781,.F.);
#6148=ORIENTED_EDGE('',*,*,#4567,.F.);
#6149=ORIENTED_EDGE('',*,*,#4782,.T.);
#6150=ORIENTED_EDGE('',*,*,#4351,.T.);
#6151=ORIENTED_EDGE('',*,*,#4782,.F.);
#6152=ORIENTED_EDGE('',*,*,#4568,.F.);
#6153=ORIENTED_EDGE('',*,*,#4783,.T.);
#6154=ORIENTED_EDGE('',*,*,#4352,.T.);
#6155=ORIENTED_EDGE('',*,*,#4783,.F.);
#6156=ORIENTED_EDGE('',*,*,#4784,.T.);
#6157=ORIENTED_EDGE('',*,*,#4569,.T.);
#6158=ORIENTED_EDGE('',*,*,#4785,.F.);
#6159=ORIENTED_EDGE('',*,*,#4353,.F.);
#6160=ORIENTED_EDGE('',*,*,#4786,.T.);
#6161=ORIENTED_EDGE('',*,*,#4570,.T.);
#6162=ORIENTED_EDGE('',*,*,#4784,.F.);
#6163=ORIENTED_EDGE('',*,*,#4368,.F.);
#6164=ORIENTED_EDGE('',*,*,#4785,.T.);
#6165=ORIENTED_EDGE('',*,*,#4584,.T.);
#6166=ORIENTED_EDGE('',*,*,#4787,.F.);
#6167=ORIENTED_EDGE('',*,*,#4354,.F.);
#6168=ORIENTED_EDGE('',*,*,#4788,.T.);
#6169=ORIENTED_EDGE('',*,*,#4571,.T.);
#6170=ORIENTED_EDGE('',*,*,#4786,.F.);
#6171=ORIENTED_EDGE('',*,*,#4367,.F.);
#6172=ORIENTED_EDGE('',*,*,#4787,.T.);
#6173=ORIENTED_EDGE('',*,*,#4583,.T.);
#6174=ORIENTED_EDGE('',*,*,#4789,.F.);
#6175=ORIENTED_EDGE('',*,*,#4355,.F.);
#6176=ORIENTED_EDGE('',*,*,#4790,.T.);
#6177=ORIENTED_EDGE('',*,*,#4572,.T.);
#6178=ORIENTED_EDGE('',*,*,#4788,.F.);
#6179=ORIENTED_EDGE('',*,*,#4366,.F.);
#6180=ORIENTED_EDGE('',*,*,#4789,.T.);
#6181=ORIENTED_EDGE('',*,*,#4582,.T.);
#6182=ORIENTED_EDGE('',*,*,#4791,.F.);
#6183=ORIENTED_EDGE('',*,*,#4356,.F.);
#6184=ORIENTED_EDGE('',*,*,#4792,.T.);
#6185=ORIENTED_EDGE('',*,*,#4573,.T.);
#6186=ORIENTED_EDGE('',*,*,#4790,.F.);
#6187=ORIENTED_EDGE('',*,*,#4365,.F.);
#6188=ORIENTED_EDGE('',*,*,#4791,.T.);
#6189=ORIENTED_EDGE('',*,*,#4581,.T.);
#6190=ORIENTED_EDGE('',*,*,#4793,.F.);
#6191=ORIENTED_EDGE('',*,*,#4357,.F.);
#6192=ORIENTED_EDGE('',*,*,#4794,.T.);
#6193=ORIENTED_EDGE('',*,*,#4574,.T.);
#6194=ORIENTED_EDGE('',*,*,#4792,.F.);
#6195=ORIENTED_EDGE('',*,*,#4364,.F.);
#6196=ORIENTED_EDGE('',*,*,#4793,.T.);
#6197=ORIENTED_EDGE('',*,*,#4580,.T.);
#6198=ORIENTED_EDGE('',*,*,#4795,.F.);
#6199=ORIENTED_EDGE('',*,*,#4358,.F.);
#6200=ORIENTED_EDGE('',*,*,#4796,.T.);
#6201=ORIENTED_EDGE('',*,*,#4575,.T.);
#6202=ORIENTED_EDGE('',*,*,#4794,.F.);
#6203=ORIENTED_EDGE('',*,*,#4363,.F.);
#6204=ORIENTED_EDGE('',*,*,#4795,.T.);
#6205=ORIENTED_EDGE('',*,*,#4579,.T.);
#6206=ORIENTED_EDGE('',*,*,#4797,.F.);
#6207=ORIENTED_EDGE('',*,*,#4359,.F.);
#6208=ORIENTED_EDGE('',*,*,#4798,.T.);
#6209=ORIENTED_EDGE('',*,*,#4576,.T.);
#6210=ORIENTED_EDGE('',*,*,#4796,.F.);
#6211=ORIENTED_EDGE('',*,*,#4362,.F.);
#6212=ORIENTED_EDGE('',*,*,#4797,.T.);
#6213=ORIENTED_EDGE('',*,*,#4578,.T.);
#6214=ORIENTED_EDGE('',*,*,#4799,.F.);
#6215=ORIENTED_EDGE('',*,*,#4360,.F.);
#6216=ORIENTED_EDGE('',*,*,#4799,.T.);
#6217=ORIENTED_EDGE('',*,*,#4577,.T.);
#6218=ORIENTED_EDGE('',*,*,#4798,.F.);
#6219=ORIENTED_EDGE('',*,*,#4361,.F.);
#6220=ORIENTED_EDGE('',*,*,#4585,.F.);
#6221=ORIENTED_EDGE('',*,*,#4800,.T.);
#6222=ORIENTED_EDGE('',*,*,#4369,.T.);
#6223=ORIENTED_EDGE('',*,*,#4800,.F.);
#6224=ORIENTED_EDGE('',*,*,#4586,.F.);
#6225=ORIENTED_EDGE('',*,*,#4801,.T.);
#6226=ORIENTED_EDGE('',*,*,#4370,.T.);
#6227=ORIENTED_EDGE('',*,*,#4801,.F.);
#6228=ORIENTED_EDGE('',*,*,#4587,.F.);
#6229=ORIENTED_EDGE('',*,*,#4802,.T.);
#6230=ORIENTED_EDGE('',*,*,#4371,.T.);
#6231=ORIENTED_EDGE('',*,*,#4802,.F.);
#6232=ORIENTED_EDGE('',*,*,#4588,.F.);
#6233=ORIENTED_EDGE('',*,*,#4803,.T.);
#6234=ORIENTED_EDGE('',*,*,#4372,.T.);
#6235=ORIENTED_EDGE('',*,*,#4803,.F.);
#6236=ORIENTED_EDGE('',*,*,#4804,.T.);
#6237=ORIENTED_EDGE('',*,*,#4589,.T.);
#6238=ORIENTED_EDGE('',*,*,#4805,.F.);
#6239=ORIENTED_EDGE('',*,*,#4373,.F.);
#6240=ORIENTED_EDGE('',*,*,#4806,.T.);
#6241=ORIENTED_EDGE('',*,*,#4590,.T.);
#6242=ORIENTED_EDGE('',*,*,#4804,.F.);
#6243=ORIENTED_EDGE('',*,*,#4388,.F.);
#6244=ORIENTED_EDGE('',*,*,#4805,.T.);
#6245=ORIENTED_EDGE('',*,*,#4604,.T.);
#6246=ORIENTED_EDGE('',*,*,#4807,.F.);
#6247=ORIENTED_EDGE('',*,*,#4374,.F.);
#6248=ORIENTED_EDGE('',*,*,#4808,.T.);
#6249=ORIENTED_EDGE('',*,*,#4591,.T.);
#6250=ORIENTED_EDGE('',*,*,#4806,.F.);
#6251=ORIENTED_EDGE('',*,*,#4387,.F.);
#6252=ORIENTED_EDGE('',*,*,#4807,.T.);
#6253=ORIENTED_EDGE('',*,*,#4603,.T.);
#6254=ORIENTED_EDGE('',*,*,#4809,.F.);
#6255=ORIENTED_EDGE('',*,*,#4375,.F.);
#6256=ORIENTED_EDGE('',*,*,#4810,.T.);
#6257=ORIENTED_EDGE('',*,*,#4592,.T.);
#6258=ORIENTED_EDGE('',*,*,#4808,.F.);
#6259=ORIENTED_EDGE('',*,*,#4386,.F.);
#6260=ORIENTED_EDGE('',*,*,#4809,.T.);
#6261=ORIENTED_EDGE('',*,*,#4602,.T.);
#6262=ORIENTED_EDGE('',*,*,#4811,.F.);
#6263=ORIENTED_EDGE('',*,*,#4376,.F.);
#6264=ORIENTED_EDGE('',*,*,#4812,.T.);
#6265=ORIENTED_EDGE('',*,*,#4593,.T.);
#6266=ORIENTED_EDGE('',*,*,#4810,.F.);
#6267=ORIENTED_EDGE('',*,*,#4385,.F.);
#6268=ORIENTED_EDGE('',*,*,#4811,.T.);
#6269=ORIENTED_EDGE('',*,*,#4601,.T.);
#6270=ORIENTED_EDGE('',*,*,#4813,.F.);
#6271=ORIENTED_EDGE('',*,*,#4377,.F.);
#6272=ORIENTED_EDGE('',*,*,#4814,.T.);
#6273=ORIENTED_EDGE('',*,*,#4594,.T.);
#6274=ORIENTED_EDGE('',*,*,#4812,.F.);
#6275=ORIENTED_EDGE('',*,*,#4384,.F.);
#6276=ORIENTED_EDGE('',*,*,#4813,.T.);
#6277=ORIENTED_EDGE('',*,*,#4600,.T.);
#6278=ORIENTED_EDGE('',*,*,#4815,.F.);
#6279=ORIENTED_EDGE('',*,*,#4378,.F.);
#6280=ORIENTED_EDGE('',*,*,#4816,.T.);
#6281=ORIENTED_EDGE('',*,*,#4595,.T.);
#6282=ORIENTED_EDGE('',*,*,#4814,.F.);
#6283=ORIENTED_EDGE('',*,*,#4383,.F.);
#6284=ORIENTED_EDGE('',*,*,#4815,.T.);
#6285=ORIENTED_EDGE('',*,*,#4599,.T.);
#6286=ORIENTED_EDGE('',*,*,#4817,.F.);
#6287=ORIENTED_EDGE('',*,*,#4379,.F.);
#6288=ORIENTED_EDGE('',*,*,#4818,.T.);
#6289=ORIENTED_EDGE('',*,*,#4596,.T.);
#6290=ORIENTED_EDGE('',*,*,#4816,.F.);
#6291=ORIENTED_EDGE('',*,*,#4382,.F.);
#6292=ORIENTED_EDGE('',*,*,#4817,.T.);
#6293=ORIENTED_EDGE('',*,*,#4598,.T.);
#6294=ORIENTED_EDGE('',*,*,#4819,.F.);
#6295=ORIENTED_EDGE('',*,*,#4380,.F.);
#6296=ORIENTED_EDGE('',*,*,#4819,.T.);
#6297=ORIENTED_EDGE('',*,*,#4597,.T.);
#6298=ORIENTED_EDGE('',*,*,#4818,.F.);
#6299=ORIENTED_EDGE('',*,*,#4381,.F.);
#6300=ORIENTED_EDGE('',*,*,#4605,.F.);
#6301=ORIENTED_EDGE('',*,*,#4820,.T.);
#6302=ORIENTED_EDGE('',*,*,#4389,.T.);
#6303=ORIENTED_EDGE('',*,*,#4820,.F.);
#6304=ORIENTED_EDGE('',*,*,#4606,.F.);
#6305=ORIENTED_EDGE('',*,*,#4821,.T.);
#6306=ORIENTED_EDGE('',*,*,#4390,.T.);
#6307=ORIENTED_EDGE('',*,*,#4821,.F.);
#6308=ORIENTED_EDGE('',*,*,#4607,.F.);
#6309=ORIENTED_EDGE('',*,*,#4822,.T.);
#6310=ORIENTED_EDGE('',*,*,#4391,.T.);
#6311=ORIENTED_EDGE('',*,*,#4822,.F.);
#6312=ORIENTED_EDGE('',*,*,#4608,.F.);
#6313=ORIENTED_EDGE('',*,*,#4823,.T.);
#6314=ORIENTED_EDGE('',*,*,#4392,.T.);
#6315=ORIENTED_EDGE('',*,*,#4823,.F.);
#6316=ORIENTED_EDGE('',*,*,#4824,.T.);
#6317=ORIENTED_EDGE('',*,*,#4609,.T.);
#6318=ORIENTED_EDGE('',*,*,#4825,.F.);
#6319=ORIENTED_EDGE('',*,*,#4393,.F.);
#6320=ORIENTED_EDGE('',*,*,#4826,.T.);
#6321=ORIENTED_EDGE('',*,*,#4610,.T.);
#6322=ORIENTED_EDGE('',*,*,#4824,.F.);
#6323=ORIENTED_EDGE('',*,*,#4408,.F.);
#6324=ORIENTED_EDGE('',*,*,#4825,.T.);
#6325=ORIENTED_EDGE('',*,*,#4624,.T.);
#6326=ORIENTED_EDGE('',*,*,#4827,.F.);
#6327=ORIENTED_EDGE('',*,*,#4394,.F.);
#6328=ORIENTED_EDGE('',*,*,#4828,.T.);
#6329=ORIENTED_EDGE('',*,*,#4611,.T.);
#6330=ORIENTED_EDGE('',*,*,#4826,.F.);
#6331=ORIENTED_EDGE('',*,*,#4407,.F.);
#6332=ORIENTED_EDGE('',*,*,#4827,.T.);
#6333=ORIENTED_EDGE('',*,*,#4623,.T.);
#6334=ORIENTED_EDGE('',*,*,#4829,.F.);
#6335=ORIENTED_EDGE('',*,*,#4395,.F.);
#6336=ORIENTED_EDGE('',*,*,#4830,.T.);
#6337=ORIENTED_EDGE('',*,*,#4612,.T.);
#6338=ORIENTED_EDGE('',*,*,#4828,.F.);
#6339=ORIENTED_EDGE('',*,*,#4406,.F.);
#6340=ORIENTED_EDGE('',*,*,#4829,.T.);
#6341=ORIENTED_EDGE('',*,*,#4622,.T.);
#6342=ORIENTED_EDGE('',*,*,#4831,.F.);
#6343=ORIENTED_EDGE('',*,*,#4396,.F.);
#6344=ORIENTED_EDGE('',*,*,#4832,.T.);
#6345=ORIENTED_EDGE('',*,*,#4613,.T.);
#6346=ORIENTED_EDGE('',*,*,#4830,.F.);
#6347=ORIENTED_EDGE('',*,*,#4405,.F.);
#6348=ORIENTED_EDGE('',*,*,#4831,.T.);
#6349=ORIENTED_EDGE('',*,*,#4621,.T.);
#6350=ORIENTED_EDGE('',*,*,#4833,.F.);
#6351=ORIENTED_EDGE('',*,*,#4397,.F.);
#6352=ORIENTED_EDGE('',*,*,#4834,.T.);
#6353=ORIENTED_EDGE('',*,*,#4614,.T.);
#6354=ORIENTED_EDGE('',*,*,#4832,.F.);
#6355=ORIENTED_EDGE('',*,*,#4404,.F.);
#6356=ORIENTED_EDGE('',*,*,#4833,.T.);
#6357=ORIENTED_EDGE('',*,*,#4620,.T.);
#6358=ORIENTED_EDGE('',*,*,#4835,.F.);
#6359=ORIENTED_EDGE('',*,*,#4398,.F.);
#6360=ORIENTED_EDGE('',*,*,#4836,.T.);
#6361=ORIENTED_EDGE('',*,*,#4615,.T.);
#6362=ORIENTED_EDGE('',*,*,#4834,.F.);
#6363=ORIENTED_EDGE('',*,*,#4403,.F.);
#6364=ORIENTED_EDGE('',*,*,#4835,.T.);
#6365=ORIENTED_EDGE('',*,*,#4619,.T.);
#6366=ORIENTED_EDGE('',*,*,#4837,.F.);
#6367=ORIENTED_EDGE('',*,*,#4399,.F.);
#6368=ORIENTED_EDGE('',*,*,#4838,.T.);
#6369=ORIENTED_EDGE('',*,*,#4616,.T.);
#6370=ORIENTED_EDGE('',*,*,#4836,.F.);
#6371=ORIENTED_EDGE('',*,*,#4402,.F.);
#6372=ORIENTED_EDGE('',*,*,#4837,.T.);
#6373=ORIENTED_EDGE('',*,*,#4618,.T.);
#6374=ORIENTED_EDGE('',*,*,#4839,.F.);
#6375=ORIENTED_EDGE('',*,*,#4400,.F.);
#6376=ORIENTED_EDGE('',*,*,#4839,.T.);
#6377=ORIENTED_EDGE('',*,*,#4617,.T.);
#6378=ORIENTED_EDGE('',*,*,#4838,.F.);
#6379=ORIENTED_EDGE('',*,*,#4401,.F.);
#6380=ORIENTED_EDGE('',*,*,#4625,.F.);
#6381=ORIENTED_EDGE('',*,*,#4840,.T.);
#6382=ORIENTED_EDGE('',*,*,#4409,.T.);
#6383=ORIENTED_EDGE('',*,*,#4840,.F.);
#6384=ORIENTED_EDGE('',*,*,#4626,.F.);
#6385=ORIENTED_EDGE('',*,*,#4841,.T.);
#6386=ORIENTED_EDGE('',*,*,#4410,.T.);
#6387=ORIENTED_EDGE('',*,*,#4841,.F.);
#6388=ORIENTED_EDGE('',*,*,#4627,.F.);
#6389=ORIENTED_EDGE('',*,*,#4842,.T.);
#6390=ORIENTED_EDGE('',*,*,#4411,.T.);
#6391=ORIENTED_EDGE('',*,*,#4842,.F.);
#6392=ORIENTED_EDGE('',*,*,#4628,.F.);
#6393=ORIENTED_EDGE('',*,*,#4843,.T.);
#6394=ORIENTED_EDGE('',*,*,#4412,.T.);
#6395=ORIENTED_EDGE('',*,*,#4843,.F.);
#6396=ORIENTED_EDGE('',*,*,#4629,.F.);
#6397=ORIENTED_EDGE('',*,*,#4844,.T.);
#6398=ORIENTED_EDGE('',*,*,#4413,.T.);
#6399=ORIENTED_EDGE('',*,*,#4844,.F.);
#6400=ORIENTED_EDGE('',*,*,#4630,.F.);
#6401=ORIENTED_EDGE('',*,*,#4845,.T.);
#6402=ORIENTED_EDGE('',*,*,#4414,.T.);
#6403=ORIENTED_EDGE('',*,*,#4845,.F.);
#6404=ORIENTED_EDGE('',*,*,#4631,.F.);
#6405=ORIENTED_EDGE('',*,*,#4846,.T.);
#6406=ORIENTED_EDGE('',*,*,#4415,.T.);
#6407=ORIENTED_EDGE('',*,*,#4846,.F.);
#6408=ORIENTED_EDGE('',*,*,#4847,.T.);
#6409=ORIENTED_EDGE('',*,*,#4632,.T.);
#6410=ORIENTED_EDGE('',*,*,#4848,.F.);
#6411=ORIENTED_EDGE('',*,*,#4416,.F.);
#6412=ORIENTED_EDGE('',*,*,#4849,.T.);
#6413=ORIENTED_EDGE('',*,*,#4633,.T.);
#6414=ORIENTED_EDGE('',*,*,#4847,.F.);
#6415=ORIENTED_EDGE('',*,*,#4431,.F.);
#6416=ORIENTED_EDGE('',*,*,#4848,.T.);
#6417=ORIENTED_EDGE('',*,*,#4647,.T.);
#6418=ORIENTED_EDGE('',*,*,#4850,.F.);
#6419=ORIENTED_EDGE('',*,*,#4417,.F.);
#6420=ORIENTED_EDGE('',*,*,#4851,.T.);
#6421=ORIENTED_EDGE('',*,*,#4634,.T.);
#6422=ORIENTED_EDGE('',*,*,#4849,.F.);
#6423=ORIENTED_EDGE('',*,*,#4430,.F.);
#6424=ORIENTED_EDGE('',*,*,#4850,.T.);
#6425=ORIENTED_EDGE('',*,*,#4646,.T.);
#6426=ORIENTED_EDGE('',*,*,#4852,.F.);
#6427=ORIENTED_EDGE('',*,*,#4418,.F.);
#6428=ORIENTED_EDGE('',*,*,#4853,.T.);
#6429=ORIENTED_EDGE('',*,*,#4635,.T.);
#6430=ORIENTED_EDGE('',*,*,#4851,.F.);
#6431=ORIENTED_EDGE('',*,*,#4429,.F.);
#6432=ORIENTED_EDGE('',*,*,#4852,.T.);
#6433=ORIENTED_EDGE('',*,*,#4645,.T.);
#6434=ORIENTED_EDGE('',*,*,#4854,.F.);
#6435=ORIENTED_EDGE('',*,*,#4419,.F.);
#6436=ORIENTED_EDGE('',*,*,#4855,.T.);
#6437=ORIENTED_EDGE('',*,*,#4636,.T.);
#6438=ORIENTED_EDGE('',*,*,#4853,.F.);
#6439=ORIENTED_EDGE('',*,*,#4428,.F.);
#6440=ORIENTED_EDGE('',*,*,#4854,.T.);
#6441=ORIENTED_EDGE('',*,*,#4644,.T.);
#6442=ORIENTED_EDGE('',*,*,#4856,.F.);
#6443=ORIENTED_EDGE('',*,*,#4420,.F.);
#6444=ORIENTED_EDGE('',*,*,#4857,.T.);
#6445=ORIENTED_EDGE('',*,*,#4637,.T.);
#6446=ORIENTED_EDGE('',*,*,#4855,.F.);
#6447=ORIENTED_EDGE('',*,*,#4427,.F.);
#6448=ORIENTED_EDGE('',*,*,#4856,.T.);
#6449=ORIENTED_EDGE('',*,*,#4643,.T.);
#6450=ORIENTED_EDGE('',*,*,#4858,.F.);
#6451=ORIENTED_EDGE('',*,*,#4421,.F.);
#6452=ORIENTED_EDGE('',*,*,#4859,.T.);
#6453=ORIENTED_EDGE('',*,*,#4638,.T.);
#6454=ORIENTED_EDGE('',*,*,#4857,.F.);
#6455=ORIENTED_EDGE('',*,*,#4426,.F.);
#6456=ORIENTED_EDGE('',*,*,#4858,.T.);
#6457=ORIENTED_EDGE('',*,*,#4642,.T.);
#6458=ORIENTED_EDGE('',*,*,#4860,.F.);
#6459=ORIENTED_EDGE('',*,*,#4422,.F.);
#6460=ORIENTED_EDGE('',*,*,#4861,.T.);
#6461=ORIENTED_EDGE('',*,*,#4639,.T.);
#6462=ORIENTED_EDGE('',*,*,#4859,.F.);
#6463=ORIENTED_EDGE('',*,*,#4425,.F.);
#6464=ORIENTED_EDGE('',*,*,#4860,.T.);
#6465=ORIENTED_EDGE('',*,*,#4641,.T.);
#6466=ORIENTED_EDGE('',*,*,#4862,.F.);
#6467=ORIENTED_EDGE('',*,*,#4423,.F.);
#6468=ORIENTED_EDGE('',*,*,#4862,.T.);
#6469=ORIENTED_EDGE('',*,*,#4640,.T.);
#6470=ORIENTED_EDGE('',*,*,#4861,.F.);
#6471=ORIENTED_EDGE('',*,*,#4424,.F.);
#6472=ORIENTED_EDGE('',*,*,#4648,.F.);
#6473=ORIENTED_EDGE('',*,*,#4863,.T.);
#6474=ORIENTED_EDGE('',*,*,#4432,.T.);
#6475=ORIENTED_EDGE('',*,*,#4863,.F.);
#6476=ORIENTED_EDGE('',*,*,#4649,.F.);
#6477=ORIENTED_EDGE('',*,*,#4864,.T.);
#6478=ORIENTED_EDGE('',*,*,#4433,.T.);
#6479=ORIENTED_EDGE('',*,*,#4864,.F.);
#6480=ORIENTED_EDGE('',*,*,#4650,.F.);
#6481=ORIENTED_EDGE('',*,*,#4865,.T.);
#6482=ORIENTED_EDGE('',*,*,#4434,.T.);
#6483=ORIENTED_EDGE('',*,*,#4865,.F.);
#6484=ORIENTED_EDGE('',*,*,#4651,.F.);
#6485=ORIENTED_EDGE('',*,*,#4866,.T.);
#6486=ORIENTED_EDGE('',*,*,#4435,.T.);
#6487=ORIENTED_EDGE('',*,*,#4866,.F.);
#6488=ORIENTED_EDGE('',*,*,#4652,.F.);
#6489=ORIENTED_EDGE('',*,*,#4867,.T.);
#6490=ORIENTED_EDGE('',*,*,#4436,.T.);
#6491=ORIENTED_EDGE('',*,*,#4867,.F.);
#6492=ORIENTED_EDGE('',*,*,#4653,.F.);
#6493=ORIENTED_EDGE('',*,*,#4868,.T.);
#6494=ORIENTED_EDGE('',*,*,#4437,.T.);
#6495=ORIENTED_EDGE('',*,*,#4868,.F.);
#6496=ORIENTED_EDGE('',*,*,#4654,.F.);
#6497=ORIENTED_EDGE('',*,*,#4869,.T.);
#6498=ORIENTED_EDGE('',*,*,#4438,.T.);
#6499=ORIENTED_EDGE('',*,*,#4869,.F.);
#6500=ORIENTED_EDGE('',*,*,#4870,.T.);
#6501=ORIENTED_EDGE('',*,*,#4655,.T.);
#6502=ORIENTED_EDGE('',*,*,#4871,.F.);
#6503=ORIENTED_EDGE('',*,*,#4439,.F.);
#6504=ORIENTED_EDGE('',*,*,#4872,.T.);
#6505=ORIENTED_EDGE('',*,*,#4656,.T.);
#6506=ORIENTED_EDGE('',*,*,#4870,.F.);
#6507=ORIENTED_EDGE('',*,*,#4454,.F.);
#6508=ORIENTED_EDGE('',*,*,#4871,.T.);
#6509=ORIENTED_EDGE('',*,*,#4670,.T.);
#6510=ORIENTED_EDGE('',*,*,#4873,.F.);
#6511=ORIENTED_EDGE('',*,*,#4440,.F.);
#6512=ORIENTED_EDGE('',*,*,#4874,.T.);
#6513=ORIENTED_EDGE('',*,*,#4657,.T.);
#6514=ORIENTED_EDGE('',*,*,#4872,.F.);
#6515=ORIENTED_EDGE('',*,*,#4453,.F.);
#6516=ORIENTED_EDGE('',*,*,#4873,.T.);
#6517=ORIENTED_EDGE('',*,*,#4669,.T.);
#6518=ORIENTED_EDGE('',*,*,#4875,.F.);
#6519=ORIENTED_EDGE('',*,*,#4441,.F.);
#6520=ORIENTED_EDGE('',*,*,#4876,.T.);
#6521=ORIENTED_EDGE('',*,*,#4658,.T.);
#6522=ORIENTED_EDGE('',*,*,#4874,.F.);
#6523=ORIENTED_EDGE('',*,*,#4452,.F.);
#6524=ORIENTED_EDGE('',*,*,#4875,.T.);
#6525=ORIENTED_EDGE('',*,*,#4668,.T.);
#6526=ORIENTED_EDGE('',*,*,#4877,.F.);
#6527=ORIENTED_EDGE('',*,*,#4442,.F.);
#6528=ORIENTED_EDGE('',*,*,#4878,.T.);
#6529=ORIENTED_EDGE('',*,*,#4659,.T.);
#6530=ORIENTED_EDGE('',*,*,#4876,.F.);
#6531=ORIENTED_EDGE('',*,*,#4451,.F.);
#6532=ORIENTED_EDGE('',*,*,#4877,.T.);
#6533=ORIENTED_EDGE('',*,*,#4667,.T.);
#6534=ORIENTED_EDGE('',*,*,#4879,.F.);
#6535=ORIENTED_EDGE('',*,*,#4443,.F.);
#6536=ORIENTED_EDGE('',*,*,#4880,.T.);
#6537=ORIENTED_EDGE('',*,*,#4660,.T.);
#6538=ORIENTED_EDGE('',*,*,#4878,.F.);
#6539=ORIENTED_EDGE('',*,*,#4450,.F.);
#6540=ORIENTED_EDGE('',*,*,#4879,.T.);
#6541=ORIENTED_EDGE('',*,*,#4666,.T.);
#6542=ORIENTED_EDGE('',*,*,#4881,.F.);
#6543=ORIENTED_EDGE('',*,*,#4444,.F.);
#6544=ORIENTED_EDGE('',*,*,#4882,.T.);
#6545=ORIENTED_EDGE('',*,*,#4661,.T.);
#6546=ORIENTED_EDGE('',*,*,#4880,.F.);
#6547=ORIENTED_EDGE('',*,*,#4449,.F.);
#6548=ORIENTED_EDGE('',*,*,#4881,.T.);
#6549=ORIENTED_EDGE('',*,*,#4665,.T.);
#6550=ORIENTED_EDGE('',*,*,#4883,.F.);
#6551=ORIENTED_EDGE('',*,*,#4445,.F.);
#6552=ORIENTED_EDGE('',*,*,#4884,.T.);
#6553=ORIENTED_EDGE('',*,*,#4662,.T.);
#6554=ORIENTED_EDGE('',*,*,#4882,.F.);
#6555=ORIENTED_EDGE('',*,*,#4448,.F.);
#6556=ORIENTED_EDGE('',*,*,#4883,.T.);
#6557=ORIENTED_EDGE('',*,*,#4664,.T.);
#6558=ORIENTED_EDGE('',*,*,#4885,.F.);
#6559=ORIENTED_EDGE('',*,*,#4446,.F.);
#6560=ORIENTED_EDGE('',*,*,#4885,.T.);
#6561=ORIENTED_EDGE('',*,*,#4663,.T.);
#6562=ORIENTED_EDGE('',*,*,#4884,.F.);
#6563=ORIENTED_EDGE('',*,*,#4447,.F.);
#6564=ORIENTED_EDGE('',*,*,#4671,.F.);
#6565=ORIENTED_EDGE('',*,*,#4886,.T.);
#6566=ORIENTED_EDGE('',*,*,#4455,.T.);
#6567=ORIENTED_EDGE('',*,*,#4886,.F.);
#6568=ORIENTED_EDGE('',*,*,#4672,.F.);
#6569=ORIENTED_EDGE('',*,*,#4887,.T.);
#6570=ORIENTED_EDGE('',*,*,#4456,.T.);
#6571=ORIENTED_EDGE('',*,*,#4887,.F.);
#6572=ORIENTED_EDGE('',*,*,#4673,.F.);
#6573=ORIENTED_EDGE('',*,*,#4888,.T.);
#6574=ORIENTED_EDGE('',*,*,#4457,.T.);
#6575=ORIENTED_EDGE('',*,*,#4888,.F.);
#6576=ORIENTED_EDGE('',*,*,#4674,.F.);
#6577=ORIENTED_EDGE('',*,*,#4889,.T.);
#6578=ORIENTED_EDGE('',*,*,#4458,.T.);
#6579=ORIENTED_EDGE('',*,*,#4889,.F.);
#6580=ORIENTED_EDGE('',*,*,#4890,.T.);
#6581=ORIENTED_EDGE('',*,*,#4675,.T.);
#6582=ORIENTED_EDGE('',*,*,#4891,.F.);
#6583=ORIENTED_EDGE('',*,*,#4459,.F.);
#6584=ORIENTED_EDGE('',*,*,#4892,.T.);
#6585=ORIENTED_EDGE('',*,*,#4676,.T.);
#6586=ORIENTED_EDGE('',*,*,#4890,.F.);
#6587=ORIENTED_EDGE('',*,*,#4474,.F.);
#6588=ORIENTED_EDGE('',*,*,#4891,.T.);
#6589=ORIENTED_EDGE('',*,*,#4690,.T.);
#6590=ORIENTED_EDGE('',*,*,#4893,.F.);
#6591=ORIENTED_EDGE('',*,*,#4460,.F.);
#6592=ORIENTED_EDGE('',*,*,#4894,.T.);
#6593=ORIENTED_EDGE('',*,*,#4677,.T.);
#6594=ORIENTED_EDGE('',*,*,#4892,.F.);
#6595=ORIENTED_EDGE('',*,*,#4473,.F.);
#6596=ORIENTED_EDGE('',*,*,#4893,.T.);
#6597=ORIENTED_EDGE('',*,*,#4689,.T.);
#6598=ORIENTED_EDGE('',*,*,#4895,.F.);
#6599=ORIENTED_EDGE('',*,*,#4461,.F.);
#6600=ORIENTED_EDGE('',*,*,#4896,.T.);
#6601=ORIENTED_EDGE('',*,*,#4678,.T.);
#6602=ORIENTED_EDGE('',*,*,#4894,.F.);
#6603=ORIENTED_EDGE('',*,*,#4472,.F.);
#6604=ORIENTED_EDGE('',*,*,#4895,.T.);
#6605=ORIENTED_EDGE('',*,*,#4688,.T.);
#6606=ORIENTED_EDGE('',*,*,#4897,.F.);
#6607=ORIENTED_EDGE('',*,*,#4462,.F.);
#6608=ORIENTED_EDGE('',*,*,#4898,.T.);
#6609=ORIENTED_EDGE('',*,*,#4679,.T.);
#6610=ORIENTED_EDGE('',*,*,#4896,.F.);
#6611=ORIENTED_EDGE('',*,*,#4471,.F.);
#6612=ORIENTED_EDGE('',*,*,#4897,.T.);
#6613=ORIENTED_EDGE('',*,*,#4687,.T.);
#6614=ORIENTED_EDGE('',*,*,#4899,.F.);
#6615=ORIENTED_EDGE('',*,*,#4463,.F.);
#6616=ORIENTED_EDGE('',*,*,#4900,.T.);
#6617=ORIENTED_EDGE('',*,*,#4680,.T.);
#6618=ORIENTED_EDGE('',*,*,#4898,.F.);
#6619=ORIENTED_EDGE('',*,*,#4470,.F.);
#6620=ORIENTED_EDGE('',*,*,#4899,.T.);
#6621=ORIENTED_EDGE('',*,*,#4686,.T.);
#6622=ORIENTED_EDGE('',*,*,#4901,.F.);
#6623=ORIENTED_EDGE('',*,*,#4464,.F.);
#6624=ORIENTED_EDGE('',*,*,#4902,.T.);
#6625=ORIENTED_EDGE('',*,*,#4681,.T.);
#6626=ORIENTED_EDGE('',*,*,#4900,.F.);
#6627=ORIENTED_EDGE('',*,*,#4469,.F.);
#6628=ORIENTED_EDGE('',*,*,#4901,.T.);
#6629=ORIENTED_EDGE('',*,*,#4685,.T.);
#6630=ORIENTED_EDGE('',*,*,#4903,.F.);
#6631=ORIENTED_EDGE('',*,*,#4465,.F.);
#6632=ORIENTED_EDGE('',*,*,#4904,.T.);
#6633=ORIENTED_EDGE('',*,*,#4682,.T.);
#6634=ORIENTED_EDGE('',*,*,#4902,.F.);
#6635=ORIENTED_EDGE('',*,*,#4468,.F.);
#6636=ORIENTED_EDGE('',*,*,#4903,.T.);
#6637=ORIENTED_EDGE('',*,*,#4684,.T.);
#6638=ORIENTED_EDGE('',*,*,#4905,.F.);
#6639=ORIENTED_EDGE('',*,*,#4466,.F.);
#6640=ORIENTED_EDGE('',*,*,#4905,.T.);
#6641=ORIENTED_EDGE('',*,*,#4683,.T.);
#6642=ORIENTED_EDGE('',*,*,#4904,.F.);
#6643=ORIENTED_EDGE('',*,*,#4467,.F.);
#6644=ORIENTED_EDGE('',*,*,#4691,.F.);
#6645=ORIENTED_EDGE('',*,*,#4906,.T.);
#6646=ORIENTED_EDGE('',*,*,#4475,.T.);
#6647=ORIENTED_EDGE('',*,*,#4906,.F.);
#6648=ORIENTED_EDGE('',*,*,#4692,.F.);
#6649=ORIENTED_EDGE('',*,*,#4907,.T.);
#6650=ORIENTED_EDGE('',*,*,#4476,.T.);
#6651=ORIENTED_EDGE('',*,*,#4907,.F.);
#6652=ORIENTED_EDGE('',*,*,#4693,.F.);
#6653=ORIENTED_EDGE('',*,*,#4908,.T.);
#6654=ORIENTED_EDGE('',*,*,#4477,.T.);
#6655=ORIENTED_EDGE('',*,*,#4908,.F.);
#6656=ORIENTED_EDGE('',*,*,#4694,.F.);
#6657=ORIENTED_EDGE('',*,*,#4909,.T.);
#6658=ORIENTED_EDGE('',*,*,#4478,.T.);
#6659=ORIENTED_EDGE('',*,*,#4909,.F.);
#6660=ORIENTED_EDGE('',*,*,#4695,.F.);
#6661=ORIENTED_EDGE('',*,*,#4910,.T.);
#6662=ORIENTED_EDGE('',*,*,#4479,.T.);
#6663=ORIENTED_EDGE('',*,*,#4910,.F.);
#6664=ORIENTED_EDGE('',*,*,#4696,.F.);
#6665=ORIENTED_EDGE('',*,*,#4911,.T.);
#6666=ORIENTED_EDGE('',*,*,#4480,.T.);
#6667=ORIENTED_EDGE('',*,*,#4911,.F.);
#6668=ORIENTED_EDGE('',*,*,#4697,.F.);
#6669=ORIENTED_EDGE('',*,*,#4912,.T.);
#6670=ORIENTED_EDGE('',*,*,#4481,.T.);
#6671=ORIENTED_EDGE('',*,*,#4912,.F.);
#6672=ORIENTED_EDGE('',*,*,#4698,.F.);
#6673=ORIENTED_EDGE('',*,*,#4913,.T.);
#6674=ORIENTED_EDGE('',*,*,#4482,.T.);
#6675=ORIENTED_EDGE('',*,*,#4913,.F.);
#6676=ORIENTED_EDGE('',*,*,#4699,.F.);
#6677=ORIENTED_EDGE('',*,*,#4914,.T.);
#6678=ORIENTED_EDGE('',*,*,#4483,.T.);
#6679=ORIENTED_EDGE('',*,*,#4914,.F.);
#6680=ORIENTED_EDGE('',*,*,#4700,.F.);
#6681=ORIENTED_EDGE('',*,*,#4915,.T.);
#6682=ORIENTED_EDGE('',*,*,#4484,.T.);
#6683=ORIENTED_EDGE('',*,*,#4915,.F.);
#6684=ORIENTED_EDGE('',*,*,#4701,.F.);
#6685=ORIENTED_EDGE('',*,*,#4916,.T.);
#6686=ORIENTED_EDGE('',*,*,#4485,.T.);
#6687=ORIENTED_EDGE('',*,*,#4916,.F.);
#6688=ORIENTED_EDGE('',*,*,#4702,.F.);
#6689=ORIENTED_EDGE('',*,*,#4917,.T.);
#6690=ORIENTED_EDGE('',*,*,#4486,.T.);
#6691=ORIENTED_EDGE('',*,*,#4917,.F.);
#6692=ORIENTED_EDGE('',*,*,#4703,.F.);
#6693=ORIENTED_EDGE('',*,*,#4918,.T.);
#6694=ORIENTED_EDGE('',*,*,#4487,.T.);
#6695=ORIENTED_EDGE('',*,*,#4918,.F.);
#6696=ORIENTED_EDGE('',*,*,#4704,.F.);
#6697=ORIENTED_EDGE('',*,*,#4919,.T.);
#6698=ORIENTED_EDGE('',*,*,#4488,.T.);
#6699=ORIENTED_EDGE('',*,*,#4919,.F.);
#6700=ORIENTED_EDGE('',*,*,#4705,.F.);
#6701=ORIENTED_EDGE('',*,*,#4920,.T.);
#6702=ORIENTED_EDGE('',*,*,#4489,.T.);
#6703=ORIENTED_EDGE('',*,*,#4920,.F.);
#6704=ORIENTED_EDGE('',*,*,#4706,.F.);
#6705=ORIENTED_EDGE('',*,*,#4921,.T.);
#6706=ORIENTED_EDGE('',*,*,#4490,.T.);
#6707=ORIENTED_EDGE('',*,*,#4921,.F.);
#6708=ORIENTED_EDGE('',*,*,#4707,.F.);
#6709=ORIENTED_EDGE('',*,*,#4922,.T.);
#6710=ORIENTED_EDGE('',*,*,#4491,.T.);
#6711=ORIENTED_EDGE('',*,*,#4922,.F.);
#6712=ORIENTED_EDGE('',*,*,#4708,.F.);
#6713=ORIENTED_EDGE('',*,*,#4923,.T.);
#6714=ORIENTED_EDGE('',*,*,#4492,.T.);
#6715=ORIENTED_EDGE('',*,*,#4923,.F.);
#6716=ORIENTED_EDGE('',*,*,#4709,.F.);
#6717=ORIENTED_EDGE('',*,*,#4924,.T.);
#6718=ORIENTED_EDGE('',*,*,#4493,.T.);
#6719=ORIENTED_EDGE('',*,*,#4924,.F.);
#6720=ORIENTED_EDGE('',*,*,#4710,.F.);
#6721=ORIENTED_EDGE('',*,*,#4925,.T.);
#6722=ORIENTED_EDGE('',*,*,#4494,.T.);
#6723=ORIENTED_EDGE('',*,*,#4925,.F.);
#6724=ORIENTED_EDGE('',*,*,#4711,.F.);
#6725=ORIENTED_EDGE('',*,*,#4926,.T.);
#6726=ORIENTED_EDGE('',*,*,#4495,.T.);
#6727=ORIENTED_EDGE('',*,*,#4926,.F.);
#6728=ORIENTED_EDGE('',*,*,#4712,.F.);
#6729=ORIENTED_EDGE('',*,*,#4927,.T.);
#6730=ORIENTED_EDGE('',*,*,#4496,.T.);
#6731=ORIENTED_EDGE('',*,*,#4927,.F.);
#6732=ORIENTED_EDGE('',*,*,#4713,.F.);
#6733=ORIENTED_EDGE('',*,*,#4928,.T.);
#6734=ORIENTED_EDGE('',*,*,#4497,.T.);
#6735=ORIENTED_EDGE('',*,*,#4928,.F.);
#6736=ORIENTED_EDGE('',*,*,#4714,.F.);
#6737=ORIENTED_EDGE('',*,*,#4929,.T.);
#6738=ORIENTED_EDGE('',*,*,#4498,.T.);
#6739=ORIENTED_EDGE('',*,*,#4929,.F.);
#6740=ORIENTED_EDGE('',*,*,#4715,.F.);
#6741=ORIENTED_EDGE('',*,*,#4930,.T.);
#6742=ORIENTED_EDGE('',*,*,#4499,.T.);
#6743=ORIENTED_EDGE('',*,*,#4930,.F.);
#6744=ORIENTED_EDGE('',*,*,#4716,.F.);
#6745=ORIENTED_EDGE('',*,*,#4931,.T.);
#6746=ORIENTED_EDGE('',*,*,#4500,.T.);
#6747=ORIENTED_EDGE('',*,*,#4931,.F.);
#6748=ORIENTED_EDGE('',*,*,#4717,.F.);
#6749=ORIENTED_EDGE('',*,*,#4932,.T.);
#6750=ORIENTED_EDGE('',*,*,#4501,.T.);
#6751=ORIENTED_EDGE('',*,*,#4932,.F.);
#6752=ORIENTED_EDGE('',*,*,#4718,.F.);
#6753=ORIENTED_EDGE('',*,*,#4933,.T.);
#6754=ORIENTED_EDGE('',*,*,#4502,.T.);
#6755=ORIENTED_EDGE('',*,*,#4933,.F.);
#6756=ORIENTED_EDGE('',*,*,#4503,.T.);
#6757=ORIENTED_EDGE('',*,*,#4934,.T.);
#6758=ORIENTED_EDGE('',*,*,#4719,.F.);
#6759=ORIENTED_EDGE('',*,*,#4935,.F.);
#6760=ORIENTED_EDGE('',*,*,#4504,.T.);
#6761=ORIENTED_EDGE('',*,*,#4935,.T.);
#6762=ORIENTED_EDGE('',*,*,#4722,.F.);
#6763=ORIENTED_EDGE('',*,*,#4936,.F.);
#6764=ORIENTED_EDGE('',*,*,#4505,.T.);
#6765=ORIENTED_EDGE('',*,*,#4936,.T.);
#6766=ORIENTED_EDGE('',*,*,#4721,.F.);
#6767=ORIENTED_EDGE('',*,*,#4937,.F.);
#6768=ORIENTED_EDGE('',*,*,#4506,.T.);
#6769=ORIENTED_EDGE('',*,*,#4937,.T.);
#6770=ORIENTED_EDGE('',*,*,#4720,.F.);
#6771=ORIENTED_EDGE('',*,*,#4934,.F.);
#6772=ORIENTED_EDGE('',*,*,#4723,.F.);
#6773=ORIENTED_EDGE('',*,*,#4938,.T.);
#6774=ORIENTED_EDGE('',*,*,#4507,.T.);
#6775=ORIENTED_EDGE('',*,*,#4938,.F.);
#6776=ORIENTED_EDGE('',*,*,#4724,.F.);
#6777=ORIENTED_EDGE('',*,*,#4939,.T.);
#6778=ORIENTED_EDGE('',*,*,#4508,.T.);
#6779=ORIENTED_EDGE('',*,*,#4939,.F.);
#6780=ORIENTED_EDGE('',*,*,#4725,.F.);
#6781=ORIENTED_EDGE('',*,*,#4940,.T.);
#6782=ORIENTED_EDGE('',*,*,#4509,.T.);
#6783=ORIENTED_EDGE('',*,*,#4940,.F.);
#6784=ORIENTED_EDGE('',*,*,#4726,.F.);
#6785=ORIENTED_EDGE('',*,*,#4941,.T.);
#6786=ORIENTED_EDGE('',*,*,#4510,.T.);
#6787=ORIENTED_EDGE('',*,*,#4941,.F.);
#6788=ORIENTED_EDGE('',*,*,#4727,.F.);
#6789=ORIENTED_EDGE('',*,*,#4942,.T.);
#6790=ORIENTED_EDGE('',*,*,#4511,.T.);
#6791=ORIENTED_EDGE('',*,*,#4942,.F.);
#6792=ORIENTED_EDGE('',*,*,#4728,.F.);
#6793=ORIENTED_EDGE('',*,*,#4943,.T.);
#6794=ORIENTED_EDGE('',*,*,#4512,.T.);
#6795=ORIENTED_EDGE('',*,*,#4943,.F.);
#6796=ORIENTED_EDGE('',*,*,#4729,.F.);
#6797=ORIENTED_EDGE('',*,*,#4944,.T.);
#6798=ORIENTED_EDGE('',*,*,#4513,.T.);
#6799=ORIENTED_EDGE('',*,*,#4944,.F.);
#6800=ORIENTED_EDGE('',*,*,#4730,.F.);
#6801=ORIENTED_EDGE('',*,*,#4945,.T.);
#6802=ORIENTED_EDGE('',*,*,#4514,.T.);
#6803=ORIENTED_EDGE('',*,*,#4945,.F.);
#6804=ORIENTED_EDGE('',*,*,#4731,.F.);
#6805=ORIENTED_EDGE('',*,*,#4946,.T.);
#6806=ORIENTED_EDGE('',*,*,#4515,.T.);
#6807=ORIENTED_EDGE('',*,*,#4946,.F.);
#6808=ORIENTED_EDGE('',*,*,#4732,.F.);
#6809=ORIENTED_EDGE('',*,*,#4947,.T.);
#6810=ORIENTED_EDGE('',*,*,#4516,.T.);
#6811=ORIENTED_EDGE('',*,*,#4947,.F.);
#6812=ORIENTED_EDGE('',*,*,#4733,.F.);
#6813=ORIENTED_EDGE('',*,*,#4948,.T.);
#6814=ORIENTED_EDGE('',*,*,#4517,.T.);
#6815=ORIENTED_EDGE('',*,*,#4948,.F.);
#6816=ORIENTED_EDGE('',*,*,#4518,.T.);
#6817=ORIENTED_EDGE('',*,*,#4949,.T.);
#6818=ORIENTED_EDGE('',*,*,#4734,.F.);
#6819=ORIENTED_EDGE('',*,*,#4950,.F.);
#6820=ORIENTED_EDGE('',*,*,#4519,.T.);
#6821=ORIENTED_EDGE('',*,*,#4950,.T.);
#6822=ORIENTED_EDGE('',*,*,#4737,.F.);
#6823=ORIENTED_EDGE('',*,*,#4951,.F.);
#6824=ORIENTED_EDGE('',*,*,#4520,.T.);
#6825=ORIENTED_EDGE('',*,*,#4951,.T.);
#6826=ORIENTED_EDGE('',*,*,#4736,.F.);
#6827=ORIENTED_EDGE('',*,*,#4952,.F.);
#6828=ORIENTED_EDGE('',*,*,#4521,.T.);
#6829=ORIENTED_EDGE('',*,*,#4952,.T.);
#6830=ORIENTED_EDGE('',*,*,#4735,.F.);
#6831=ORIENTED_EDGE('',*,*,#4949,.F.);
#6832=ORIENTED_EDGE('',*,*,#4953,.T.);
#6833=ORIENTED_EDGE('',*,*,#4954,.T.);
#6834=ORIENTED_EDGE('',*,*,#4955,.T.);
#6835=ORIENTED_EDGE('',*,*,#4956,.T.);
#6836=ORIENTED_EDGE('',*,*,#4957,.T.);
#6837=ORIENTED_EDGE('',*,*,#4958,.T.);
#6838=ORIENTED_EDGE('',*,*,#4959,.T.);
#6839=ORIENTED_EDGE('',*,*,#4960,.T.);
#6840=ORIENTED_EDGE('',*,*,#4961,.T.);
#6841=ORIENTED_EDGE('',*,*,#4962,.T.);
#6842=ORIENTED_EDGE('',*,*,#4963,.T.);
#6843=ORIENTED_EDGE('',*,*,#4964,.T.);
#6844=ORIENTED_EDGE('',*,*,#4963,.F.);
#6845=ORIENTED_EDGE('',*,*,#4965,.T.);
#6846=ORIENTED_EDGE('',*,*,#4957,.F.);
#6847=ORIENTED_EDGE('',*,*,#4959,.F.);
#6848=ORIENTED_EDGE('',*,*,#4966,.T.);
#6849=ORIENTED_EDGE('',*,*,#4955,.F.);
#6850=ORIENTED_EDGE('',*,*,#4956,.F.);
#6851=ORIENTED_EDGE('',*,*,#4967,.F.);
#6852=ORIENTED_EDGE('',*,*,#4968,.F.);
#6853=ORIENTED_EDGE('',*,*,#4969,.F.);
#6854=ORIENTED_EDGE('',*,*,#4966,.F.);
#6855=ORIENTED_EDGE('',*,*,#4970,.T.);
#6856=ORIENTED_EDGE('',*,*,#4971,.T.);
#6857=ORIENTED_EDGE('',*,*,#4967,.T.);
#6858=ORIENTED_EDGE('',*,*,#4958,.F.);
#6859=ORIENTED_EDGE('',*,*,#4972,.F.);
#6860=ORIENTED_EDGE('',*,*,#4973,.F.);
#6861=ORIENTED_EDGE('',*,*,#4970,.F.);
#6862=ORIENTED_EDGE('',*,*,#4974,.F.);
#6863=ORIENTED_EDGE('',*,*,#4975,.F.);
#6864=ORIENTED_EDGE('',*,*,#4976,.F.);
#6865=ORIENTED_EDGE('',*,*,#4977,.F.);
#6866=ORIENTED_EDGE('',*,*,#4965,.F.);
#6867=ORIENTED_EDGE('',*,*,#4978,.T.);
#6868=ORIENTED_EDGE('',*,*,#4979,.T.);
#6869=ORIENTED_EDGE('',*,*,#4972,.T.);
#6870=ORIENTED_EDGE('',*,*,#4962,.F.);
#6871=ORIENTED_EDGE('',*,*,#4980,.F.);
#6872=ORIENTED_EDGE('',*,*,#4981,.F.);
#6873=ORIENTED_EDGE('',*,*,#4978,.F.);
#6874=ORIENTED_EDGE('',*,*,#4982,.T.);
#6875=ORIENTED_EDGE('',*,*,#4983,.T.);
#6876=ORIENTED_EDGE('',*,*,#4984,.T.);
#6877=ORIENTED_EDGE('',*,*,#4985,.T.);
#6878=ORIENTED_EDGE('',*,*,#4986,.T.);
#6879=ORIENTED_EDGE('',*,*,#4987,.T.);
#6880=ORIENTED_EDGE('',*,*,#4988,.T.);
#6881=ORIENTED_EDGE('',*,*,#4989,.T.);
#6882=ORIENTED_EDGE('',*,*,#4990,.T.);
#6883=ORIENTED_EDGE('',*,*,#4991,.T.);
#6884=ORIENTED_EDGE('',*,*,#4992,.T.);
#6885=ORIENTED_EDGE('',*,*,#4981,.T.);
#6886=ORIENTED_EDGE('',*,*,#4992,.F.);
#6887=ORIENTED_EDGE('',*,*,#4993,.T.);
#6888=ORIENTED_EDGE('',*,*,#4979,.F.);
#6889=ORIENTED_EDGE('',*,*,#4954,.F.);
#6890=ORIENTED_EDGE('',*,*,#4994,.F.);
#6891=ORIENTED_EDGE('',*,*,#4964,.F.);
#6892=ORIENTED_EDGE('',*,*,#4960,.F.);
#6893=ORIENTED_EDGE('',*,*,#4993,.F.);
#6894=ORIENTED_EDGE('',*,*,#4995,.T.);
#6895=ORIENTED_EDGE('',*,*,#4996,.T.);
#6896=ORIENTED_EDGE('',*,*,#4973,.T.);
#6897=ORIENTED_EDGE('',*,*,#4991,.F.);
#6898=ORIENTED_EDGE('',*,*,#4997,.F.);
#6899=ORIENTED_EDGE('',*,*,#4998,.F.);
#6900=ORIENTED_EDGE('',*,*,#4995,.F.);
#6901=ORIENTED_EDGE('',*,*,#4971,.F.);
#6902=ORIENTED_EDGE('',*,*,#4996,.F.);
#6903=ORIENTED_EDGE('',*,*,#4999,.F.);
#6904=ORIENTED_EDGE('',*,*,#5000,.T.);
#6905=ORIENTED_EDGE('',*,*,#4968,.T.);
#6906=ORIENTED_EDGE('',*,*,#4999,.T.);
#6907=ORIENTED_EDGE('',*,*,#4998,.T.);
#6908=ORIENTED_EDGE('',*,*,#5001,.F.);
#6909=ORIENTED_EDGE('',*,*,#5002,.T.);
#6910=ORIENTED_EDGE('',*,*,#5003,.F.);
#6911=ORIENTED_EDGE('',*,*,#5002,.F.);
#6912=ORIENTED_EDGE('',*,*,#5001,.T.);
#6913=ORIENTED_EDGE('',*,*,#5004,.F.);
#6914=ORIENTED_EDGE('',*,*,#5005,.T.);
#6915=ORIENTED_EDGE('',*,*,#5006,.F.);
#6916=ORIENTED_EDGE('',*,*,#5005,.F.);
#6917=ORIENTED_EDGE('',*,*,#5004,.T.);
#6918=ORIENTED_EDGE('',*,*,#5007,.F.);
#6919=ORIENTED_EDGE('',*,*,#5008,.T.);
#6920=ORIENTED_EDGE('',*,*,#5009,.F.);
#6921=ORIENTED_EDGE('',*,*,#5008,.F.);
#6922=ORIENTED_EDGE('',*,*,#5007,.T.);
#6923=ORIENTED_EDGE('',*,*,#5010,.F.);
#6924=ORIENTED_EDGE('',*,*,#5011,.T.);
#6925=ORIENTED_EDGE('',*,*,#5012,.F.);
#6926=ORIENTED_EDGE('',*,*,#5011,.F.);
#6927=ORIENTED_EDGE('',*,*,#5010,.T.);
#6928=ORIENTED_EDGE('',*,*,#4982,.F.);
#6929=ORIENTED_EDGE('',*,*,#5013,.T.);
#6930=ORIENTED_EDGE('',*,*,#5014,.F.);
#6931=ORIENTED_EDGE('',*,*,#5015,.F.);
#6932=ORIENTED_EDGE('',*,*,#4989,.F.);
#6933=ORIENTED_EDGE('',*,*,#5016,.T.);
#6934=ORIENTED_EDGE('',*,*,#5017,.F.);
#6935=ORIENTED_EDGE('',*,*,#5013,.F.);
#6936=ORIENTED_EDGE('',*,*,#4988,.F.);
#6937=ORIENTED_EDGE('',*,*,#5018,.T.);
#6938=ORIENTED_EDGE('',*,*,#5019,.F.);
#6939=ORIENTED_EDGE('',*,*,#5016,.F.);
#6940=ORIENTED_EDGE('',*,*,#4987,.F.);
#6941=ORIENTED_EDGE('',*,*,#5020,.T.);
#6942=ORIENTED_EDGE('',*,*,#5021,.F.);
#6943=ORIENTED_EDGE('',*,*,#5018,.F.);
#6944=ORIENTED_EDGE('',*,*,#4986,.F.);
#6945=ORIENTED_EDGE('',*,*,#5022,.T.);
#6946=ORIENTED_EDGE('',*,*,#5023,.F.);
#6947=ORIENTED_EDGE('',*,*,#5020,.F.);
#6948=ORIENTED_EDGE('',*,*,#4985,.F.);
#6949=ORIENTED_EDGE('',*,*,#5024,.T.);
#6950=ORIENTED_EDGE('',*,*,#5025,.F.);
#6951=ORIENTED_EDGE('',*,*,#5022,.F.);
#6952=ORIENTED_EDGE('',*,*,#4984,.F.);
#6953=ORIENTED_EDGE('',*,*,#5026,.T.);
#6954=ORIENTED_EDGE('',*,*,#5027,.F.);
#6955=ORIENTED_EDGE('',*,*,#5024,.F.);
#6956=ORIENTED_EDGE('',*,*,#4983,.F.);
#6957=ORIENTED_EDGE('',*,*,#5015,.T.);
#6958=ORIENTED_EDGE('',*,*,#5028,.F.);
#6959=ORIENTED_EDGE('',*,*,#5026,.F.);
#6960=ORIENTED_EDGE('',*,*,#5029,.F.);
#6961=ORIENTED_EDGE('',*,*,#5030,.T.);
#6962=ORIENTED_EDGE('',*,*,#5031,.F.);
#6963=ORIENTED_EDGE('',*,*,#5032,.F.);
#6964=ORIENTED_EDGE('',*,*,#5033,.F.);
#6965=ORIENTED_EDGE('',*,*,#5034,.T.);
#6966=ORIENTED_EDGE('',*,*,#5035,.F.);
#6967=ORIENTED_EDGE('',*,*,#5030,.F.);
#6968=ORIENTED_EDGE('',*,*,#5014,.T.);
#6969=ORIENTED_EDGE('',*,*,#5017,.T.);
#6970=ORIENTED_EDGE('',*,*,#5019,.T.);
#6971=ORIENTED_EDGE('',*,*,#5021,.T.);
#6972=ORIENTED_EDGE('',*,*,#5023,.T.);
#6973=ORIENTED_EDGE('',*,*,#5025,.T.);
#6974=ORIENTED_EDGE('',*,*,#5027,.T.);
#6975=ORIENTED_EDGE('',*,*,#5028,.T.);
#6976=ORIENTED_EDGE('',*,*,#5036,.F.);
#6977=ORIENTED_EDGE('',*,*,#5037,.T.);
#6978=ORIENTED_EDGE('',*,*,#4977,.T.);
#6979=ORIENTED_EDGE('',*,*,#5037,.F.);
#6980=ORIENTED_EDGE('',*,*,#5038,.F.);
#6981=ORIENTED_EDGE('',*,*,#5039,.T.);
#6982=ORIENTED_EDGE('',*,*,#4976,.T.);
#6983=ORIENTED_EDGE('',*,*,#5039,.F.);
#6984=ORIENTED_EDGE('',*,*,#5040,.F.);
#6985=ORIENTED_EDGE('',*,*,#5041,.T.);
#6986=ORIENTED_EDGE('',*,*,#4975,.T.);
#6987=ORIENTED_EDGE('',*,*,#5041,.F.);
#6988=ORIENTED_EDGE('',*,*,#5042,.F.);
#6989=ORIENTED_EDGE('',*,*,#5043,.T.);
#6990=ORIENTED_EDGE('',*,*,#4974,.T.);
#6991=ORIENTED_EDGE('',*,*,#5043,.F.);
#6992=ORIENTED_EDGE('',*,*,#5044,.F.);
#6993=ORIENTED_EDGE('',*,*,#5032,.T.);
#6994=ORIENTED_EDGE('',*,*,#5045,.F.);
#6995=ORIENTED_EDGE('',*,*,#5046,.F.);
#6996=ORIENTED_EDGE('',*,*,#5047,.F.);
#6997=ORIENTED_EDGE('',*,*,#5046,.T.);
#6998=ORIENTED_EDGE('',*,*,#5048,.F.);
#6999=ORIENTED_EDGE('',*,*,#5034,.F.);
#7000=ORIENTED_EDGE('',*,*,#4953,.F.);
#7001=ORIENTED_EDGE('',*,*,#4969,.T.);
#7002=ORIENTED_EDGE('',*,*,#5000,.F.);
#7003=ORIENTED_EDGE('',*,*,#4997,.T.);
#7004=ORIENTED_EDGE('',*,*,#4990,.F.);
#7005=ORIENTED_EDGE('',*,*,#4980,.T.);
#7006=ORIENTED_EDGE('',*,*,#4961,.F.);
#7007=ORIENTED_EDGE('',*,*,#4994,.T.);
#7008=ORIENTED_EDGE('',*,*,#5035,.T.);
#7009=ORIENTED_EDGE('',*,*,#5048,.T.);
#7010=ORIENTED_EDGE('',*,*,#5045,.T.);
#7011=ORIENTED_EDGE('',*,*,#5031,.T.);
#7012=ORIENTED_EDGE('',*,*,#5042,.T.);
#7013=ORIENTED_EDGE('',*,*,#5040,.T.);
#7014=ORIENTED_EDGE('',*,*,#5038,.T.);
#7015=ORIENTED_EDGE('',*,*,#5036,.T.);
#7016=ORIENTED_EDGE('',*,*,#5033,.T.);
#7017=ORIENTED_EDGE('',*,*,#5029,.T.);
#7018=ORIENTED_EDGE('',*,*,#5044,.T.);
#7019=ORIENTED_EDGE('',*,*,#5047,.T.);
#7020=ORIENTED_EDGE('',*,*,#5003,.T.);
#7021=ORIENTED_EDGE('',*,*,#5006,.T.);
#7022=ORIENTED_EDGE('',*,*,#5009,.T.);
#7023=ORIENTED_EDGE('',*,*,#5012,.T.);
#7024=ORIENTED_EDGE('',*,*,#5049,.T.);
#7025=ORIENTED_EDGE('',*,*,#5050,.T.);
#7026=ORIENTED_EDGE('',*,*,#5051,.T.);
#7027=ORIENTED_EDGE('',*,*,#5052,.T.);
#7028=ORIENTED_EDGE('',*,*,#5053,.T.);
#7029=ORIENTED_EDGE('',*,*,#5054,.T.);
#7030=ORIENTED_EDGE('',*,*,#5055,.T.);
#7031=ORIENTED_EDGE('',*,*,#5056,.T.);
#7032=ORIENTED_EDGE('',*,*,#5055,.F.);
#7033=ORIENTED_EDGE('',*,*,#5057,.T.);
#7034=ORIENTED_EDGE('',*,*,#5051,.F.);
#7035=ORIENTED_EDGE('',*,*,#5049,.F.);
#7036=ORIENTED_EDGE('',*,*,#5058,.T.);
#7037=ORIENTED_EDGE('',*,*,#5059,.T.);
#7038=ORIENTED_EDGE('',*,*,#5060,.T.);
#7039=ORIENTED_EDGE('',*,*,#5061,.T.);
#7040=ORIENTED_EDGE('',*,*,#5062,.T.);
#7041=ORIENTED_EDGE('',*,*,#5063,.T.);
#7042=ORIENTED_EDGE('',*,*,#5064,.T.);
#7043=ORIENTED_EDGE('',*,*,#5065,.T.);
#7044=ORIENTED_EDGE('',*,*,#5066,.T.);
#7045=ORIENTED_EDGE('',*,*,#5067,.T.);
#7046=ORIENTED_EDGE('',*,*,#5068,.T.);
#7047=ORIENTED_EDGE('',*,*,#5069,.T.);
#7048=ORIENTED_EDGE('',*,*,#5070,.T.);
#7049=ORIENTED_EDGE('',*,*,#5071,.T.);
#7050=ORIENTED_EDGE('',*,*,#5072,.T.);
#7051=ORIENTED_EDGE('',*,*,#5073,.T.);
#7052=ORIENTED_EDGE('',*,*,#5074,.T.);
#7053=ORIENTED_EDGE('',*,*,#5075,.T.);
#7054=ORIENTED_EDGE('',*,*,#5076,.T.);
#7055=ORIENTED_EDGE('',*,*,#5077,.T.);
#7056=ORIENTED_EDGE('',*,*,#5078,.T.);
#7057=ORIENTED_EDGE('',*,*,#5079,.T.);
#7058=ORIENTED_EDGE('',*,*,#5080,.T.);
#7059=ORIENTED_EDGE('',*,*,#5081,.T.);
#7060=ORIENTED_EDGE('',*,*,#5082,.T.);
#7061=ORIENTED_EDGE('',*,*,#5083,.T.);
#7062=ORIENTED_EDGE('',*,*,#5084,.T.);
#7063=ORIENTED_EDGE('',*,*,#5085,.T.);
#7064=ORIENTED_EDGE('',*,*,#5086,.T.);
#7065=ORIENTED_EDGE('',*,*,#5087,.T.);
#7066=ORIENTED_EDGE('',*,*,#5088,.T.);
#7067=ORIENTED_EDGE('',*,*,#5089,.T.);
#7068=ORIENTED_EDGE('',*,*,#5090,.T.);
#7069=ORIENTED_EDGE('',*,*,#5091,.T.);
#7070=ORIENTED_EDGE('',*,*,#5092,.T.);
#7071=ORIENTED_EDGE('',*,*,#5093,.T.);
#7072=ORIENTED_EDGE('',*,*,#5094,.T.);
#7073=ORIENTED_EDGE('',*,*,#5095,.T.);
#7074=ORIENTED_EDGE('',*,*,#5096,.T.);
#7075=ORIENTED_EDGE('',*,*,#5097,.T.);
#7076=ORIENTED_EDGE('',*,*,#5098,.T.);
#7077=ORIENTED_EDGE('',*,*,#5099,.T.);
#7078=ORIENTED_EDGE('',*,*,#5100,.T.);
#7079=ORIENTED_EDGE('',*,*,#5101,.T.);
#7080=ORIENTED_EDGE('',*,*,#5102,.T.);
#7081=ORIENTED_EDGE('',*,*,#5103,.T.);
#7082=ORIENTED_EDGE('',*,*,#5104,.T.);
#7083=ORIENTED_EDGE('',*,*,#5105,.T.);
#7084=ORIENTED_EDGE('',*,*,#5106,.T.);
#7085=ORIENTED_EDGE('',*,*,#5107,.T.);
#7086=ORIENTED_EDGE('',*,*,#5108,.T.);
#7087=ORIENTED_EDGE('',*,*,#5109,.T.);
#7088=ORIENTED_EDGE('',*,*,#5110,.T.);
#7089=ORIENTED_EDGE('',*,*,#5111,.T.);
#7090=ORIENTED_EDGE('',*,*,#5112,.T.);
#7091=ORIENTED_EDGE('',*,*,#5113,.T.);
#7092=ORIENTED_EDGE('',*,*,#5114,.T.);
#7093=ORIENTED_EDGE('',*,*,#5115,.T.);
#7094=ORIENTED_EDGE('',*,*,#5116,.T.);
#7095=ORIENTED_EDGE('',*,*,#5117,.T.);
#7096=ORIENTED_EDGE('',*,*,#5118,.T.);
#7097=ORIENTED_EDGE('',*,*,#5119,.T.);
#7098=ORIENTED_EDGE('',*,*,#5120,.T.);
#7099=ORIENTED_EDGE('',*,*,#5121,.T.);
#7100=ORIENTED_EDGE('',*,*,#5122,.T.);
#7101=ORIENTED_EDGE('',*,*,#5123,.T.);
#7102=ORIENTED_EDGE('',*,*,#5124,.T.);
#7103=ORIENTED_EDGE('',*,*,#5125,.T.);
#7104=ORIENTED_EDGE('',*,*,#5126,.T.);
#7105=ORIENTED_EDGE('',*,*,#5127,.T.);
#7106=ORIENTED_EDGE('',*,*,#5128,.T.);
#7107=ORIENTED_EDGE('',*,*,#5129,.T.);
#7108=ORIENTED_EDGE('',*,*,#5130,.T.);
#7109=ORIENTED_EDGE('',*,*,#5131,.T.);
#7110=ORIENTED_EDGE('',*,*,#5132,.T.);
#7111=ORIENTED_EDGE('',*,*,#5133,.T.);
#7112=ORIENTED_EDGE('',*,*,#5134,.T.);
#7113=ORIENTED_EDGE('',*,*,#5135,.T.);
#7114=ORIENTED_EDGE('',*,*,#5136,.T.);
#7115=ORIENTED_EDGE('',*,*,#5137,.T.);
#7116=ORIENTED_EDGE('',*,*,#5138,.T.);
#7117=ORIENTED_EDGE('',*,*,#5139,.T.);
#7118=ORIENTED_EDGE('',*,*,#5140,.T.);
#7119=ORIENTED_EDGE('',*,*,#5141,.T.);
#7120=ORIENTED_EDGE('',*,*,#5142,.T.);
#7121=ORIENTED_EDGE('',*,*,#5143,.T.);
#7122=ORIENTED_EDGE('',*,*,#5144,.T.);
#7123=ORIENTED_EDGE('',*,*,#5145,.T.);
#7124=ORIENTED_EDGE('',*,*,#5146,.T.);
#7125=ORIENTED_EDGE('',*,*,#5147,.T.);
#7126=ORIENTED_EDGE('',*,*,#5148,.T.);
#7127=ORIENTED_EDGE('',*,*,#5149,.T.);
#7128=ORIENTED_EDGE('',*,*,#5150,.T.);
#7129=ORIENTED_EDGE('',*,*,#5151,.T.);
#7130=ORIENTED_EDGE('',*,*,#5152,.T.);
#7131=ORIENTED_EDGE('',*,*,#5153,.T.);
#7132=ORIENTED_EDGE('',*,*,#5154,.T.);
#7133=ORIENTED_EDGE('',*,*,#5155,.T.);
#7134=ORIENTED_EDGE('',*,*,#5156,.T.);
#7135=ORIENTED_EDGE('',*,*,#5157,.T.);
#7136=ORIENTED_EDGE('',*,*,#5158,.T.);
#7137=ORIENTED_EDGE('',*,*,#5159,.T.);
#7138=ORIENTED_EDGE('',*,*,#5160,.T.);
#7139=ORIENTED_EDGE('',*,*,#5161,.T.);
#7140=ORIENTED_EDGE('',*,*,#5162,.T.);
#7141=ORIENTED_EDGE('',*,*,#5163,.T.);
#7142=ORIENTED_EDGE('',*,*,#5052,.F.);
#7143=ORIENTED_EDGE('',*,*,#5164,.F.);
#7144=ORIENTED_EDGE('',*,*,#5165,.F.);
#7145=ORIENTED_EDGE('',*,*,#5058,.F.);
#7146=ORIENTED_EDGE('',*,*,#5057,.F.);
#7147=ORIENTED_EDGE('',*,*,#5166,.T.);
#7148=ORIENTED_EDGE('',*,*,#5167,.T.);
#7149=ORIENTED_EDGE('',*,*,#5164,.T.);
#7150=ORIENTED_EDGE('',*,*,#5054,.F.);
#7151=ORIENTED_EDGE('',*,*,#5168,.T.);
#7152=ORIENTED_EDGE('',*,*,#5169,.F.);
#7153=ORIENTED_EDGE('',*,*,#5170,.F.);
#7154=ORIENTED_EDGE('',*,*,#5171,.F.);
#7155=ORIENTED_EDGE('',*,*,#5172,.T.);
#7156=ORIENTED_EDGE('',*,*,#5173,.F.);
#7157=ORIENTED_EDGE('',*,*,#5166,.F.);
#7158=ORIENTED_EDGE('',*,*,#5174,.F.);
#7159=ORIENTED_EDGE('',*,*,#5175,.F.);
#7160=ORIENTED_EDGE('',*,*,#5176,.F.);
#7161=ORIENTED_EDGE('',*,*,#5177,.F.);
#7162=ORIENTED_EDGE('',*,*,#5178,.F.);
#7163=ORIENTED_EDGE('',*,*,#5179,.F.);
#7164=ORIENTED_EDGE('',*,*,#5180,.F.);
#7165=ORIENTED_EDGE('',*,*,#5181,.F.);
#7166=ORIENTED_EDGE('',*,*,#5182,.F.);
#7167=ORIENTED_EDGE('',*,*,#5183,.F.);
#7168=ORIENTED_EDGE('',*,*,#5184,.F.);
#7169=ORIENTED_EDGE('',*,*,#5185,.F.);
#7170=ORIENTED_EDGE('',*,*,#5186,.F.);
#7171=ORIENTED_EDGE('',*,*,#5187,.F.);
#7172=ORIENTED_EDGE('',*,*,#5188,.F.);
#7173=ORIENTED_EDGE('',*,*,#5189,.F.);
#7174=ORIENTED_EDGE('',*,*,#5190,.F.);
#7175=ORIENTED_EDGE('',*,*,#5191,.F.);
#7176=ORIENTED_EDGE('',*,*,#5192,.F.);
#7177=ORIENTED_EDGE('',*,*,#5193,.F.);
#7178=ORIENTED_EDGE('',*,*,#5194,.F.);
#7179=ORIENTED_EDGE('',*,*,#5195,.F.);
#7180=ORIENTED_EDGE('',*,*,#5196,.F.);
#7181=ORIENTED_EDGE('',*,*,#5197,.F.);
#7182=ORIENTED_EDGE('',*,*,#5198,.F.);
#7183=ORIENTED_EDGE('',*,*,#5199,.F.);
#7184=ORIENTED_EDGE('',*,*,#5200,.F.);
#7185=ORIENTED_EDGE('',*,*,#5201,.F.);
#7186=ORIENTED_EDGE('',*,*,#5202,.F.);
#7187=ORIENTED_EDGE('',*,*,#5203,.F.);
#7188=ORIENTED_EDGE('',*,*,#5204,.F.);
#7189=ORIENTED_EDGE('',*,*,#5205,.F.);
#7190=ORIENTED_EDGE('',*,*,#5206,.F.);
#7191=ORIENTED_EDGE('',*,*,#5207,.F.);
#7192=ORIENTED_EDGE('',*,*,#5208,.F.);
#7193=ORIENTED_EDGE('',*,*,#5209,.F.);
#7194=ORIENTED_EDGE('',*,*,#5210,.F.);
#7195=ORIENTED_EDGE('',*,*,#5211,.F.);
#7196=ORIENTED_EDGE('',*,*,#5212,.F.);
#7197=ORIENTED_EDGE('',*,*,#5213,.F.);
#7198=ORIENTED_EDGE('',*,*,#5214,.F.);
#7199=ORIENTED_EDGE('',*,*,#5215,.F.);
#7200=ORIENTED_EDGE('',*,*,#5216,.F.);
#7201=ORIENTED_EDGE('',*,*,#5217,.F.);
#7202=ORIENTED_EDGE('',*,*,#5218,.F.);
#7203=ORIENTED_EDGE('',*,*,#5219,.F.);
#7204=ORIENTED_EDGE('',*,*,#5220,.F.);
#7205=ORIENTED_EDGE('',*,*,#5221,.F.);
#7206=ORIENTED_EDGE('',*,*,#5222,.F.);
#7207=ORIENTED_EDGE('',*,*,#5223,.F.);
#7208=ORIENTED_EDGE('',*,*,#5224,.F.);
#7209=ORIENTED_EDGE('',*,*,#5225,.F.);
#7210=ORIENTED_EDGE('',*,*,#5226,.F.);
#7211=ORIENTED_EDGE('',*,*,#5227,.F.);
#7212=ORIENTED_EDGE('',*,*,#5228,.F.);
#7213=ORIENTED_EDGE('',*,*,#5229,.F.);
#7214=ORIENTED_EDGE('',*,*,#5230,.F.);
#7215=ORIENTED_EDGE('',*,*,#5231,.F.);
#7216=ORIENTED_EDGE('',*,*,#5232,.F.);
#7217=ORIENTED_EDGE('',*,*,#5233,.F.);
#7218=ORIENTED_EDGE('',*,*,#5234,.F.);
#7219=ORIENTED_EDGE('',*,*,#5235,.F.);
#7220=ORIENTED_EDGE('',*,*,#5236,.F.);
#7221=ORIENTED_EDGE('',*,*,#5237,.F.);
#7222=ORIENTED_EDGE('',*,*,#5238,.T.);
#7223=ORIENTED_EDGE('',*,*,#5239,.T.);
#7224=ORIENTED_EDGE('',*,*,#5173,.T.);
#7225=ORIENTED_EDGE('',*,*,#5240,.T.);
#7226=ORIENTED_EDGE('',*,*,#5241,.T.);
#7227=ORIENTED_EDGE('',*,*,#5167,.F.);
#7228=ORIENTED_EDGE('',*,*,#5050,.F.);
#7229=ORIENTED_EDGE('',*,*,#5065,.F.);
#7230=ORIENTED_EDGE('',*,*,#5242,.T.);
#7231=ORIENTED_EDGE('',*,*,#5056,.F.);
#7232=ORIENTED_EDGE('',*,*,#5066,.F.);
#7233=ORIENTED_EDGE('',*,*,#5243,.T.);
#7234=ORIENTED_EDGE('',*,*,#5239,.F.);
#7235=ORIENTED_EDGE('',*,*,#5243,.F.);
#7236=ORIENTED_EDGE('',*,*,#5067,.F.);
#7237=ORIENTED_EDGE('',*,*,#5244,.T.);
#7238=ORIENTED_EDGE('',*,*,#5238,.F.);
#7239=ORIENTED_EDGE('',*,*,#5244,.F.);
#7240=ORIENTED_EDGE('',*,*,#5245,.F.);
#7241=ORIENTED_EDGE('',*,*,#5246,.T.);
#7242=ORIENTED_EDGE('',*,*,#5160,.F.);
#7243=ORIENTED_EDGE('',*,*,#5247,.F.);
#7244=ORIENTED_EDGE('',*,*,#5248,.F.);
#7245=ORIENTED_EDGE('',*,*,#5249,.T.);
#7246=ORIENTED_EDGE('',*,*,#5161,.F.);
#7247=ORIENTED_EDGE('',*,*,#5246,.F.);
#7248=ORIENTED_EDGE('',*,*,#5250,.F.);
#7249=ORIENTED_EDGE('',*,*,#5251,.T.);
#7250=ORIENTED_EDGE('',*,*,#5162,.F.);
#7251=ORIENTED_EDGE('',*,*,#5249,.F.);
#7252=ORIENTED_EDGE('',*,*,#5252,.F.);
#7253=ORIENTED_EDGE('',*,*,#5247,.T.);
#7254=ORIENTED_EDGE('',*,*,#5163,.F.);
#7255=ORIENTED_EDGE('',*,*,#5251,.F.);
#7256=ORIENTED_EDGE('',*,*,#5252,.T.);
#7257=ORIENTED_EDGE('',*,*,#5250,.T.);
#7258=ORIENTED_EDGE('',*,*,#5248,.T.);
#7259=ORIENTED_EDGE('',*,*,#5245,.T.);
#7260=ORIENTED_EDGE('',*,*,#5253,.F.);
#7261=ORIENTED_EDGE('',*,*,#5254,.T.);
#7262=ORIENTED_EDGE('',*,*,#5156,.F.);
#7263=ORIENTED_EDGE('',*,*,#5255,.F.);
#7264=ORIENTED_EDGE('',*,*,#5256,.F.);
#7265=ORIENTED_EDGE('',*,*,#5257,.T.);
#7266=ORIENTED_EDGE('',*,*,#5157,.F.);
#7267=ORIENTED_EDGE('',*,*,#5254,.F.);
#7268=ORIENTED_EDGE('',*,*,#5258,.F.);
#7269=ORIENTED_EDGE('',*,*,#5259,.T.);
#7270=ORIENTED_EDGE('',*,*,#5158,.F.);
#7271=ORIENTED_EDGE('',*,*,#5257,.F.);
#7272=ORIENTED_EDGE('',*,*,#5260,.F.);
#7273=ORIENTED_EDGE('',*,*,#5255,.T.);
#7274=ORIENTED_EDGE('',*,*,#5159,.F.);
#7275=ORIENTED_EDGE('',*,*,#5259,.F.);
#7276=ORIENTED_EDGE('',*,*,#5260,.T.);
#7277=ORIENTED_EDGE('',*,*,#5258,.T.);
#7278=ORIENTED_EDGE('',*,*,#5256,.T.);
#7279=ORIENTED_EDGE('',*,*,#5253,.T.);
#7280=ORIENTED_EDGE('',*,*,#5261,.F.);
#7281=ORIENTED_EDGE('',*,*,#5262,.T.);
#7282=ORIENTED_EDGE('',*,*,#5152,.F.);
#7283=ORIENTED_EDGE('',*,*,#5263,.F.);
#7284=ORIENTED_EDGE('',*,*,#5264,.F.);
#7285=ORIENTED_EDGE('',*,*,#5265,.T.);
#7286=ORIENTED_EDGE('',*,*,#5153,.F.);
#7287=ORIENTED_EDGE('',*,*,#5262,.F.);
#7288=ORIENTED_EDGE('',*,*,#5266,.F.);
#7289=ORIENTED_EDGE('',*,*,#5267,.T.);
#7290=ORIENTED_EDGE('',*,*,#5154,.F.);
#7291=ORIENTED_EDGE('',*,*,#5265,.F.);
#7292=ORIENTED_EDGE('',*,*,#5268,.F.);
#7293=ORIENTED_EDGE('',*,*,#5263,.T.);
#7294=ORIENTED_EDGE('',*,*,#5155,.F.);
#7295=ORIENTED_EDGE('',*,*,#5267,.F.);
#7296=ORIENTED_EDGE('',*,*,#5268,.T.);
#7297=ORIENTED_EDGE('',*,*,#5266,.T.);
#7298=ORIENTED_EDGE('',*,*,#5264,.T.);
#7299=ORIENTED_EDGE('',*,*,#5261,.T.);
#7300=ORIENTED_EDGE('',*,*,#5269,.F.);
#7301=ORIENTED_EDGE('',*,*,#5270,.T.);
#7302=ORIENTED_EDGE('',*,*,#5148,.F.);
#7303=ORIENTED_EDGE('',*,*,#5271,.F.);
#7304=ORIENTED_EDGE('',*,*,#5272,.F.);
#7305=ORIENTED_EDGE('',*,*,#5273,.T.);
#7306=ORIENTED_EDGE('',*,*,#5149,.F.);
#7307=ORIENTED_EDGE('',*,*,#5270,.F.);
#7308=ORIENTED_EDGE('',*,*,#5274,.F.);
#7309=ORIENTED_EDGE('',*,*,#5275,.T.);
#7310=ORIENTED_EDGE('',*,*,#5150,.F.);
#7311=ORIENTED_EDGE('',*,*,#5273,.F.);
#7312=ORIENTED_EDGE('',*,*,#5276,.F.);
#7313=ORIENTED_EDGE('',*,*,#5271,.T.);
#7314=ORIENTED_EDGE('',*,*,#5151,.F.);
#7315=ORIENTED_EDGE('',*,*,#5275,.F.);
#7316=ORIENTED_EDGE('',*,*,#5276,.T.);
#7317=ORIENTED_EDGE('',*,*,#5274,.T.);
#7318=ORIENTED_EDGE('',*,*,#5272,.T.);
#7319=ORIENTED_EDGE('',*,*,#5269,.T.);
#7320=ORIENTED_EDGE('',*,*,#5277,.F.);
#7321=ORIENTED_EDGE('',*,*,#5278,.T.);
#7322=ORIENTED_EDGE('',*,*,#5144,.F.);
#7323=ORIENTED_EDGE('',*,*,#5279,.F.);
#7324=ORIENTED_EDGE('',*,*,#5280,.F.);
#7325=ORIENTED_EDGE('',*,*,#5281,.T.);
#7326=ORIENTED_EDGE('',*,*,#5145,.F.);
#7327=ORIENTED_EDGE('',*,*,#5278,.F.);
#7328=ORIENTED_EDGE('',*,*,#5282,.F.);
#7329=ORIENTED_EDGE('',*,*,#5283,.T.);
#7330=ORIENTED_EDGE('',*,*,#5146,.F.);
#7331=ORIENTED_EDGE('',*,*,#5281,.F.);
#7332=ORIENTED_EDGE('',*,*,#5284,.F.);
#7333=ORIENTED_EDGE('',*,*,#5279,.T.);
#7334=ORIENTED_EDGE('',*,*,#5147,.F.);
#7335=ORIENTED_EDGE('',*,*,#5283,.F.);
#7336=ORIENTED_EDGE('',*,*,#5284,.T.);
#7337=ORIENTED_EDGE('',*,*,#5282,.T.);
#7338=ORIENTED_EDGE('',*,*,#5280,.T.);
#7339=ORIENTED_EDGE('',*,*,#5277,.T.);
#7340=ORIENTED_EDGE('',*,*,#5285,.F.);
#7341=ORIENTED_EDGE('',*,*,#5286,.T.);
#7342=ORIENTED_EDGE('',*,*,#5140,.F.);
#7343=ORIENTED_EDGE('',*,*,#5287,.F.);
#7344=ORIENTED_EDGE('',*,*,#5288,.F.);
#7345=ORIENTED_EDGE('',*,*,#5289,.T.);
#7346=ORIENTED_EDGE('',*,*,#5141,.F.);
#7347=ORIENTED_EDGE('',*,*,#5286,.F.);
#7348=ORIENTED_EDGE('',*,*,#5290,.F.);
#7349=ORIENTED_EDGE('',*,*,#5291,.T.);
#7350=ORIENTED_EDGE('',*,*,#5142,.F.);
#7351=ORIENTED_EDGE('',*,*,#5289,.F.);
#7352=ORIENTED_EDGE('',*,*,#5292,.F.);
#7353=ORIENTED_EDGE('',*,*,#5287,.T.);
#7354=ORIENTED_EDGE('',*,*,#5143,.F.);
#7355=ORIENTED_EDGE('',*,*,#5291,.F.);
#7356=ORIENTED_EDGE('',*,*,#5292,.T.);
#7357=ORIENTED_EDGE('',*,*,#5290,.T.);
#7358=ORIENTED_EDGE('',*,*,#5288,.T.);
#7359=ORIENTED_EDGE('',*,*,#5285,.T.);
#7360=ORIENTED_EDGE('',*,*,#5293,.F.);
#7361=ORIENTED_EDGE('',*,*,#5294,.T.);
#7362=ORIENTED_EDGE('',*,*,#5136,.F.);
#7363=ORIENTED_EDGE('',*,*,#5295,.F.);
#7364=ORIENTED_EDGE('',*,*,#5296,.F.);
#7365=ORIENTED_EDGE('',*,*,#5297,.T.);
#7366=ORIENTED_EDGE('',*,*,#5137,.F.);
#7367=ORIENTED_EDGE('',*,*,#5294,.F.);
#7368=ORIENTED_EDGE('',*,*,#5298,.F.);
#7369=ORIENTED_EDGE('',*,*,#5299,.T.);
#7370=ORIENTED_EDGE('',*,*,#5138,.F.);
#7371=ORIENTED_EDGE('',*,*,#5297,.F.);
#7372=ORIENTED_EDGE('',*,*,#5300,.F.);
#7373=ORIENTED_EDGE('',*,*,#5295,.T.);
#7374=ORIENTED_EDGE('',*,*,#5139,.F.);
#7375=ORIENTED_EDGE('',*,*,#5299,.F.);
#7376=ORIENTED_EDGE('',*,*,#5300,.T.);
#7377=ORIENTED_EDGE('',*,*,#5298,.T.);
#7378=ORIENTED_EDGE('',*,*,#5296,.T.);
#7379=ORIENTED_EDGE('',*,*,#5293,.T.);
#7380=ORIENTED_EDGE('',*,*,#5301,.F.);
#7381=ORIENTED_EDGE('',*,*,#5302,.T.);
#7382=ORIENTED_EDGE('',*,*,#5132,.F.);
#7383=ORIENTED_EDGE('',*,*,#5303,.F.);
#7384=ORIENTED_EDGE('',*,*,#5304,.F.);
#7385=ORIENTED_EDGE('',*,*,#5305,.T.);
#7386=ORIENTED_EDGE('',*,*,#5133,.F.);
#7387=ORIENTED_EDGE('',*,*,#5302,.F.);
#7388=ORIENTED_EDGE('',*,*,#5306,.F.);
#7389=ORIENTED_EDGE('',*,*,#5307,.T.);
#7390=ORIENTED_EDGE('',*,*,#5134,.F.);
#7391=ORIENTED_EDGE('',*,*,#5305,.F.);
#7392=ORIENTED_EDGE('',*,*,#5308,.F.);
#7393=ORIENTED_EDGE('',*,*,#5303,.T.);
#7394=ORIENTED_EDGE('',*,*,#5135,.F.);
#7395=ORIENTED_EDGE('',*,*,#5307,.F.);
#7396=ORIENTED_EDGE('',*,*,#5308,.T.);
#7397=ORIENTED_EDGE('',*,*,#5306,.T.);
#7398=ORIENTED_EDGE('',*,*,#5304,.T.);
#7399=ORIENTED_EDGE('',*,*,#5301,.T.);
#7400=ORIENTED_EDGE('',*,*,#5241,.F.);
#7401=ORIENTED_EDGE('',*,*,#5309,.F.);
#7402=ORIENTED_EDGE('',*,*,#5059,.F.);
#7403=ORIENTED_EDGE('',*,*,#5165,.T.);
#7404=ORIENTED_EDGE('',*,*,#5240,.F.);
#7405=ORIENTED_EDGE('',*,*,#5172,.F.);
#7406=ORIENTED_EDGE('',*,*,#5310,.F.);
#7407=ORIENTED_EDGE('',*,*,#5060,.F.);
#7408=ORIENTED_EDGE('',*,*,#5309,.T.);
#7409=ORIENTED_EDGE('',*,*,#5053,.F.);
#7410=ORIENTED_EDGE('',*,*,#5242,.F.);
#7411=ORIENTED_EDGE('',*,*,#5064,.F.);
#7412=ORIENTED_EDGE('',*,*,#5311,.F.);
#7413=ORIENTED_EDGE('',*,*,#5168,.F.);
#7414=ORIENTED_EDGE('',*,*,#5311,.T.);
#7415=ORIENTED_EDGE('',*,*,#5063,.F.);
#7416=ORIENTED_EDGE('',*,*,#5312,.F.);
#7417=ORIENTED_EDGE('',*,*,#5169,.T.);
#7418=ORIENTED_EDGE('',*,*,#5310,.T.);
#7419=ORIENTED_EDGE('',*,*,#5171,.T.);
#7420=ORIENTED_EDGE('',*,*,#5313,.T.);
#7421=ORIENTED_EDGE('',*,*,#5061,.F.);
#7422=ORIENTED_EDGE('',*,*,#5170,.T.);
#7423=ORIENTED_EDGE('',*,*,#5312,.T.);
#7424=ORIENTED_EDGE('',*,*,#5062,.F.);
#7425=ORIENTED_EDGE('',*,*,#5313,.F.);
#7426=ORIENTED_EDGE('',*,*,#5178,.T.);
#7427=ORIENTED_EDGE('',*,*,#5314,.T.);
#7428=ORIENTED_EDGE('',*,*,#5127,.F.);
#7429=ORIENTED_EDGE('',*,*,#5315,.F.);
#7430=ORIENTED_EDGE('',*,*,#5177,.T.);
#7431=ORIENTED_EDGE('',*,*,#5316,.T.);
#7432=ORIENTED_EDGE('',*,*,#5128,.F.);
#7433=ORIENTED_EDGE('',*,*,#5314,.F.);
#7434=ORIENTED_EDGE('',*,*,#5176,.T.);
#7435=ORIENTED_EDGE('',*,*,#5317,.T.);
#7436=ORIENTED_EDGE('',*,*,#5129,.F.);
#7437=ORIENTED_EDGE('',*,*,#5316,.F.);
#7438=ORIENTED_EDGE('',*,*,#5175,.T.);
#7439=ORIENTED_EDGE('',*,*,#5318,.T.);
#7440=ORIENTED_EDGE('',*,*,#5130,.F.);
#7441=ORIENTED_EDGE('',*,*,#5317,.F.);
#7442=ORIENTED_EDGE('',*,*,#5186,.T.);
#7443=ORIENTED_EDGE('',*,*,#5319,.T.);
#7444=ORIENTED_EDGE('',*,*,#5071,.F.);
#7445=ORIENTED_EDGE('',*,*,#5320,.F.);
#7446=ORIENTED_EDGE('',*,*,#5185,.T.);
#7447=ORIENTED_EDGE('',*,*,#5321,.T.);
#7448=ORIENTED_EDGE('',*,*,#5072,.F.);
#7449=ORIENTED_EDGE('',*,*,#5319,.F.);
#7450=ORIENTED_EDGE('',*,*,#5184,.T.);
#7451=ORIENTED_EDGE('',*,*,#5322,.T.);
#7452=ORIENTED_EDGE('',*,*,#5073,.F.);
#7453=ORIENTED_EDGE('',*,*,#5321,.F.);
#7454=ORIENTED_EDGE('',*,*,#5183,.T.);
#7455=ORIENTED_EDGE('',*,*,#5323,.T.);
#7456=ORIENTED_EDGE('',*,*,#5074,.F.);
#7457=ORIENTED_EDGE('',*,*,#5322,.F.);
#7458=ORIENTED_EDGE('',*,*,#5194,.T.);
#7459=ORIENTED_EDGE('',*,*,#5324,.T.);
#7460=ORIENTED_EDGE('',*,*,#5111,.F.);
#7461=ORIENTED_EDGE('',*,*,#5325,.F.);
#7462=ORIENTED_EDGE('',*,*,#5193,.T.);
#7463=ORIENTED_EDGE('',*,*,#5326,.T.);
#7464=ORIENTED_EDGE('',*,*,#5112,.F.);
#7465=ORIENTED_EDGE('',*,*,#5324,.F.);
#7466=ORIENTED_EDGE('',*,*,#5192,.T.);
#7467=ORIENTED_EDGE('',*,*,#5327,.T.);
#7468=ORIENTED_EDGE('',*,*,#5113,.F.);
#7469=ORIENTED_EDGE('',*,*,#5326,.F.);
#7470=ORIENTED_EDGE('',*,*,#5191,.T.);
#7471=ORIENTED_EDGE('',*,*,#5328,.T.);
#7472=ORIENTED_EDGE('',*,*,#5114,.F.);
#7473=ORIENTED_EDGE('',*,*,#5327,.F.);
#7474=ORIENTED_EDGE('',*,*,#5202,.T.);
#7475=ORIENTED_EDGE('',*,*,#5329,.T.);
#7476=ORIENTED_EDGE('',*,*,#5087,.F.);
#7477=ORIENTED_EDGE('',*,*,#5330,.F.);
#7478=ORIENTED_EDGE('',*,*,#5201,.T.);
#7479=ORIENTED_EDGE('',*,*,#5331,.T.);
#7480=ORIENTED_EDGE('',*,*,#5088,.F.);
#7481=ORIENTED_EDGE('',*,*,#5329,.F.);
#7482=ORIENTED_EDGE('',*,*,#5200,.T.);
#7483=ORIENTED_EDGE('',*,*,#5332,.T.);
#7484=ORIENTED_EDGE('',*,*,#5089,.F.);
#7485=ORIENTED_EDGE('',*,*,#5331,.F.);
#7486=ORIENTED_EDGE('',*,*,#5199,.T.);
#7487=ORIENTED_EDGE('',*,*,#5333,.T.);
#7488=ORIENTED_EDGE('',*,*,#5090,.F.);
#7489=ORIENTED_EDGE('',*,*,#5332,.F.);
#7490=ORIENTED_EDGE('',*,*,#5210,.T.);
#7491=ORIENTED_EDGE('',*,*,#5334,.T.);
#7492=ORIENTED_EDGE('',*,*,#5095,.F.);
#7493=ORIENTED_EDGE('',*,*,#5335,.F.);
#7494=ORIENTED_EDGE('',*,*,#5209,.T.);
#7495=ORIENTED_EDGE('',*,*,#5336,.T.);
#7496=ORIENTED_EDGE('',*,*,#5096,.F.);
#7497=ORIENTED_EDGE('',*,*,#5334,.F.);
#7498=ORIENTED_EDGE('',*,*,#5208,.T.);
#7499=ORIENTED_EDGE('',*,*,#5337,.T.);
#7500=ORIENTED_EDGE('',*,*,#5097,.F.);
#7501=ORIENTED_EDGE('',*,*,#5336,.F.);
#7502=ORIENTED_EDGE('',*,*,#5207,.T.);
#7503=ORIENTED_EDGE('',*,*,#5338,.T.);
#7504=ORIENTED_EDGE('',*,*,#5098,.F.);
#7505=ORIENTED_EDGE('',*,*,#5337,.F.);
#7506=ORIENTED_EDGE('',*,*,#5218,.T.);
#7507=ORIENTED_EDGE('',*,*,#5339,.T.);
#7508=ORIENTED_EDGE('',*,*,#5103,.F.);
#7509=ORIENTED_EDGE('',*,*,#5340,.F.);
#7510=ORIENTED_EDGE('',*,*,#5217,.T.);
#7511=ORIENTED_EDGE('',*,*,#5341,.T.);
#7512=ORIENTED_EDGE('',*,*,#5104,.F.);
#7513=ORIENTED_EDGE('',*,*,#5339,.F.);
#7514=ORIENTED_EDGE('',*,*,#5216,.T.);
#7515=ORIENTED_EDGE('',*,*,#5342,.T.);
#7516=ORIENTED_EDGE('',*,*,#5105,.F.);
#7517=ORIENTED_EDGE('',*,*,#5341,.F.);
#7518=ORIENTED_EDGE('',*,*,#5215,.T.);
#7519=ORIENTED_EDGE('',*,*,#5343,.T.);
#7520=ORIENTED_EDGE('',*,*,#5106,.F.);
#7521=ORIENTED_EDGE('',*,*,#5342,.F.);
#7522=ORIENTED_EDGE('',*,*,#5226,.T.);
#7523=ORIENTED_EDGE('',*,*,#5344,.T.);
#7524=ORIENTED_EDGE('',*,*,#5079,.F.);
#7525=ORIENTED_EDGE('',*,*,#5345,.F.);
#7526=ORIENTED_EDGE('',*,*,#5225,.T.);
#7527=ORIENTED_EDGE('',*,*,#5346,.T.);
#7528=ORIENTED_EDGE('',*,*,#5080,.F.);
#7529=ORIENTED_EDGE('',*,*,#5344,.F.);
#7530=ORIENTED_EDGE('',*,*,#5224,.T.);
#7531=ORIENTED_EDGE('',*,*,#5347,.T.);
#7532=ORIENTED_EDGE('',*,*,#5081,.F.);
#7533=ORIENTED_EDGE('',*,*,#5346,.F.);
#7534=ORIENTED_EDGE('',*,*,#5223,.T.);
#7535=ORIENTED_EDGE('',*,*,#5348,.T.);
#7536=ORIENTED_EDGE('',*,*,#5082,.F.);
#7537=ORIENTED_EDGE('',*,*,#5347,.F.);
#7538=ORIENTED_EDGE('',*,*,#5234,.T.);
#7539=ORIENTED_EDGE('',*,*,#5349,.T.);
#7540=ORIENTED_EDGE('',*,*,#5119,.F.);
#7541=ORIENTED_EDGE('',*,*,#5350,.F.);
#7542=ORIENTED_EDGE('',*,*,#5233,.T.);
#7543=ORIENTED_EDGE('',*,*,#5351,.T.);
#7544=ORIENTED_EDGE('',*,*,#5120,.F.);
#7545=ORIENTED_EDGE('',*,*,#5349,.F.);
#7546=ORIENTED_EDGE('',*,*,#5232,.T.);
#7547=ORIENTED_EDGE('',*,*,#5352,.T.);
#7548=ORIENTED_EDGE('',*,*,#5121,.F.);
#7549=ORIENTED_EDGE('',*,*,#5351,.F.);
#7550=ORIENTED_EDGE('',*,*,#5231,.T.);
#7551=ORIENTED_EDGE('',*,*,#5353,.T.);
#7552=ORIENTED_EDGE('',*,*,#5122,.F.);
#7553=ORIENTED_EDGE('',*,*,#5352,.F.);
#7554=ORIENTED_EDGE('',*,*,#5174,.T.);
#7555=ORIENTED_EDGE('',*,*,#5354,.T.);
#7556=ORIENTED_EDGE('',*,*,#5131,.F.);
#7557=ORIENTED_EDGE('',*,*,#5318,.F.);
#7558=ORIENTED_EDGE('',*,*,#5181,.T.);
#7559=ORIENTED_EDGE('',*,*,#5355,.T.);
#7560=ORIENTED_EDGE('',*,*,#5124,.F.);
#7561=ORIENTED_EDGE('',*,*,#5354,.F.);
#7562=ORIENTED_EDGE('',*,*,#5180,.T.);
#7563=ORIENTED_EDGE('',*,*,#5356,.T.);
#7564=ORIENTED_EDGE('',*,*,#5125,.F.);
#7565=ORIENTED_EDGE('',*,*,#5355,.F.);
#7566=ORIENTED_EDGE('',*,*,#5179,.T.);
#7567=ORIENTED_EDGE('',*,*,#5315,.T.);
#7568=ORIENTED_EDGE('',*,*,#5126,.F.);
#7569=ORIENTED_EDGE('',*,*,#5356,.F.);
#7570=ORIENTED_EDGE('',*,*,#5182,.T.);
#7571=ORIENTED_EDGE('',*,*,#5357,.T.);
#7572=ORIENTED_EDGE('',*,*,#5075,.F.);
#7573=ORIENTED_EDGE('',*,*,#5323,.F.);
#7574=ORIENTED_EDGE('',*,*,#5189,.T.);
#7575=ORIENTED_EDGE('',*,*,#5358,.T.);
#7576=ORIENTED_EDGE('',*,*,#5068,.F.);
#7577=ORIENTED_EDGE('',*,*,#5357,.F.);
#7578=ORIENTED_EDGE('',*,*,#5188,.T.);
#7579=ORIENTED_EDGE('',*,*,#5359,.T.);
#7580=ORIENTED_EDGE('',*,*,#5069,.F.);
#7581=ORIENTED_EDGE('',*,*,#5358,.F.);
#7582=ORIENTED_EDGE('',*,*,#5187,.T.);
#7583=ORIENTED_EDGE('',*,*,#5320,.T.);
#7584=ORIENTED_EDGE('',*,*,#5070,.F.);
#7585=ORIENTED_EDGE('',*,*,#5359,.F.);
#7586=ORIENTED_EDGE('',*,*,#5190,.T.);
#7587=ORIENTED_EDGE('',*,*,#5360,.T.);
#7588=ORIENTED_EDGE('',*,*,#5115,.F.);
#7589=ORIENTED_EDGE('',*,*,#5328,.F.);
#7590=ORIENTED_EDGE('',*,*,#5197,.T.);
#7591=ORIENTED_EDGE('',*,*,#5361,.T.);
#7592=ORIENTED_EDGE('',*,*,#5108,.F.);
#7593=ORIENTED_EDGE('',*,*,#5360,.F.);
#7594=ORIENTED_EDGE('',*,*,#5196,.T.);
#7595=ORIENTED_EDGE('',*,*,#5362,.T.);
#7596=ORIENTED_EDGE('',*,*,#5109,.F.);
#7597=ORIENTED_EDGE('',*,*,#5361,.F.);
#7598=ORIENTED_EDGE('',*,*,#5195,.T.);
#7599=ORIENTED_EDGE('',*,*,#5325,.T.);
#7600=ORIENTED_EDGE('',*,*,#5110,.F.);
#7601=ORIENTED_EDGE('',*,*,#5362,.F.);
#7602=ORIENTED_EDGE('',*,*,#5198,.T.);
#7603=ORIENTED_EDGE('',*,*,#5363,.T.);
#7604=ORIENTED_EDGE('',*,*,#5091,.F.);
#7605=ORIENTED_EDGE('',*,*,#5333,.F.);
#7606=ORIENTED_EDGE('',*,*,#5205,.T.);
#7607=ORIENTED_EDGE('',*,*,#5364,.T.);
#7608=ORIENTED_EDGE('',*,*,#5084,.F.);
#7609=ORIENTED_EDGE('',*,*,#5363,.F.);
#7610=ORIENTED_EDGE('',*,*,#5204,.T.);
#7611=ORIENTED_EDGE('',*,*,#5365,.T.);
#7612=ORIENTED_EDGE('',*,*,#5085,.F.);
#7613=ORIENTED_EDGE('',*,*,#5364,.F.);
#7614=ORIENTED_EDGE('',*,*,#5203,.T.);
#7615=ORIENTED_EDGE('',*,*,#5330,.T.);
#7616=ORIENTED_EDGE('',*,*,#5086,.F.);
#7617=ORIENTED_EDGE('',*,*,#5365,.F.);
#7618=ORIENTED_EDGE('',*,*,#5206,.T.);
#7619=ORIENTED_EDGE('',*,*,#5366,.T.);
#7620=ORIENTED_EDGE('',*,*,#5099,.F.);
#7621=ORIENTED_EDGE('',*,*,#5338,.F.);
#7622=ORIENTED_EDGE('',*,*,#5213,.T.);
#7623=ORIENTED_EDGE('',*,*,#5367,.T.);
#7624=ORIENTED_EDGE('',*,*,#5092,.F.);
#7625=ORIENTED_EDGE('',*,*,#5366,.F.);
#7626=ORIENTED_EDGE('',*,*,#5212,.T.);
#7627=ORIENTED_EDGE('',*,*,#5368,.T.);
#7628=ORIENTED_EDGE('',*,*,#5093,.F.);
#7629=ORIENTED_EDGE('',*,*,#5367,.F.);
#7630=ORIENTED_EDGE('',*,*,#5211,.T.);
#7631=ORIENTED_EDGE('',*,*,#5335,.T.);
#7632=ORIENTED_EDGE('',*,*,#5094,.F.);
#7633=ORIENTED_EDGE('',*,*,#5368,.F.);
#7634=ORIENTED_EDGE('',*,*,#5214,.T.);
#7635=ORIENTED_EDGE('',*,*,#5369,.T.);
#7636=ORIENTED_EDGE('',*,*,#5107,.F.);
#7637=ORIENTED_EDGE('',*,*,#5343,.F.);
#7638=ORIENTED_EDGE('',*,*,#5221,.T.);
#7639=ORIENTED_EDGE('',*,*,#5370,.T.);
#7640=ORIENTED_EDGE('',*,*,#5100,.F.);
#7641=ORIENTED_EDGE('',*,*,#5369,.F.);
#7642=ORIENTED_EDGE('',*,*,#5220,.T.);
#7643=ORIENTED_EDGE('',*,*,#5371,.T.);
#7644=ORIENTED_EDGE('',*,*,#5101,.F.);
#7645=ORIENTED_EDGE('',*,*,#5370,.F.);
#7646=ORIENTED_EDGE('',*,*,#5219,.T.);
#7647=ORIENTED_EDGE('',*,*,#5340,.T.);
#7648=ORIENTED_EDGE('',*,*,#5102,.F.);
#7649=ORIENTED_EDGE('',*,*,#5371,.F.);
#7650=ORIENTED_EDGE('',*,*,#5222,.T.);
#7651=ORIENTED_EDGE('',*,*,#5372,.T.);
#7652=ORIENTED_EDGE('',*,*,#5083,.F.);
#7653=ORIENTED_EDGE('',*,*,#5348,.F.);
#7654=ORIENTED_EDGE('',*,*,#5229,.T.);
#7655=ORIENTED_EDGE('',*,*,#5373,.T.);
#7656=ORIENTED_EDGE('',*,*,#5076,.F.);
#7657=ORIENTED_EDGE('',*,*,#5372,.F.);
#7658=ORIENTED_EDGE('',*,*,#5228,.T.);
#7659=ORIENTED_EDGE('',*,*,#5374,.T.);
#7660=ORIENTED_EDGE('',*,*,#5077,.F.);
#7661=ORIENTED_EDGE('',*,*,#5373,.F.);
#7662=ORIENTED_EDGE('',*,*,#5227,.T.);
#7663=ORIENTED_EDGE('',*,*,#5345,.T.);
#7664=ORIENTED_EDGE('',*,*,#5078,.F.);
#7665=ORIENTED_EDGE('',*,*,#5374,.F.);
#7666=ORIENTED_EDGE('',*,*,#5230,.T.);
#7667=ORIENTED_EDGE('',*,*,#5375,.T.);
#7668=ORIENTED_EDGE('',*,*,#5123,.F.);
#7669=ORIENTED_EDGE('',*,*,#5353,.F.);
#7670=ORIENTED_EDGE('',*,*,#5237,.T.);
#7671=ORIENTED_EDGE('',*,*,#5376,.T.);
#7672=ORIENTED_EDGE('',*,*,#5116,.F.);
#7673=ORIENTED_EDGE('',*,*,#5375,.F.);
#7674=ORIENTED_EDGE('',*,*,#5236,.T.);
#7675=ORIENTED_EDGE('',*,*,#5377,.T.);
#7676=ORIENTED_EDGE('',*,*,#5117,.F.);
#7677=ORIENTED_EDGE('',*,*,#5376,.F.);
#7678=ORIENTED_EDGE('',*,*,#5235,.T.);
#7679=ORIENTED_EDGE('',*,*,#5350,.T.);
#7680=ORIENTED_EDGE('',*,*,#5118,.F.);
#7681=ORIENTED_EDGE('',*,*,#5377,.F.);
#7682=ORIENTED_EDGE('',*,*,#5378,.T.);
#7683=ORIENTED_EDGE('',*,*,#5379,.T.);
#7684=ORIENTED_EDGE('',*,*,#5380,.T.);
#7685=ORIENTED_EDGE('',*,*,#5381,.T.);
#7686=ORIENTED_EDGE('',*,*,#5382,.T.);
#7687=ORIENTED_EDGE('',*,*,#5383,.T.);
#7688=ORIENTED_EDGE('',*,*,#5384,.T.);
#7689=ORIENTED_EDGE('',*,*,#5385,.T.);
#7690=ORIENTED_EDGE('',*,*,#5386,.T.);
#7691=ORIENTED_EDGE('',*,*,#5387,.T.);
#7692=ORIENTED_EDGE('',*,*,#5388,.T.);
#7693=ORIENTED_EDGE('',*,*,#5389,.T.);
#7694=ORIENTED_EDGE('',*,*,#5388,.F.);
#7695=ORIENTED_EDGE('',*,*,#5390,.T.);
#7696=ORIENTED_EDGE('',*,*,#5382,.F.);
#7697=ORIENTED_EDGE('',*,*,#5384,.F.);
#7698=ORIENTED_EDGE('',*,*,#5391,.T.);
#7699=ORIENTED_EDGE('',*,*,#5380,.F.);
#7700=ORIENTED_EDGE('',*,*,#5391,.F.);
#7701=ORIENTED_EDGE('',*,*,#5392,.T.);
#7702=ORIENTED_EDGE('',*,*,#5393,.T.);
#7703=ORIENTED_EDGE('',*,*,#5394,.T.);
#7704=ORIENTED_EDGE('',*,*,#5383,.F.);
#7705=ORIENTED_EDGE('',*,*,#5395,.F.);
#7706=ORIENTED_EDGE('',*,*,#5396,.F.);
#7707=ORIENTED_EDGE('',*,*,#5392,.F.);
#7708=ORIENTED_EDGE('',*,*,#5397,.T.);
#7709=ORIENTED_EDGE('',*,*,#5398,.T.);
#7710=ORIENTED_EDGE('',*,*,#5399,.T.);
#7711=ORIENTED_EDGE('',*,*,#5400,.T.);
#7712=ORIENTED_EDGE('',*,*,#5401,.T.);
#7713=ORIENTED_EDGE('',*,*,#5402,.T.);
#7714=ORIENTED_EDGE('',*,*,#5403,.T.);
#7715=ORIENTED_EDGE('',*,*,#5404,.T.);
#7716=ORIENTED_EDGE('',*,*,#5405,.T.);
#7717=ORIENTED_EDGE('',*,*,#5406,.T.);
#7718=ORIENTED_EDGE('',*,*,#5390,.F.);
#7719=ORIENTED_EDGE('',*,*,#5407,.T.);
#7720=ORIENTED_EDGE('',*,*,#5408,.T.);
#7721=ORIENTED_EDGE('',*,*,#5395,.T.);
#7722=ORIENTED_EDGE('',*,*,#5387,.F.);
#7723=ORIENTED_EDGE('',*,*,#5409,.T.);
#7724=ORIENTED_EDGE('',*,*,#5410,.F.);
#7725=ORIENTED_EDGE('',*,*,#5407,.F.);
#7726=ORIENTED_EDGE('',*,*,#5411,.T.);
#7727=ORIENTED_EDGE('',*,*,#5412,.T.);
#7728=ORIENTED_EDGE('',*,*,#5413,.T.);
#7729=ORIENTED_EDGE('',*,*,#5410,.T.);
#7730=ORIENTED_EDGE('',*,*,#5413,.F.);
#7731=ORIENTED_EDGE('',*,*,#5414,.T.);
#7732=ORIENTED_EDGE('',*,*,#5408,.F.);
#7733=ORIENTED_EDGE('',*,*,#5414,.F.);
#7734=ORIENTED_EDGE('',*,*,#5415,.T.);
#7735=ORIENTED_EDGE('',*,*,#5416,.T.);
#7736=ORIENTED_EDGE('',*,*,#5396,.T.);
#7737=ORIENTED_EDGE('',*,*,#5412,.F.);
#7738=ORIENTED_EDGE('',*,*,#5417,.T.);
#7739=ORIENTED_EDGE('',*,*,#5418,.F.);
#7740=ORIENTED_EDGE('',*,*,#5415,.F.);
#7741=ORIENTED_EDGE('',*,*,#5378,.F.);
#7742=ORIENTED_EDGE('',*,*,#5419,.T.);
#7743=ORIENTED_EDGE('',*,*,#5420,.F.);
#7744=ORIENTED_EDGE('',*,*,#5417,.F.);
#7745=ORIENTED_EDGE('',*,*,#5411,.F.);
#7746=ORIENTED_EDGE('',*,*,#5409,.F.);
#7747=ORIENTED_EDGE('',*,*,#5386,.F.);
#7748=ORIENTED_EDGE('',*,*,#5421,.F.);
#7749=ORIENTED_EDGE('',*,*,#5422,.F.);
#7750=ORIENTED_EDGE('',*,*,#5423,.F.);
#7751=ORIENTED_EDGE('',*,*,#5424,.T.);
#7752=ORIENTED_EDGE('',*,*,#5425,.T.);
#7753=ORIENTED_EDGE('',*,*,#5426,.F.);
#7754=ORIENTED_EDGE('',*,*,#5427,.F.);
#7755=ORIENTED_EDGE('',*,*,#5428,.F.);
#7756=ORIENTED_EDGE('',*,*,#5393,.F.);
#7757=ORIENTED_EDGE('',*,*,#5416,.F.);
#7758=ORIENTED_EDGE('',*,*,#5420,.T.);
#7759=ORIENTED_EDGE('',*,*,#5429,.T.);
#7760=ORIENTED_EDGE('',*,*,#5428,.T.);
#7761=ORIENTED_EDGE('',*,*,#5418,.T.);
#7762=ORIENTED_EDGE('',*,*,#5379,.F.);
#7763=ORIENTED_EDGE('',*,*,#5425,.F.);
#7764=ORIENTED_EDGE('',*,*,#5430,.T.);
#7765=ORIENTED_EDGE('',*,*,#5431,.F.);
#7766=ORIENTED_EDGE('',*,*,#5432,.F.);
#7767=ORIENTED_EDGE('',*,*,#5421,.T.);
#7768=ORIENTED_EDGE('',*,*,#5389,.F.);
#7769=ORIENTED_EDGE('',*,*,#5385,.F.);
#7770=ORIENTED_EDGE('',*,*,#5381,.F.);
#7771=ORIENTED_EDGE('',*,*,#5394,.F.);
#7772=ORIENTED_EDGE('',*,*,#5429,.F.);
#7773=ORIENTED_EDGE('',*,*,#5419,.F.);
#7774=ORIENTED_EDGE('',*,*,#5433,.F.);
#7775=ORIENTED_EDGE('',*,*,#5434,.F.);
#7776=ORIENTED_EDGE('',*,*,#5435,.F.);
#7777=ORIENTED_EDGE('',*,*,#5436,.F.);
#7778=ORIENTED_EDGE('',*,*,#5437,.F.);
#7779=ORIENTED_EDGE('',*,*,#5431,.T.);
#7780=ORIENTED_EDGE('',*,*,#5438,.F.);
#7781=ORIENTED_EDGE('',*,*,#5435,.T.);
#7782=ORIENTED_EDGE('',*,*,#5438,.T.);
#7783=ORIENTED_EDGE('',*,*,#5430,.F.);
#7784=ORIENTED_EDGE('',*,*,#5424,.F.);
#7785=ORIENTED_EDGE('',*,*,#5439,.T.);
#7786=ORIENTED_EDGE('',*,*,#5440,.F.);
#7787=ORIENTED_EDGE('',*,*,#5436,.T.);
#7788=ORIENTED_EDGE('',*,*,#5434,.T.);
#7789=ORIENTED_EDGE('',*,*,#5441,.F.);
#7790=ORIENTED_EDGE('',*,*,#5442,.F.);
#7791=ORIENTED_EDGE('',*,*,#5422,.T.);
#7792=ORIENTED_EDGE('',*,*,#5432,.T.);
#7793=ORIENTED_EDGE('',*,*,#5437,.T.);
#7794=ORIENTED_EDGE('',*,*,#5423,.T.);
#7795=ORIENTED_EDGE('',*,*,#5442,.T.);
#7796=ORIENTED_EDGE('',*,*,#5443,.F.);
#7797=ORIENTED_EDGE('',*,*,#5439,.F.);
#7798=ORIENTED_EDGE('',*,*,#5426,.T.);
#7799=ORIENTED_EDGE('',*,*,#5444,.T.);
#7800=ORIENTED_EDGE('',*,*,#5397,.F.);
#7801=ORIENTED_EDGE('',*,*,#5444,.F.);
#7802=ORIENTED_EDGE('',*,*,#5427,.T.);
#7803=ORIENTED_EDGE('',*,*,#5445,.T.);
#7804=ORIENTED_EDGE('',*,*,#5398,.F.);
#7805=ORIENTED_EDGE('',*,*,#5445,.F.);
#7806=ORIENTED_EDGE('',*,*,#5433,.T.);
#7807=ORIENTED_EDGE('',*,*,#5440,.T.);
#7808=ORIENTED_EDGE('',*,*,#5443,.T.);
#7809=ORIENTED_EDGE('',*,*,#5441,.T.);
#7810=ORIENTED_EDGE('',*,*,#5446,.F.);
#7811=ORIENTED_EDGE('',*,*,#5447,.F.);
#7812=ORIENTED_EDGE('',*,*,#5448,.F.);
#7813=ORIENTED_EDGE('',*,*,#5449,.F.);
#7814=ORIENTED_EDGE('',*,*,#5450,.F.);
#7815=ORIENTED_EDGE('',*,*,#5451,.F.);
#7816=ORIENTED_EDGE('',*,*,#5452,.F.);
#7817=ORIENTED_EDGE('',*,*,#5453,.F.);
#7818=ORIENTED_EDGE('',*,*,#5448,.T.);
#7819=ORIENTED_EDGE('',*,*,#5454,.T.);
#7820=ORIENTED_EDGE('',*,*,#5399,.F.);
#7821=ORIENTED_EDGE('',*,*,#5455,.F.);
#7822=ORIENTED_EDGE('',*,*,#5447,.T.);
#7823=ORIENTED_EDGE('',*,*,#5456,.T.);
#7824=ORIENTED_EDGE('',*,*,#5400,.F.);
#7825=ORIENTED_EDGE('',*,*,#5454,.F.);
#7826=ORIENTED_EDGE('',*,*,#5452,.T.);
#7827=ORIENTED_EDGE('',*,*,#5457,.T.);
#7828=ORIENTED_EDGE('',*,*,#5403,.F.);
#7829=ORIENTED_EDGE('',*,*,#5458,.F.);
#7830=ORIENTED_EDGE('',*,*,#5451,.T.);
#7831=ORIENTED_EDGE('',*,*,#5459,.T.);
#7832=ORIENTED_EDGE('',*,*,#5404,.F.);
#7833=ORIENTED_EDGE('',*,*,#5457,.F.);
#7834=ORIENTED_EDGE('',*,*,#5446,.T.);
#7835=ORIENTED_EDGE('',*,*,#5460,.T.);
#7836=ORIENTED_EDGE('',*,*,#5401,.F.);
#7837=ORIENTED_EDGE('',*,*,#5456,.F.);
#7838=ORIENTED_EDGE('',*,*,#5449,.T.);
#7839=ORIENTED_EDGE('',*,*,#5455,.T.);
#7840=ORIENTED_EDGE('',*,*,#5402,.F.);
#7841=ORIENTED_EDGE('',*,*,#5460,.F.);
#7842=ORIENTED_EDGE('',*,*,#5450,.T.);
#7843=ORIENTED_EDGE('',*,*,#5461,.T.);
#7844=ORIENTED_EDGE('',*,*,#5405,.F.);
#7845=ORIENTED_EDGE('',*,*,#5459,.F.);
#7846=ORIENTED_EDGE('',*,*,#5453,.T.);
#7847=ORIENTED_EDGE('',*,*,#5458,.T.);
#7848=ORIENTED_EDGE('',*,*,#5406,.F.);
#7849=ORIENTED_EDGE('',*,*,#5461,.F.);
#7850=CYLINDRICAL_SURFACE('',#8600,0.25);
#7851=CYLINDRICAL_SURFACE('',#8608,0.25);
#7852=CYLINDRICAL_SURFACE('',#8615,0.25);
#7853=CYLINDRICAL_SURFACE('',#8619,1.01);
#7854=CYLINDRICAL_SURFACE('',#8626,1.);
#7855=CYLINDRICAL_SURFACE('',#8628,1.);
#7856=CYLINDRICAL_SURFACE('',#9011,0.499999422661);
#7857=CYLINDRICAL_SURFACE('',#9012,0.499989884978);
#7858=CYLINDRICAL_SURFACE('',#9013,0.500008729288);
#7859=CYLINDRICAL_SURFACE('',#9016,0.499989885034);
#7860=CYLINDRICAL_SURFACE('',#9017,0.500008729288);
#7861=CYLINDRICAL_SURFACE('',#9018,0.499999448976);
#7862=CYLINDRICAL_SURFACE('',#9019,0.499999729127);
#7863=CYLINDRICAL_SURFACE('',#9020,0.500008729226);
#7864=CYLINDRICAL_SURFACE('',#9021,0.499989885034);
#7865=CYLINDRICAL_SURFACE('',#9024,0.500008729288);
#7866=CYLINDRICAL_SURFACE('',#9025,0.499989885034);
#7867=CYLINDRICAL_SURFACE('',#9026,0.500000669307);
#7868=CYLINDRICAL_SURFACE('',#9027,0.85);
#7869=CYLINDRICAL_SURFACE('',#9028,2.);
#7870=CYLINDRICAL_SURFACE('',#9029,0.4);
#7871=CYLINDRICAL_SURFACE('',#9030,0.85);
#7872=CYLINDRICAL_SURFACE('',#9031,0.75);
#7873=CYLINDRICAL_SURFACE('',#9032,0.75);
#7874=CYLINDRICAL_SURFACE('',#9033,0.4);
#7875=CYLINDRICAL_SURFACE('',#9034,0.499999422661);
#7876=CYLINDRICAL_SURFACE('',#9035,0.499989884978);
#7877=CYLINDRICAL_SURFACE('',#9036,0.500008729288);
#7878=CYLINDRICAL_SURFACE('',#9039,0.499989885034);
#7879=CYLINDRICAL_SURFACE('',#9040,0.500008729288);
#7880=CYLINDRICAL_SURFACE('',#9041,0.499999448976);
#7881=CYLINDRICAL_SURFACE('',#9042,0.499999729127);
#7882=CYLINDRICAL_SURFACE('',#9043,0.500008729226);
#7883=CYLINDRICAL_SURFACE('',#9044,0.499989885034);
#7884=CYLINDRICAL_SURFACE('',#9047,0.500008729288);
#7885=CYLINDRICAL_SURFACE('',#9048,0.499989884978);
#7886=CYLINDRICAL_SURFACE('',#9049,0.500000669307);
#7887=CYLINDRICAL_SURFACE('',#9050,0.85);
#7888=CYLINDRICAL_SURFACE('',#9051,2.);
#7889=CYLINDRICAL_SURFACE('',#9052,0.4);
#7890=CYLINDRICAL_SURFACE('',#9053,0.85);
#7891=CYLINDRICAL_SURFACE('',#9054,0.75);
#7892=CYLINDRICAL_SURFACE('',#9055,0.75);
#7893=CYLINDRICAL_SURFACE('',#9056,0.4);
#7894=CYLINDRICAL_SURFACE('',#9057,0.499999422661);
#7895=CYLINDRICAL_SURFACE('',#9058,0.499989884978);
#7896=CYLINDRICAL_SURFACE('',#9059,0.500008729288);
#7897=CYLINDRICAL_SURFACE('',#9062,0.499989885034);
#7898=CYLINDRICAL_SURFACE('',#9063,0.500008729288);
#7899=CYLINDRICAL_SURFACE('',#9064,0.499999448976);
#7900=CYLINDRICAL_SURFACE('',#9065,0.499999729127);
#7901=CYLINDRICAL_SURFACE('',#9066,0.500008729226);
#7902=CYLINDRICAL_SURFACE('',#9067,0.499989885034);
#7903=CYLINDRICAL_SURFACE('',#9070,0.500008729288);
#7904=CYLINDRICAL_SURFACE('',#9071,0.499989884978);
#7905=CYLINDRICAL_SURFACE('',#9072,0.500000669307);
#7906=CYLINDRICAL_SURFACE('',#9073,0.85);
#7907=CYLINDRICAL_SURFACE('',#9074,2.);
#7908=CYLINDRICAL_SURFACE('',#9075,0.4);
#7909=CYLINDRICAL_SURFACE('',#9076,0.85);
#7910=CYLINDRICAL_SURFACE('',#9077,0.499999729127);
#7911=CYLINDRICAL_SURFACE('',#9078,0.50002311711);
#7912=CYLINDRICAL_SURFACE('',#9079,0.499989885034);
#7913=CYLINDRICAL_SURFACE('',#9082,0.500008729288);
#7914=CYLINDRICAL_SURFACE('',#9083,0.499989885034);
#7915=CYLINDRICAL_SURFACE('',#9084,0.499999422661);
#7916=CYLINDRICAL_SURFACE('',#9085,0.499999092786);
#7917=CYLINDRICAL_SURFACE('',#9086,0.499989885034);
#7918=CYLINDRICAL_SURFACE('',#9087,0.500040834725);
#7919=CYLINDRICAL_SURFACE('',#9090,0.49998122973);
#7920=CYLINDRICAL_SURFACE('',#9091,0.500008729226);
#7921=CYLINDRICAL_SURFACE('',#9092,0.499999755443);
#7922=CYLINDRICAL_SURFACE('',#9093,0.85);
#7923=CYLINDRICAL_SURFACE('',#9094,2.);
#7924=CYLINDRICAL_SURFACE('',#9095,0.4);
#7925=CYLINDRICAL_SURFACE('',#9096,0.85);
#7926=CYLINDRICAL_SURFACE('',#9097,0.499999422661);
#7927=CYLINDRICAL_SURFACE('',#9098,0.499989884978);
#7928=CYLINDRICAL_SURFACE('',#9099,0.500008729288);
#7929=CYLINDRICAL_SURFACE('',#9102,0.499989885034);
#7930=CYLINDRICAL_SURFACE('',#9103,0.500008729288);
#7931=CYLINDRICAL_SURFACE('',#9104,0.499999448976);
#7932=CYLINDRICAL_SURFACE('',#9105,0.499999729127);
#7933=CYLINDRICAL_SURFACE('',#9106,0.500008729226);
#7934=CYLINDRICAL_SURFACE('',#9107,0.499989885034);
#7935=CYLINDRICAL_SURFACE('',#9110,0.500008729288);
#7936=CYLINDRICAL_SURFACE('',#9111,0.499989885034);
#7937=CYLINDRICAL_SURFACE('',#9112,0.500000669307);
#7938=CYLINDRICAL_SURFACE('',#9113,0.85);
#7939=CYLINDRICAL_SURFACE('',#9114,2.);
#7940=CYLINDRICAL_SURFACE('',#9115,0.4);
#7941=CYLINDRICAL_SURFACE('',#9116,0.85);
#7942=CYLINDRICAL_SURFACE('',#9117,0.75);
#7943=CYLINDRICAL_SURFACE('',#9118,0.75);
#7944=CYLINDRICAL_SURFACE('',#9119,0.4);
#7945=CYLINDRICAL_SURFACE('',#9120,0.499999729127);
#7946=CYLINDRICAL_SURFACE('',#9121,0.500008729288);
#7947=CYLINDRICAL_SURFACE('',#9122,0.499989885034);
#7948=CYLINDRICAL_SURFACE('',#9125,0.500008729288);
#7949=CYLINDRICAL_SURFACE('',#9126,0.499989885034);
#7950=CYLINDRICAL_SURFACE('',#9127,0.499999422661);
#7951=CYLINDRICAL_SURFACE('',#9128,0.499999092786);
#7952=CYLINDRICAL_SURFACE('',#9129,0.499989885034);
#7953=CYLINDRICAL_SURFACE('',#9130,0.500040834725);
#7954=CYLINDRICAL_SURFACE('',#9133,0.49998122973);
#7955=CYLINDRICAL_SURFACE('',#9134,0.500008729226);
#7956=CYLINDRICAL_SURFACE('',#9135,0.499999755443);
#7957=CYLINDRICAL_SURFACE('',#9136,0.85);
#7958=CYLINDRICAL_SURFACE('',#9137,2.);
#7959=CYLINDRICAL_SURFACE('',#9138,0.4);
#7960=CYLINDRICAL_SURFACE('',#9139,0.85);
#7961=CYLINDRICAL_SURFACE('',#9140,0.75);
#7962=CYLINDRICAL_SURFACE('',#9141,0.75);
#7963=CYLINDRICAL_SURFACE('',#9142,0.4);
#7964=CYLINDRICAL_SURFACE('',#9143,0.499999422661);
#7965=CYLINDRICAL_SURFACE('',#9144,0.499989884978);
#7966=CYLINDRICAL_SURFACE('',#9145,0.500008729288);
#7967=CYLINDRICAL_SURFACE('',#9148,0.499989885034);
#7968=CYLINDRICAL_SURFACE('',#9149,0.500008729288);
#7969=CYLINDRICAL_SURFACE('',#9150,0.499999448976);
#7970=CYLINDRICAL_SURFACE('',#9151,0.499999729127);
#7971=CYLINDRICAL_SURFACE('',#9152,0.500008729226);
#7972=CYLINDRICAL_SURFACE('',#9153,0.499989885034);
#7973=CYLINDRICAL_SURFACE('',#9156,0.500040834725);
#7974=CYLINDRICAL_SURFACE('',#9157,0.499989884978);
#7975=CYLINDRICAL_SURFACE('',#9158,0.499999092786);
#7976=CYLINDRICAL_SURFACE('',#9159,0.85);
#7977=CYLINDRICAL_SURFACE('',#9160,2.);
#7978=CYLINDRICAL_SURFACE('',#9161,0.4);
#7979=CYLINDRICAL_SURFACE('',#9162,0.85);
#7980=CYLINDRICAL_SURFACE('',#9163,0.499999422661);
#7981=CYLINDRICAL_SURFACE('',#9164,0.499989884978);
#7982=CYLINDRICAL_SURFACE('',#9165,0.500008729288);
#7983=CYLINDRICAL_SURFACE('',#9168,0.49998122973);
#7984=CYLINDRICAL_SURFACE('',#9169,0.500008729288);
#7985=CYLINDRICAL_SURFACE('',#9170,0.499999755443);
#7986=CYLINDRICAL_SURFACE('',#9171,0.499999729127);
#7987=CYLINDRICAL_SURFACE('',#9172,0.500008729226);
#7988=CYLINDRICAL_SURFACE('',#9173,0.499989885034);
#7989=CYLINDRICAL_SURFACE('',#9176,0.500008729288);
#7990=CYLINDRICAL_SURFACE('',#9177,0.499989884978);
#7991=CYLINDRICAL_SURFACE('',#9178,0.500000669307);
#7992=CYLINDRICAL_SURFACE('',#9179,0.85);
#7993=CYLINDRICAL_SURFACE('',#9180,2.);
#7994=CYLINDRICAL_SURFACE('',#9181,0.4);
#7995=CYLINDRICAL_SURFACE('',#9182,0.85);
#7996=CYLINDRICAL_SURFACE('',#9183,0.75);
#7997=CYLINDRICAL_SURFACE('',#9184,0.75);
#7998=CYLINDRICAL_SURFACE('',#9185,0.4);
#7999=CYLINDRICAL_SURFACE('',#9186,0.75);
#8000=CYLINDRICAL_SURFACE('',#9187,0.75);
#8001=CYLINDRICAL_SURFACE('',#9188,0.4);
#8002=CYLINDRICAL_SURFACE('',#9189,0.5);
#8003=CYLINDRICAL_SURFACE('',#9190,0.5);
#8004=CYLINDRICAL_SURFACE('',#9191,0.5);
#8005=CYLINDRICAL_SURFACE('',#9192,0.5);
#8006=CYLINDRICAL_SURFACE('',#9193,0.5);
#8007=CYLINDRICAL_SURFACE('',#9194,0.5);
#8008=CYLINDRICAL_SURFACE('',#9195,0.5);
#8009=CYLINDRICAL_SURFACE('',#9196,0.5);
#8010=CYLINDRICAL_SURFACE('',#9197,0.5);
#8011=CYLINDRICAL_SURFACE('',#9198,0.5);
#8012=CYLINDRICAL_SURFACE('',#9199,0.5);
#8013=CYLINDRICAL_SURFACE('',#9200,0.75);
#8014=CYLINDRICAL_SURFACE('',#9201,0.75);
#8015=CYLINDRICAL_SURFACE('',#9202,0.4);
#8016=CYLINDRICAL_SURFACE('',#9203,0.5);
#8017=CYLINDRICAL_SURFACE('',#9204,0.75);
#8018=CYLINDRICAL_SURFACE('',#9205,0.75);
#8019=CYLINDRICAL_SURFACE('',#9206,0.4);
#8020=CYLINDRICAL_SURFACE('',#9207,0.75);
#8021=CYLINDRICAL_SURFACE('',#9209,0.75);
#8022=CYLINDRICAL_SURFACE('',#9211,0.5);
#8023=CYLINDRICAL_SURFACE('',#9212,0.5);
#8024=CYLINDRICAL_SURFACE('',#9213,0.5);
#8025=CYLINDRICAL_SURFACE('',#9214,0.5);
#8026=CYLINDRICAL_SURFACE('',#9215,0.5);
#8027=CYLINDRICAL_SURFACE('',#9216,0.5);
#8028=CYLINDRICAL_SURFACE('',#9217,0.5);
#8029=CYLINDRICAL_SURFACE('',#9218,0.5);
#8030=CYLINDRICAL_SURFACE('',#9219,0.5);
#8031=CYLINDRICAL_SURFACE('',#9220,0.5);
#8032=CYLINDRICAL_SURFACE('',#9221,0.5);
#8033=CYLINDRICAL_SURFACE('',#9222,0.75);
#8034=CYLINDRICAL_SURFACE('',#9224,0.75);
#8035=CYLINDRICAL_SURFACE('',#9235,1.);
#8036=CYLINDRICAL_SURFACE('',#9238,1.);
#8037=CYLINDRICAL_SURFACE('',#9241,1.);
#8038=CYLINDRICAL_SURFACE('',#9249,1.);
#8039=CYLINDRICAL_SURFACE('',#9256,1.);
#8040=CYLINDRICAL_SURFACE('',#9263,1.);
#8041=CYLINDRICAL_SURFACE('',#9269,1.);
#8042=CYLINDRICAL_SURFACE('',#9274,1.);
#8043=CYLINDRICAL_SURFACE('',#9276,2.5);
#8044=CYLINDRICAL_SURFACE('',#9280,2.5);
#8045=CYLINDRICAL_SURFACE('',#9284,2.5);
#8046=CYLINDRICAL_SURFACE('',#9288,2.5);
#8047=CYLINDRICAL_SURFACE('',#9293,2.);
#8048=CYLINDRICAL_SURFACE('',#9296,2.);
#8049=CYLINDRICAL_SURFACE('',#9299,2.);
#8050=CYLINDRICAL_SURFACE('',#9302,2.);
#8051=CYLINDRICAL_SURFACE('',#9306,2.35);
#8052=CYLINDRICAL_SURFACE('',#9308,2.34999999999999);
#8053=CYLINDRICAL_SURFACE('',#9310,2.35);
#8054=CYLINDRICAL_SURFACE('',#9312,2.34999999999999);
#8055=CYLINDRICAL_SURFACE('',#9318,1.);
#8056=CYLINDRICAL_SURFACE('',#9321,1.);
#8057=CYLINDRICAL_SURFACE('',#9362,1.);
#8058=CYLINDRICAL_SURFACE('',#9399,1.);
#8059=CYLINDRICAL_SURFACE('',#9402,2.34999999999999);
#8060=CYLINDRICAL_SURFACE('',#9403,2.35);
#8061=CYLINDRICAL_SURFACE('',#9451,0.500000000000003);
#8062=CYLINDRICAL_SURFACE('',#9453,0.500000000000007);
#8063=CYLINDRICAL_SURFACE('',#9455,0.500000000000003);
#8064=CYLINDRICAL_SURFACE('',#9457,0.500000000000007);
#8065=CYLINDRICAL_SURFACE('',#9459,0.499999999999998);
#8066=CYLINDRICAL_SURFACE('',#9461,0.500000000000007);
#8067=CYLINDRICAL_SURFACE('',#9463,0.500000000000003);
#8068=CYLINDRICAL_SURFACE('',#9465,0.499999999999989);
#8069=CYLINDRICAL_SURFACE('',#9467,0.499999999999998);
#8070=CYLINDRICAL_SURFACE('',#9469,0.500000000000007);
#8071=CYLINDRICAL_SURFACE('',#9471,0.499999999999998);
#8072=CYLINDRICAL_SURFACE('',#9473,0.499999999999989);
#8073=CYLINDRICAL_SURFACE('',#9475,0.499999999999998);
#8074=CYLINDRICAL_SURFACE('',#9477,0.499999999999989);
#8075=CYLINDRICAL_SURFACE('',#9479,0.500000000000003);
#8076=CYLINDRICAL_SURFACE('',#9481,0.499999999999989);
#8077=CYLINDRICAL_SURFACE('',#9483,0.499999999999998);
#8078=CYLINDRICAL_SURFACE('',#9485,0.500000000000007);
#8079=CYLINDRICAL_SURFACE('',#9487,0.499999999999998);
#8080=CYLINDRICAL_SURFACE('',#9489,0.499999999999989);
#8081=CYLINDRICAL_SURFACE('',#9491,0.5);
#8082=CYLINDRICAL_SURFACE('',#9493,0.500000000000007);
#8083=CYLINDRICAL_SURFACE('',#9495,0.499999999999998);
#8084=CYLINDRICAL_SURFACE('',#9497,0.499999999999998);
#8085=CYLINDRICAL_SURFACE('',#9499,0.5);
#8086=CYLINDRICAL_SURFACE('',#9501,0.499999999999989);
#8087=CYLINDRICAL_SURFACE('',#9503,0.5);
#8088=CYLINDRICAL_SURFACE('',#9505,0.499999999999998);
#8089=CYLINDRICAL_SURFACE('',#9507,0.5);
#8090=CYLINDRICAL_SURFACE('',#9509,0.500000000000007);
#8091=CYLINDRICAL_SURFACE('',#9511,0.499999999999998);
#8092=CYLINDRICAL_SURFACE('',#9513,0.500000000000007);
#8093=CYLINDRICAL_SURFACE('',#9514,1.);
#8094=CYLINDRICAL_SURFACE('',#9517,1.);
#8095=CYLINDRICAL_SURFACE('',#9520,1.);
#8096=CYLINDRICAL_SURFACE('',#9527,1.);
#8097=CYLINDRICAL_SURFACE('',#9532,1.);
#8098=CYLINDRICAL_SURFACE('',#9535,1.);
#8099=CYLINDRICAL_SURFACE('',#9540,1.);
#8100=CYLINDRICAL_SURFACE('',#9549,1.);
#8101=CYLINDRICAL_SURFACE('',#9557,2.35);
#8102=CYLINDRICAL_SURFACE('',#9558,2.34999999999999);
#8103=STYLED_ITEM('',(#14791),#8125);
#8104=STYLED_ITEM('',(#14791),#8126);
#8105=STYLED_ITEM('',(#14791),#8127);
#8106=STYLED_ITEM('',(#14791),#8128);
#8107=STYLED_ITEM('',(#14791),#8129);
#8108=STYLED_ITEM('',(#14791),#8130);
#8109=STYLED_ITEM('',(#14791),#8131);
#8110=STYLED_ITEM('',(#14789),#330);
#8111=STYLED_ITEM('',(#14792),#8132);
#8112=STYLED_ITEM('',(#14792),#8133);
#8113=STYLED_ITEM('',(#14792),#8134);
#8114=STYLED_ITEM('',(#14793),#8135);
#8115=STYLED_ITEM('',(#14793),#8136);
#8116=STYLED_ITEM('',(#14793),#8137);
#8117=STYLED_ITEM('',(#14793),#8138);
#8118=STYLED_ITEM('',(#14793),#8139);
#8119=STYLED_ITEM('',(#14793),#8140);
#8120=STYLED_ITEM('',(#14789),#331);
#8121=STYLED_ITEM('',(#14794),#332);
#8122=STYLED_ITEM('',(#14790),#333);
#8123=STYLED_ITEM('',(#14790),#334);
#8124=STYLED_ITEM('',(#14790),#335);
#8125=ADVANCED_FACE('',(#509),#7850,.T.);
#8126=ADVANCED_FACE('',(#510),#505,.T.);
#8127=ADVANCED_FACE('',(#511),#7851,.T.);
#8128=ADVANCED_FACE('',(#512),#506,.T.);
#8129=ADVANCED_FACE('',(#513),#7852,.T.);
#8130=ADVANCED_FACE('',(#514),#336,.T.);
#8131=ADVANCED_FACE('',(#515),#337,.F.);
#8132=ADVANCED_FACE('',(#516),#7853,.T.);
#8133=ADVANCED_FACE('',(#517,#99),#338,.F.);
#8134=ADVANCED_FACE('',(#518,#100),#339,.T.);
#8135=ADVANCED_FACE('',(#519),#7854,.T.);
#8136=ADVANCED_FACE('',(#520),#7855,.T.);
#8137=ADVANCED_FACE('',(#521),#507,.T.);
#8138=ADVANCED_FACE('',(#522),#508,.T.);
#8139=ADVANCED_FACE('',(#523),#340,.F.);
#8140=ADVANCED_FACE('',(#524),#341,.T.);
#8141=ADVANCED_FACE('',(#525),#342,.T.);
#8142=ADVANCED_FACE('',(#526),#343,.T.);
#8143=ADVANCED_FACE('',(#527),#344,.T.);
#8144=ADVANCED_FACE('',(#528,#101,#102,#103,#104,#105,#106,#107,#108,#109,
#110,#111,#112,#113,#114,#115,#116,#117,#118,#119,#120,#121,#122,#123,#124,
#125,#126,#127,#128,#129,#130,#131,#132,#133,#134,#135,#136,#137,#138,#139,
#140,#141,#142,#143,#144,#145,#146,#147,#148,#149,#150,#151,#152,#153,#154,
#155,#156,#157,#158,#159,#160,#161,#162,#163,#164,#165,#166,#167,#168,#169,
#170,#171,#172,#173,#174,#175,#176,#177,#178,#179,#180,#181,#182,#183,#184,
#185,#186,#187,#188,#189),#345,.F.);
#8145=ADVANCED_FACE('',(#529,#190,#191,#192,#193,#194,#195,#196,#197,#198,
#199,#200,#201,#202,#203,#204,#205,#206,#207,#208,#209,#210,#211,#212,#213,
#214,#215,#216,#217,#218,#219,#220,#221,#222,#223,#224,#225,#226,#227,#228,
#229,#230,#231,#232,#233,#234,#235,#236,#237,#238,#239,#240,#241,#242,#243,
#244,#245,#246,#247,#248,#249,#250,#251,#252,#253,#254,#255,#256,#257,#258,
#259,#260,#261,#262,#263,#264,#265,#266,#267,#268,#269,#270,#271,#272,#273,
#274,#275,#276,#277,#278),#346,.T.);
#8146=ADVANCED_FACE('',(#530),#347,.T.);
#8147=ADVANCED_FACE('',(#531),#7856,.F.);
#8148=ADVANCED_FACE('',(#532),#7857,.T.);
#8149=ADVANCED_FACE('',(#533),#7858,.T.);
#8150=ADVANCED_FACE('',(#534),#348,.T.);
#8151=ADVANCED_FACE('',(#535),#349,.T.);
#8152=ADVANCED_FACE('',(#536),#7859,.T.);
#8153=ADVANCED_FACE('',(#537),#7860,.T.);
#8154=ADVANCED_FACE('',(#538),#7861,.F.);
#8155=ADVANCED_FACE('',(#539),#7862,.F.);
#8156=ADVANCED_FACE('',(#540),#7863,.T.);
#8157=ADVANCED_FACE('',(#541),#7864,.T.);
#8158=ADVANCED_FACE('',(#542),#350,.T.);
#8159=ADVANCED_FACE('',(#543),#351,.T.);
#8160=ADVANCED_FACE('',(#544),#7865,.T.);
#8161=ADVANCED_FACE('',(#545),#7866,.T.);
#8162=ADVANCED_FACE('',(#546),#7867,.F.);
#8163=ADVANCED_FACE('',(#547),#7868,.F.);
#8164=ADVANCED_FACE('',(#548),#7869,.F.);
#8165=ADVANCED_FACE('',(#549),#7870,.F.);
#8166=ADVANCED_FACE('',(#550),#7871,.F.);
#8167=ADVANCED_FACE('',(#551),#7872,.F.);
#8168=ADVANCED_FACE('',(#552),#7873,.F.);
#8169=ADVANCED_FACE('',(#553),#7874,.F.);
#8170=ADVANCED_FACE('',(#554),#7875,.F.);
#8171=ADVANCED_FACE('',(#555),#7876,.T.);
#8172=ADVANCED_FACE('',(#556),#7877,.T.);
#8173=ADVANCED_FACE('',(#557),#352,.T.);
#8174=ADVANCED_FACE('',(#558),#353,.T.);
#8175=ADVANCED_FACE('',(#559),#7878,.T.);
#8176=ADVANCED_FACE('',(#560),#7879,.T.);
#8177=ADVANCED_FACE('',(#561),#7880,.F.);
#8178=ADVANCED_FACE('',(#562),#7881,.F.);
#8179=ADVANCED_FACE('',(#563),#7882,.T.);
#8180=ADVANCED_FACE('',(#564),#7883,.T.);
#8181=ADVANCED_FACE('',(#565),#354,.T.);
#8182=ADVANCED_FACE('',(#566),#355,.T.);
#8183=ADVANCED_FACE('',(#567),#7884,.T.);
#8184=ADVANCED_FACE('',(#568),#7885,.T.);
#8185=ADVANCED_FACE('',(#569),#7886,.F.);
#8186=ADVANCED_FACE('',(#570),#7887,.F.);
#8187=ADVANCED_FACE('',(#571),#7888,.F.);
#8188=ADVANCED_FACE('',(#572),#7889,.F.);
#8189=ADVANCED_FACE('',(#573),#7890,.F.);
#8190=ADVANCED_FACE('',(#574),#7891,.F.);
#8191=ADVANCED_FACE('',(#575),#7892,.F.);
#8192=ADVANCED_FACE('',(#576),#7893,.F.);
#8193=ADVANCED_FACE('',(#577),#7894,.F.);
#8194=ADVANCED_FACE('',(#578),#7895,.T.);
#8195=ADVANCED_FACE('',(#579),#7896,.T.);
#8196=ADVANCED_FACE('',(#580),#356,.T.);
#8197=ADVANCED_FACE('',(#581),#357,.T.);
#8198=ADVANCED_FACE('',(#582),#7897,.T.);
#8199=ADVANCED_FACE('',(#583),#7898,.T.);
#8200=ADVANCED_FACE('',(#584),#7899,.F.);
#8201=ADVANCED_FACE('',(#585),#7900,.F.);
#8202=ADVANCED_FACE('',(#586),#7901,.T.);
#8203=ADVANCED_FACE('',(#587),#7902,.T.);
#8204=ADVANCED_FACE('',(#588),#358,.T.);
#8205=ADVANCED_FACE('',(#589),#359,.T.);
#8206=ADVANCED_FACE('',(#590),#7903,.T.);
#8207=ADVANCED_FACE('',(#591),#7904,.T.);
#8208=ADVANCED_FACE('',(#592),#7905,.F.);
#8209=ADVANCED_FACE('',(#593),#7906,.F.);
#8210=ADVANCED_FACE('',(#594),#7907,.F.);
#8211=ADVANCED_FACE('',(#595),#7908,.F.);
#8212=ADVANCED_FACE('',(#596),#7909,.F.);
#8213=ADVANCED_FACE('',(#597),#7910,.F.);
#8214=ADVANCED_FACE('',(#598),#7911,.T.);
#8215=ADVANCED_FACE('',(#599),#7912,.T.);
#8216=ADVANCED_FACE('',(#600),#360,.T.);
#8217=ADVANCED_FACE('',(#601),#361,.T.);
#8218=ADVANCED_FACE('',(#602),#7913,.T.);
#8219=ADVANCED_FACE('',(#603),#7914,.T.);
#8220=ADVANCED_FACE('',(#604),#7915,.F.);
#8221=ADVANCED_FACE('',(#605),#7916,.F.);
#8222=ADVANCED_FACE('',(#606),#7917,.T.);
#8223=ADVANCED_FACE('',(#607),#7918,.T.);
#8224=ADVANCED_FACE('',(#608),#362,.T.);
#8225=ADVANCED_FACE('',(#609),#363,.T.);
#8226=ADVANCED_FACE('',(#610),#7919,.T.);
#8227=ADVANCED_FACE('',(#611),#7920,.T.);
#8228=ADVANCED_FACE('',(#612),#7921,.F.);
#8229=ADVANCED_FACE('',(#613),#7922,.F.);
#8230=ADVANCED_FACE('',(#614),#7923,.F.);
#8231=ADVANCED_FACE('',(#615),#7924,.F.);
#8232=ADVANCED_FACE('',(#616),#7925,.F.);
#8233=ADVANCED_FACE('',(#617),#7926,.F.);
#8234=ADVANCED_FACE('',(#618),#7927,.T.);
#8235=ADVANCED_FACE('',(#619),#7928,.T.);
#8236=ADVANCED_FACE('',(#620),#364,.T.);
#8237=ADVANCED_FACE('',(#621),#365,.T.);
#8238=ADVANCED_FACE('',(#622),#7929,.T.);
#8239=ADVANCED_FACE('',(#623),#7930,.T.);
#8240=ADVANCED_FACE('',(#624),#7931,.F.);
#8241=ADVANCED_FACE('',(#625),#7932,.F.);
#8242=ADVANCED_FACE('',(#626),#7933,.T.);
#8243=ADVANCED_FACE('',(#627),#7934,.T.);
#8244=ADVANCED_FACE('',(#628),#366,.T.);
#8245=ADVANCED_FACE('',(#629),#367,.T.);
#8246=ADVANCED_FACE('',(#630),#7935,.T.);
#8247=ADVANCED_FACE('',(#631),#7936,.T.);
#8248=ADVANCED_FACE('',(#632),#7937,.F.);
#8249=ADVANCED_FACE('',(#633),#7938,.F.);
#8250=ADVANCED_FACE('',(#634),#7939,.F.);
#8251=ADVANCED_FACE('',(#635),#7940,.F.);
#8252=ADVANCED_FACE('',(#636),#7941,.F.);
#8253=ADVANCED_FACE('',(#637),#7942,.F.);
#8254=ADVANCED_FACE('',(#638),#7943,.F.);
#8255=ADVANCED_FACE('',(#639),#7944,.F.);
#8256=ADVANCED_FACE('',(#640),#7945,.F.);
#8257=ADVANCED_FACE('',(#641),#7946,.T.);
#8258=ADVANCED_FACE('',(#642),#7947,.T.);
#8259=ADVANCED_FACE('',(#643),#368,.T.);
#8260=ADVANCED_FACE('',(#644),#369,.T.);
#8261=ADVANCED_FACE('',(#645),#7948,.T.);
#8262=ADVANCED_FACE('',(#646),#7949,.T.);
#8263=ADVANCED_FACE('',(#647),#7950,.F.);
#8264=ADVANCED_FACE('',(#648),#7951,.F.);
#8265=ADVANCED_FACE('',(#649),#7952,.T.);
#8266=ADVANCED_FACE('',(#650),#7953,.T.);
#8267=ADVANCED_FACE('',(#651),#370,.T.);
#8268=ADVANCED_FACE('',(#652),#371,.T.);
#8269=ADVANCED_FACE('',(#653),#7954,.T.);
#8270=ADVANCED_FACE('',(#654),#7955,.T.);
#8271=ADVANCED_FACE('',(#655),#7956,.F.);
#8272=ADVANCED_FACE('',(#656),#7957,.F.);
#8273=ADVANCED_FACE('',(#657),#7958,.F.);
#8274=ADVANCED_FACE('',(#658),#7959,.F.);
#8275=ADVANCED_FACE('',(#659),#7960,.F.);
#8276=ADVANCED_FACE('',(#660),#7961,.F.);
#8277=ADVANCED_FACE('',(#661),#7962,.F.);
#8278=ADVANCED_FACE('',(#662),#7963,.F.);
#8279=ADVANCED_FACE('',(#663),#7964,.F.);
#8280=ADVANCED_FACE('',(#664),#7965,.T.);
#8281=ADVANCED_FACE('',(#665),#7966,.T.);
#8282=ADVANCED_FACE('',(#666),#372,.T.);
#8283=ADVANCED_FACE('',(#667),#373,.T.);
#8284=ADVANCED_FACE('',(#668),#7967,.T.);
#8285=ADVANCED_FACE('',(#669),#7968,.T.);
#8286=ADVANCED_FACE('',(#670),#7969,.F.);
#8287=ADVANCED_FACE('',(#671),#7970,.F.);
#8288=ADVANCED_FACE('',(#672),#7971,.T.);
#8289=ADVANCED_FACE('',(#673),#7972,.T.);
#8290=ADVANCED_FACE('',(#674),#374,.T.);
#8291=ADVANCED_FACE('',(#675),#375,.T.);
#8292=ADVANCED_FACE('',(#676),#7973,.T.);
#8293=ADVANCED_FACE('',(#677),#7974,.T.);
#8294=ADVANCED_FACE('',(#678),#7975,.F.);
#8295=ADVANCED_FACE('',(#679),#7976,.F.);
#8296=ADVANCED_FACE('',(#680),#7977,.F.);
#8297=ADVANCED_FACE('',(#681),#7978,.F.);
#8298=ADVANCED_FACE('',(#682),#7979,.F.);
#8299=ADVANCED_FACE('',(#683),#7980,.F.);
#8300=ADVANCED_FACE('',(#684),#7981,.T.);
#8301=ADVANCED_FACE('',(#685),#7982,.T.);
#8302=ADVANCED_FACE('',(#686),#376,.T.);
#8303=ADVANCED_FACE('',(#687),#377,.T.);
#8304=ADVANCED_FACE('',(#688),#7983,.T.);
#8305=ADVANCED_FACE('',(#689),#7984,.T.);
#8306=ADVANCED_FACE('',(#690),#7985,.F.);
#8307=ADVANCED_FACE('',(#691),#7986,.F.);
#8308=ADVANCED_FACE('',(#692),#7987,.T.);
#8309=ADVANCED_FACE('',(#693),#7988,.T.);
#8310=ADVANCED_FACE('',(#694),#378,.T.);
#8311=ADVANCED_FACE('',(#695),#379,.T.);
#8312=ADVANCED_FACE('',(#696),#7989,.T.);
#8313=ADVANCED_FACE('',(#697),#7990,.T.);
#8314=ADVANCED_FACE('',(#698),#7991,.F.);
#8315=ADVANCED_FACE('',(#699),#7992,.F.);
#8316=ADVANCED_FACE('',(#700),#7993,.F.);
#8317=ADVANCED_FACE('',(#701),#7994,.F.);
#8318=ADVANCED_FACE('',(#702),#7995,.F.);
#8319=ADVANCED_FACE('',(#703),#7996,.F.);
#8320=ADVANCED_FACE('',(#704),#7997,.F.);
#8321=ADVANCED_FACE('',(#705),#7998,.F.);
#8322=ADVANCED_FACE('',(#706),#7999,.F.);
#8323=ADVANCED_FACE('',(#707),#8000,.F.);
#8324=ADVANCED_FACE('',(#708),#8001,.F.);
#8325=ADVANCED_FACE('',(#709),#8002,.F.);
#8326=ADVANCED_FACE('',(#710),#8003,.F.);
#8327=ADVANCED_FACE('',(#711),#8004,.F.);
#8328=ADVANCED_FACE('',(#712),#8005,.F.);
#8329=ADVANCED_FACE('',(#713),#8006,.F.);
#8330=ADVANCED_FACE('',(#714),#8007,.F.);
#8331=ADVANCED_FACE('',(#715),#8008,.F.);
#8332=ADVANCED_FACE('',(#716),#8009,.F.);
#8333=ADVANCED_FACE('',(#717),#8010,.F.);
#8334=ADVANCED_FACE('',(#718),#8011,.F.);
#8335=ADVANCED_FACE('',(#719),#8012,.F.);
#8336=ADVANCED_FACE('',(#720),#8013,.F.);
#8337=ADVANCED_FACE('',(#721),#8014,.F.);
#8338=ADVANCED_FACE('',(#722),#8015,.F.);
#8339=ADVANCED_FACE('',(#723),#8016,.F.);
#8340=ADVANCED_FACE('',(#724),#8017,.F.);
#8341=ADVANCED_FACE('',(#725),#8018,.F.);
#8342=ADVANCED_FACE('',(#726),#8019,.F.);
#8343=ADVANCED_FACE('',(#727),#8020,.F.);
#8344=ADVANCED_FACE('',(#728),#380,.T.);
#8345=ADVANCED_FACE('',(#729),#8021,.F.);
#8346=ADVANCED_FACE('',(#730),#381,.T.);
#8347=ADVANCED_FACE('',(#731),#8022,.F.);
#8348=ADVANCED_FACE('',(#732),#8023,.F.);
#8349=ADVANCED_FACE('',(#733),#8024,.F.);
#8350=ADVANCED_FACE('',(#734),#8025,.F.);
#8351=ADVANCED_FACE('',(#735),#8026,.F.);
#8352=ADVANCED_FACE('',(#736),#8027,.F.);
#8353=ADVANCED_FACE('',(#737),#8028,.F.);
#8354=ADVANCED_FACE('',(#738),#8029,.F.);
#8355=ADVANCED_FACE('',(#739),#8030,.F.);
#8356=ADVANCED_FACE('',(#740),#8031,.F.);
#8357=ADVANCED_FACE('',(#741),#8032,.F.);
#8358=ADVANCED_FACE('',(#742),#8033,.F.);
#8359=ADVANCED_FACE('',(#743),#382,.T.);
#8360=ADVANCED_FACE('',(#744),#8034,.F.);
#8361=ADVANCED_FACE('',(#745),#383,.T.);
#8362=ADVANCED_FACE('',(#746),#8035,.T.);
#8363=ADVANCED_FACE('',(#747),#8036,.T.);
#8364=ADVANCED_FACE('',(#748),#8037,.T.);
#8365=ADVANCED_FACE('',(#749),#12,.T.);
#8366=ADVANCED_FACE('',(#750),#13,.T.);
#8367=ADVANCED_FACE('',(#751),#384,.T.);
#8368=ADVANCED_FACE('',(#752),#8038,.T.);
#8369=ADVANCED_FACE('',(#753,#279,#280,#281,#282),#385,.F.);
#8370=ADVANCED_FACE('',(#754),#8039,.T.);
#8371=ADVANCED_FACE('',(#755,#283),#386,.T.);
#8372=ADVANCED_FACE('',(#756),#8040,.T.);
#8373=ADVANCED_FACE('',(#757),#14,.T.);
#8374=ADVANCED_FACE('',(#758),#387,.T.);
#8375=ADVANCED_FACE('',(#759),#8041,.T.);
#8376=ADVANCED_FACE('',(#760),#388,.T.);
#8377=ADVANCED_FACE('',(#761),#15,.T.);
#8378=ADVANCED_FACE('',(#762),#8042,.T.);
#8379=ADVANCED_FACE('',(#763),#8043,.T.);
#8380=ADVANCED_FACE('',(#764),#389,.T.);
#8381=ADVANCED_FACE('',(#765),#8044,.T.);
#8382=ADVANCED_FACE('',(#766),#390,.T.);
#8383=ADVANCED_FACE('',(#767),#8045,.T.);
#8384=ADVANCED_FACE('',(#768),#391,.T.);
#8385=ADVANCED_FACE('',(#769),#8046,.T.);
#8386=ADVANCED_FACE('',(#770),#392,.T.);
#8387=ADVANCED_FACE('',(#771),#393,.F.);
#8388=ADVANCED_FACE('',(#772),#8047,.F.);
#8389=ADVANCED_FACE('',(#773),#394,.F.);
#8390=ADVANCED_FACE('',(#774),#8048,.F.);
#8391=ADVANCED_FACE('',(#775),#395,.F.);
#8392=ADVANCED_FACE('',(#776),#8049,.F.);
#8393=ADVANCED_FACE('',(#777),#396,.F.);
#8394=ADVANCED_FACE('',(#778),#8050,.F.);
#8395=ADVANCED_FACE('',(#779),#397,.T.);
#8396=ADVANCED_FACE('',(#780,#284),#398,.T.);
#8397=ADVANCED_FACE('',(#781),#8051,.F.);
#8398=ADVANCED_FACE('',(#782),#8052,.F.);
#8399=ADVANCED_FACE('',(#783),#8053,.F.);
#8400=ADVANCED_FACE('',(#784),#8054,.F.);
#8401=ADVANCED_FACE('',(#785),#399,.T.);
#8402=ADVANCED_FACE('',(#786),#400,.T.);
#8403=ADVANCED_FACE('',(#787,#285,#286,#287,#288,#289),#401,.T.);
#8404=ADVANCED_FACE('',(#788,#290,#291,#292,#293),#402,.T.);
#8405=ADVANCED_FACE('',(#789),#8055,.T.);
#8406=ADVANCED_FACE('',(#790),#8056,.T.);
#8407=ADVANCED_FACE('',(#791),#16,.T.);
#8408=ADVANCED_FACE('',(#792,#294,#295,#296,#297,#298,#299,#300,#301,#302,
#303,#304,#305,#306,#307,#308,#309,#310,#311),#403,.T.);
#8409=ADVANCED_FACE('',(#793),#404,.T.);
#8410=ADVANCED_FACE('',(#794),#8057,.T.);
#8411=ADVANCED_FACE('',(#795,#312,#313,#314,#315,#316,#317,#318,#319,#320,
#321),#405,.F.);
#8412=ADVANCED_FACE('',(#796),#8058,.T.);
#8413=ADVANCED_FACE('',(#797),#406,.T.);
#8414=ADVANCED_FACE('',(#798),#8059,.F.);
#8415=ADVANCED_FACE('',(#799),#8060,.F.);
#8416=ADVANCED_FACE('',(#800),#407,.F.);
#8417=ADVANCED_FACE('',(#801),#408,.F.);
#8418=ADVANCED_FACE('',(#802),#409,.F.);
#8419=ADVANCED_FACE('',(#803),#410,.F.);
#8420=ADVANCED_FACE('',(#804),#411,.F.);
#8421=ADVANCED_FACE('',(#805),#412,.F.);
#8422=ADVANCED_FACE('',(#806),#413,.F.);
#8423=ADVANCED_FACE('',(#807),#414,.F.);
#8424=ADVANCED_FACE('',(#808),#415,.F.);
#8425=ADVANCED_FACE('',(#809),#416,.F.);
#8426=ADVANCED_FACE('',(#810),#417,.F.);
#8427=ADVANCED_FACE('',(#811),#418,.F.);
#8428=ADVANCED_FACE('',(#812),#419,.F.);
#8429=ADVANCED_FACE('',(#813),#420,.F.);
#8430=ADVANCED_FACE('',(#814),#421,.F.);
#8431=ADVANCED_FACE('',(#815),#422,.F.);
#8432=ADVANCED_FACE('',(#816),#423,.F.);
#8433=ADVANCED_FACE('',(#817),#424,.F.);
#8434=ADVANCED_FACE('',(#818),#425,.F.);
#8435=ADVANCED_FACE('',(#819),#426,.F.);
#8436=ADVANCED_FACE('',(#820),#427,.F.);
#8437=ADVANCED_FACE('',(#821),#428,.F.);
#8438=ADVANCED_FACE('',(#822),#429,.F.);
#8439=ADVANCED_FACE('',(#823),#430,.F.);
#8440=ADVANCED_FACE('',(#824),#431,.F.);
#8441=ADVANCED_FACE('',(#825),#432,.F.);
#8442=ADVANCED_FACE('',(#826),#433,.F.);
#8443=ADVANCED_FACE('',(#827),#434,.F.);
#8444=ADVANCED_FACE('',(#828),#435,.F.);
#8445=ADVANCED_FACE('',(#829),#436,.F.);
#8446=ADVANCED_FACE('',(#830),#437,.F.);
#8447=ADVANCED_FACE('',(#831),#438,.F.);
#8448=ADVANCED_FACE('',(#832),#439,.F.);
#8449=ADVANCED_FACE('',(#833),#440,.F.);
#8450=ADVANCED_FACE('',(#834),#441,.F.);
#8451=ADVANCED_FACE('',(#835),#442,.F.);
#8452=ADVANCED_FACE('',(#836),#443,.F.);
#8453=ADVANCED_FACE('',(#837),#444,.F.);
#8454=ADVANCED_FACE('',(#838),#445,.F.);
#8455=ADVANCED_FACE('',(#839),#446,.F.);
#8456=ADVANCED_FACE('',(#840),#447,.T.);
#8457=ADVANCED_FACE('',(#841),#448,.T.);
#8458=ADVANCED_FACE('',(#842),#449,.T.);
#8459=ADVANCED_FACE('',(#843),#450,.T.);
#8460=ADVANCED_FACE('',(#844),#451,.T.);
#8461=ADVANCED_FACE('',(#845),#452,.T.);
#8462=ADVANCED_FACE('',(#846),#453,.T.);
#8463=ADVANCED_FACE('',(#847),#8061,.F.);
#8464=ADVANCED_FACE('',(#848),#454,.T.);
#8465=ADVANCED_FACE('',(#849),#8062,.F.);
#8466=ADVANCED_FACE('',(#850),#455,.T.);
#8467=ADVANCED_FACE('',(#851),#8063,.F.);
#8468=ADVANCED_FACE('',(#852),#456,.T.);
#8469=ADVANCED_FACE('',(#853),#8064,.F.);
#8470=ADVANCED_FACE('',(#854),#457,.T.);
#8471=ADVANCED_FACE('',(#855),#8065,.F.);
#8472=ADVANCED_FACE('',(#856),#458,.T.);
#8473=ADVANCED_FACE('',(#857),#8066,.F.);
#8474=ADVANCED_FACE('',(#858),#459,.T.);
#8475=ADVANCED_FACE('',(#859),#8067,.F.);
#8476=ADVANCED_FACE('',(#860),#460,.T.);
#8477=ADVANCED_FACE('',(#861),#8068,.F.);
#8478=ADVANCED_FACE('',(#862),#461,.T.);
#8479=ADVANCED_FACE('',(#863),#8069,.F.);
#8480=ADVANCED_FACE('',(#864),#462,.T.);
#8481=ADVANCED_FACE('',(#865),#8070,.F.);
#8482=ADVANCED_FACE('',(#866),#463,.T.);
#8483=ADVANCED_FACE('',(#867),#8071,.F.);
#8484=ADVANCED_FACE('',(#868),#464,.T.);
#8485=ADVANCED_FACE('',(#869),#8072,.F.);
#8486=ADVANCED_FACE('',(#870),#465,.T.);
#8487=ADVANCED_FACE('',(#871),#8073,.F.);
#8488=ADVANCED_FACE('',(#872),#466,.T.);
#8489=ADVANCED_FACE('',(#873),#8074,.F.);
#8490=ADVANCED_FACE('',(#874),#467,.T.);
#8491=ADVANCED_FACE('',(#875),#8075,.F.);
#8492=ADVANCED_FACE('',(#876),#468,.T.);
#8493=ADVANCED_FACE('',(#877),#8076,.F.);
#8494=ADVANCED_FACE('',(#878),#469,.T.);
#8495=ADVANCED_FACE('',(#879),#8077,.F.);
#8496=ADVANCED_FACE('',(#880),#470,.T.);
#8497=ADVANCED_FACE('',(#881),#8078,.F.);
#8498=ADVANCED_FACE('',(#882),#471,.T.);
#8499=ADVANCED_FACE('',(#883),#8079,.F.);
#8500=ADVANCED_FACE('',(#884),#472,.T.);
#8501=ADVANCED_FACE('',(#885),#8080,.F.);
#8502=ADVANCED_FACE('',(#886),#473,.T.);
#8503=ADVANCED_FACE('',(#887),#8081,.F.);
#8504=ADVANCED_FACE('',(#888),#474,.T.);
#8505=ADVANCED_FACE('',(#889),#8082,.F.);
#8506=ADVANCED_FACE('',(#890),#475,.T.);
#8507=ADVANCED_FACE('',(#891),#8083,.F.);
#8508=ADVANCED_FACE('',(#892),#476,.T.);
#8509=ADVANCED_FACE('',(#893),#8084,.F.);
#8510=ADVANCED_FACE('',(#894),#477,.T.);
#8511=ADVANCED_FACE('',(#895),#8085,.F.);
#8512=ADVANCED_FACE('',(#896),#478,.T.);
#8513=ADVANCED_FACE('',(#897),#8086,.F.);
#8514=ADVANCED_FACE('',(#898),#479,.T.);
#8515=ADVANCED_FACE('',(#899),#8087,.F.);
#8516=ADVANCED_FACE('',(#900),#480,.T.);
#8517=ADVANCED_FACE('',(#901),#8088,.F.);
#8518=ADVANCED_FACE('',(#902),#481,.T.);
#8519=ADVANCED_FACE('',(#903),#8089,.F.);
#8520=ADVANCED_FACE('',(#904),#482,.T.);
#8521=ADVANCED_FACE('',(#905),#8090,.F.);
#8522=ADVANCED_FACE('',(#906),#483,.T.);
#8523=ADVANCED_FACE('',(#907),#8091,.F.);
#8524=ADVANCED_FACE('',(#908),#484,.T.);
#8525=ADVANCED_FACE('',(#909),#8092,.F.);
#8526=ADVANCED_FACE('',(#910),#8093,.T.);
#8527=ADVANCED_FACE('',(#911),#8094,.T.);
#8528=ADVANCED_FACE('',(#912),#8095,.T.);
#8529=ADVANCED_FACE('',(#913),#17,.T.);
#8530=ADVANCED_FACE('',(#914),#18,.T.);
#8531=ADVANCED_FACE('',(#915),#8096,.T.);
#8532=ADVANCED_FACE('',(#916,#322,#323,#324,#325),#485,.F.);
#8533=ADVANCED_FACE('',(#917),#8097,.T.);
#8534=ADVANCED_FACE('',(#918),#486,.T.);
#8535=ADVANCED_FACE('',(#919),#8098,.T.);
#8536=ADVANCED_FACE('',(#920),#19,.T.);
#8537=ADVANCED_FACE('',(#921),#8099,.T.);
#8538=ADVANCED_FACE('',(#922),#487,.T.);
#8539=ADVANCED_FACE('',(#923,#326,#327),#488,.F.);
#8540=ADVANCED_FACE('',(#924),#20,.T.);
#8541=ADVANCED_FACE('',(#925),#8100,.T.);
#8542=ADVANCED_FACE('',(#926),#489,.T.);
#8543=ADVANCED_FACE('',(#927),#490,.T.);
#8544=ADVANCED_FACE('',(#928),#491,.T.);
#8545=ADVANCED_FACE('',(#929),#492,.T.);
#8546=ADVANCED_FACE('',(#930),#493,.T.);
#8547=ADVANCED_FACE('',(#931),#494,.T.);
#8548=ADVANCED_FACE('',(#932),#495,.T.);
#8549=ADVANCED_FACE('',(#933),#8101,.F.);
#8550=ADVANCED_FACE('',(#934),#8102,.F.);
#8551=ADVANCED_FACE('',(#935,#328,#329),#496,.F.);
#8552=ADVANCED_FACE('',(#936),#497,.F.);
#8553=ADVANCED_FACE('',(#937),#498,.F.);
#8554=ADVANCED_FACE('',(#938),#499,.F.);
#8555=ADVANCED_FACE('',(#939),#500,.F.);
#8556=ADVANCED_FACE('',(#940),#501,.F.);
#8557=ADVANCED_FACE('',(#941),#502,.F.);
#8558=ADVANCED_FACE('',(#942),#503,.F.);
#8559=ADVANCED_FACE('',(#943),#504,.F.);
#8560=CLOSED_SHELL('',(#8125,#8126,#8127,#8128,#8129,#8130,#8131));
#8561=CLOSED_SHELL('',(#8132,#8133,#8134,#8135,#8136,#8137,#8138,#8139,
#8140));
#8562=CLOSED_SHELL('',(#8141,#8142,#8143,#8144,#8145,#8146,#8147,#8148,
#8149,#8150,#8151,#8152,#8153,#8154,#8155,#8156,#8157,#8158,#8159,#8160,
#8161,#8162,#8163,#8164,#8165,#8166,#8167,#8168,#8169,#8170,#8171,#8172,
#8173,#8174,#8175,#8176,#8177,#8178,#8179,#8180,#8181,#8182,#8183,#8184,
#8185,#8186,#8187,#8188,#8189,#8190,#8191,#8192,#8193,#8194,#8195,#8196,
#8197,#8198,#8199,#8200,#8201,#8202,#8203,#8204,#8205,#8206,#8207,#8208,
#8209,#8210,#8211,#8212,#8213,#8214,#8215,#8216,#8217,#8218,#8219,#8220,
#8221,#8222,#8223,#8224,#8225,#8226,#8227,#8228,#8229,#8230,#8231,#8232,
#8233,#8234,#8235,#8236,#8237,#8238,#8239,#8240,#8241,#8242,#8243,#8244,
#8245,#8246,#8247,#8248,#8249,#8250,#8251,#8252,#8253,#8254,#8255,#8256,
#8257,#8258,#8259,#8260,#8261,#8262,#8263,#8264,#8265,#8266,#8267,#8268,
#8269,#8270,#8271,#8272,#8273,#8274,#8275,#8276,#8277,#8278,#8279,#8280,
#8281,#8282,#8283,#8284,#8285,#8286,#8287,#8288,#8289,#8290,#8291,#8292,
#8293,#8294,#8295,#8296,#8297,#8298,#8299,#8300,#8301,#8302,#8303,#8304,
#8305,#8306,#8307,#8308,#8309,#8310,#8311,#8312,#8313,#8314,#8315,#8316,
#8317,#8318,#8319,#8320,#8321,#8322,#8323,#8324,#8325,#8326,#8327,#8328,
#8329,#8330,#8331,#8332,#8333,#8334,#8335,#8336,#8337,#8338,#8339,#8340,
#8341,#8342,#8343,#8344,#8345,#8346,#8347,#8348,#8349,#8350,#8351,#8352,
#8353,#8354,#8355,#8356,#8357,#8358,#8359,#8360,#8361));
#8563=CLOSED_SHELL('',(#8362,#8363,#8364,#8365,#8366,#8367,#8368,#8369,
#8370,#8371,#8372,#8373,#8374,#8375,#8376,#8377,#8378,#8379,#8380,#8381,
#8382,#8383,#8384,#8385,#8386,#8387,#8388,#8389,#8390,#8391,#8392,#8393,
#8394,#8395,#8396,#8397,#8398,#8399,#8400,#8401,#8402,#8403,#8404));
#8564=CLOSED_SHELL('',(#8405,#8406,#8407,#8408,#8409,#8410,#8411,#8412,
#8413,#8414,#8415,#8416,#8417,#8418,#8419,#8420,#8421,#8422,#8423,#8424,
#8425,#8426,#8427,#8428,#8429,#8430,#8431,#8432,#8433,#8434,#8435,#8436,
#8437,#8438,#8439,#8440,#8441,#8442,#8443,#8444,#8445,#8446,#8447,#8448,
#8449,#8450,#8451,#8452,#8453,#8454,#8455,#8456,#8457,#8458,#8459,#8460,
#8461,#8462,#8463,#8464,#8465,#8466,#8467,#8468,#8469,#8470,#8471,#8472,
#8473,#8474,#8475,#8476,#8477,#8478,#8479,#8480,#8481,#8482,#8483,#8484,
#8485,#8486,#8487,#8488,#8489,#8490,#8491,#8492,#8493,#8494,#8495,#8496,
#8497,#8498,#8499,#8500,#8501,#8502,#8503,#8504,#8505,#8506,#8507,#8508,
#8509,#8510,#8511,#8512,#8513,#8514,#8515,#8516,#8517,#8518,#8519,#8520,
#8521,#8522,#8523,#8524,#8525));
#8565=CLOSED_SHELL('',(#8526,#8527,#8528,#8529,#8530,#8531,#8532,#8533,
#8534,#8535,#8536,#8537,#8538,#8539,#8540,#8541,#8542,#8543,#8544,#8545,
#8546,#8547,#8548,#8549,#8550,#8551,#8552,#8553,#8554,#8555,#8556,#8557,
#8558,#8559));
#8566=DERIVED_UNIT_ELEMENT(#8570,1.);
#8567=DERIVED_UNIT_ELEMENT(#14680,-3.);
#8568=DERIVED_UNIT_ELEMENT(#8570,1.);
#8569=DERIVED_UNIT_ELEMENT(#14680,-3.);
#8570=(
MASS_UNIT()
NAMED_UNIT(*)
SI_UNIT(.KILO.,.GRAM.)
);
#8571=DERIVED_UNIT((#8566,#8567));
#8572=DERIVED_UNIT((#8568,#8569));
#8573=MEASURE_REPRESENTATION_ITEM('density measure',
POSITIVE_RATIO_MEASURE(7850.),#8571);
#8574=MEASURE_REPRESENTATION_ITEM('density measure',
POSITIVE_RATIO_MEASURE(7850.),#8572);
#8575=PROPERTY_DEFINITION_REPRESENTATION(#8585,#8579);
#8576=PROPERTY_DEFINITION_REPRESENTATION(#8586,#8580);
#8577=PROPERTY_DEFINITION_REPRESENTATION(#8587,#8581);
#8578=PROPERTY_DEFINITION_REPRESENTATION(#8588,#8582);
#8579=REPRESENTATION('material name',(#8583),#14676);
#8580=REPRESENTATION('density',(#8573),#14676);
#8581=REPRESENTATION('material name',(#8584),#14677);
#8582=REPRESENTATION('density',(#8574),#14677);
#8583=DESCRIPTIVE_REPRESENTATION_ITEM('Steel','Steel');
#8584=DESCRIPTIVE_REPRESENTATION_ITEM('Steel','Steel');
#8585=PROPERTY_DEFINITION('material property','material name',#14748);
#8586=PROPERTY_DEFINITION('material property','density of part',#14748);
#8587=PROPERTY_DEFINITION('material property','material name',#14749);
#8588=PROPERTY_DEFINITION('material property','density of part',#14749);
#8589=AXIS2_PLACEMENT_3D('',#12208,#9569,#9570);
#8590=AXIS2_PLACEMENT_3D('',#12209,#9571,#9572);
#8591=AXIS2_PLACEMENT_3D('',#12210,#9573,#9574);
#8592=AXIS2_PLACEMENT_3D('',#12211,#9575,#9576);
#8593=AXIS2_PLACEMENT_3D('',#12212,#9577,#9578);
#8594=AXIS2_PLACEMENT_3D('',#12213,#9579,#9580);
#8595=AXIS2_PLACEMENT_3D('',#12214,#9581,#9582);
#8596=AXIS2_PLACEMENT_3D('',#12215,#9583,#9584);
#8597=AXIS2_PLACEMENT_3D('',#12216,#9585,#9586);
#8598=AXIS2_PLACEMENT_3D('',#12217,#9587,#9588);
#8599=AXIS2_PLACEMENT_3D('',#12218,#9589,#9590);
#8600=AXIS2_PLACEMENT_3D('',#12219,#9591,#9592);
#8601=AXIS2_PLACEMENT_3D('',#12222,#9593,#9594);
#8602=AXIS2_PLACEMENT_3D('',#12223,#9595,#9596);
#8603=AXIS2_PLACEMENT_3D('',#12226,#9598,#9599);
#8604=AXIS2_PLACEMENT_3D('',#12227,#9600,#9601);
#8605=AXIS2_PLACEMENT_3D('',#12230,#9602,#9603);
#8606=AXIS2_PLACEMENT_3D('',#12231,#9604,#9605);
#8607=AXIS2_PLACEMENT_3D('',#12232,#9606,#9607);
#8608=AXIS2_PLACEMENT_3D('',#12233,#9608,#9609);
#8609=AXIS2_PLACEMENT_3D('',#12236,#9610,#9611);
#8610=AXIS2_PLACEMENT_3D('',#12237,#9612,#9613);
#8611=AXIS2_PLACEMENT_3D('',#12239,#9615,#9616);
#8612=AXIS2_PLACEMENT_3D('',#12242,#9617,#9618);
#8613=AXIS2_PLACEMENT_3D('',#12243,#9619,#9620);
#8614=AXIS2_PLACEMENT_3D('',#12244,#9621,#9622);
#8615=AXIS2_PLACEMENT_3D('',#12245,#9623,#9624);
#8616=AXIS2_PLACEMENT_3D('',#12247,#9625,#9626);
#8617=AXIS2_PLACEMENT_3D('',#12249,#9628,#9629);
#8618=AXIS2_PLACEMENT_3D('',#12250,#9630,#9631);
#8619=AXIS2_PLACEMENT_3D('',#12251,#9632,#9633);
#8620=AXIS2_PLACEMENT_3D('',#12253,#9634,#9635);
#8621=AXIS2_PLACEMENT_3D('',#12256,#9637,#9638);
#8622=AXIS2_PLACEMENT_3D('',#12257,#9639,#9640);
#8623=AXIS2_PLACEMENT_3D('',#12259,#9641,#9642);
#8624=AXIS2_PLACEMENT_3D('',#12260,#9643,#9644);
#8625=AXIS2_PLACEMENT_3D('',#12262,#9645,#9646);
#8626=AXIS2_PLACEMENT_3D('',#12263,#9647,#9648);
#8627=AXIS2_PLACEMENT_3D('',#12266,#9650,#9651);
#8628=AXIS2_PLACEMENT_3D('',#12267,#9652,#9653);
#8629=AXIS2_PLACEMENT_3D('',#12269,#9654,#9655);
#8630=AXIS2_PLACEMENT_3D('',#12271,#9657,#9658);
#8631=AXIS2_PLACEMENT_3D('',#12273,#9659,#9660);
#8632=AXIS2_PLACEMENT_3D('',#12274,#9661,#9662);
#8633=AXIS2_PLACEMENT_3D('',#12275,#9663,#9664);
#8634=AXIS2_PLACEMENT_3D('',#12277,#9665,#9666);
#8635=AXIS2_PLACEMENT_3D('',#12278,#9667,#9668);
#8636=AXIS2_PLACEMENT_3D('',#12279,#9669,#9670);
#8637=AXIS2_PLACEMENT_3D('',#12280,#9671,#9672);
#8638=AXIS2_PLACEMENT_3D('',#12281,#9673,#9674);
#8639=AXIS2_PLACEMENT_3D('',#12282,#9675,#9676);
#8640=AXIS2_PLACEMENT_3D('',#12283,#9677,#9678);
#8641=AXIS2_PLACEMENT_3D('',#12284,#9679,#9680);
#8642=AXIS2_PLACEMENT_3D('',#12285,#9681,#9682);
#8643=AXIS2_PLACEMENT_3D('',#12286,#9683,#9684);
#8644=AXIS2_PLACEMENT_3D('',#12287,#9685,#9686);
#8645=AXIS2_PLACEMENT_3D('',#12288,#9687,#9688);
#8646=AXIS2_PLACEMENT_3D('',#12289,#9689,#9690);
#8647=AXIS2_PLACEMENT_3D('',#12290,#9691,#9692);
#8648=AXIS2_PLACEMENT_3D('',#12299,#9697,#9698);
#8649=AXIS2_PLACEMENT_3D('',#12305,#9702,#9703);
#8650=AXIS2_PLACEMENT_3D('',#12311,#9707,#9708);
#8651=AXIS2_PLACEMENT_3D('',#12315,#9710,#9711);
#8652=AXIS2_PLACEMENT_3D('',#12317,#9712,#9713);
#8653=AXIS2_PLACEMENT_3D('',#12321,#9715,#9716);
#8654=AXIS2_PLACEMENT_3D('',#12323,#9717,#9718);
#8655=AXIS2_PLACEMENT_3D('',#12325,#9719,#9720);
#8656=AXIS2_PLACEMENT_3D('',#12329,#9722,#9723);
#8657=AXIS2_PLACEMENT_3D('',#12331,#9724,#9725);
#8658=AXIS2_PLACEMENT_3D('',#12333,#9726,#9727);
#8659=AXIS2_PLACEMENT_3D('',#12337,#9729,#9730);
#8660=AXIS2_PLACEMENT_3D('',#12339,#9731,#9732);
#8661=AXIS2_PLACEMENT_3D('',#12341,#9733,#9734);
#8662=AXIS2_PLACEMENT_3D('',#12344,#9736,#9737);
#8663=AXIS2_PLACEMENT_3D('',#12346,#9738,#9739);
#8664=AXIS2_PLACEMENT_3D('',#12348,#9740,#9741);
#8665=AXIS2_PLACEMENT_3D('',#12350,#9742,#9743);
#8666=AXIS2_PLACEMENT_3D('',#12352,#9744,#9745);
#8667=AXIS2_PLACEMENT_3D('',#12354,#9746,#9747);
#8668=AXIS2_PLACEMENT_3D('',#12356,#9748,#9749);
#8669=AXIS2_PLACEMENT_3D('',#12358,#9750,#9751);
#8670=AXIS2_PLACEMENT_3D('',#12361,#9752,#9753);
#8671=AXIS2_PLACEMENT_3D('',#12363,#9754,#9755);
#8672=AXIS2_PLACEMENT_3D('',#12367,#9757,#9758);
#8673=AXIS2_PLACEMENT_3D('',#12369,#9759,#9760);
#8674=AXIS2_PLACEMENT_3D('',#12371,#9761,#9762);
#8675=AXIS2_PLACEMENT_3D('',#12375,#9764,#9765);
#8676=AXIS2_PLACEMENT_3D('',#12377,#9766,#9767);
#8677=AXIS2_PLACEMENT_3D('',#12379,#9768,#9769);
#8678=AXIS2_PLACEMENT_3D('',#12383,#9771,#9772);
#8679=AXIS2_PLACEMENT_3D('',#12385,#9773,#9774);
#8680=AXIS2_PLACEMENT_3D('',#12387,#9775,#9776);
#8681=AXIS2_PLACEMENT_3D('',#12390,#9778,#9779);
#8682=AXIS2_PLACEMENT_3D('',#12392,#9780,#9781);
#8683=AXIS2_PLACEMENT_3D('',#12394,#9782,#9783);
#8684=AXIS2_PLACEMENT_3D('',#12396,#9784,#9785);
#8685=AXIS2_PLACEMENT_3D('',#12398,#9786,#9787);
#8686=AXIS2_PLACEMENT_3D('',#12400,#9788,#9789);
#8687=AXIS2_PLACEMENT_3D('',#12402,#9790,#9791);
#8688=AXIS2_PLACEMENT_3D('',#12404,#9792,#9793);
#8689=AXIS2_PLACEMENT_3D('',#12407,#9794,#9795);
#8690=AXIS2_PLACEMENT_3D('',#12409,#9796,#9797);
#8691=AXIS2_PLACEMENT_3D('',#12413,#9799,#9800);
#8692=AXIS2_PLACEMENT_3D('',#12415,#9801,#9802);
#8693=AXIS2_PLACEMENT_3D('',#12417,#9803,#9804);
#8694=AXIS2_PLACEMENT_3D('',#12421,#9806,#9807);
#8695=AXIS2_PLACEMENT_3D('',#12423,#9808,#9809);
#8696=AXIS2_PLACEMENT_3D('',#12425,#9810,#9811);
#8697=AXIS2_PLACEMENT_3D('',#12429,#9813,#9814);
#8698=AXIS2_PLACEMENT_3D('',#12431,#9815,#9816);
#8699=AXIS2_PLACEMENT_3D('',#12433,#9817,#9818);
#8700=AXIS2_PLACEMENT_3D('',#12436,#9820,#9821);
#8701=AXIS2_PLACEMENT_3D('',#12438,#9822,#9823);
#8702=AXIS2_PLACEMENT_3D('',#12440,#9824,#9825);
#8703=AXIS2_PLACEMENT_3D('',#12442,#9826,#9827);
#8704=AXIS2_PLACEMENT_3D('',#12444,#9828,#9829);
#8705=AXIS2_PLACEMENT_3D('',#12447,#9830,#9831);
#8706=AXIS2_PLACEMENT_3D('',#12449,#9832,#9833);
#8707=AXIS2_PLACEMENT_3D('',#12453,#9835,#9836);
#8708=AXIS2_PLACEMENT_3D('',#12455,#9837,#9838);
#8709=AXIS2_PLACEMENT_3D('',#12457,#9839,#9840);
#8710=AXIS2_PLACEMENT_3D('',#12461,#9842,#9843);
#8711=AXIS2_PLACEMENT_3D('',#12463,#9844,#9845);
#8712=AXIS2_PLACEMENT_3D('',#12465,#9846,#9847);
#8713=AXIS2_PLACEMENT_3D('',#12469,#9849,#9850);
#8714=AXIS2_PLACEMENT_3D('',#12471,#9851,#9852);
#8715=AXIS2_PLACEMENT_3D('',#12473,#9853,#9854);
#8716=AXIS2_PLACEMENT_3D('',#12476,#9856,#9857);
#8717=AXIS2_PLACEMENT_3D('',#12478,#9858,#9859);
#8718=AXIS2_PLACEMENT_3D('',#12480,#9860,#9861);
#8719=AXIS2_PLACEMENT_3D('',#12482,#9862,#9863);
#8720=AXIS2_PLACEMENT_3D('',#12484,#9864,#9865);
#8721=AXIS2_PLACEMENT_3D('',#12487,#9866,#9867);
#8722=AXIS2_PLACEMENT_3D('',#12489,#9868,#9869);
#8723=AXIS2_PLACEMENT_3D('',#12493,#9871,#9872);
#8724=AXIS2_PLACEMENT_3D('',#12495,#9873,#9874);
#8725=AXIS2_PLACEMENT_3D('',#12497,#9875,#9876);
#8726=AXIS2_PLACEMENT_3D('',#12501,#9878,#9879);
#8727=AXIS2_PLACEMENT_3D('',#12503,#9880,#9881);
#8728=AXIS2_PLACEMENT_3D('',#12505,#9882,#9883);
#8729=AXIS2_PLACEMENT_3D('',#12509,#9885,#9886);
#8730=AXIS2_PLACEMENT_3D('',#12511,#9887,#9888);
#8731=AXIS2_PLACEMENT_3D('',#12513,#9889,#9890);
#8732=AXIS2_PLACEMENT_3D('',#12516,#9892,#9893);
#8733=AXIS2_PLACEMENT_3D('',#12518,#9894,#9895);
#8734=AXIS2_PLACEMENT_3D('',#12520,#9896,#9897);
#8735=AXIS2_PLACEMENT_3D('',#12522,#9898,#9899);
#8736=AXIS2_PLACEMENT_3D('',#12524,#9900,#9901);
#8737=AXIS2_PLACEMENT_3D('',#12526,#9902,#9903);
#8738=AXIS2_PLACEMENT_3D('',#12528,#9904,#9905);
#8739=AXIS2_PLACEMENT_3D('',#12530,#9906,#9907);
#8740=AXIS2_PLACEMENT_3D('',#12533,#9908,#9909);
#8741=AXIS2_PLACEMENT_3D('',#12535,#9910,#9911);
#8742=AXIS2_PLACEMENT_3D('',#12539,#9913,#9914);
#8743=AXIS2_PLACEMENT_3D('',#12541,#9915,#9916);
#8744=AXIS2_PLACEMENT_3D('',#12543,#9917,#9918);
#8745=AXIS2_PLACEMENT_3D('',#12547,#9920,#9921);
#8746=AXIS2_PLACEMENT_3D('',#12549,#9922,#9923);
#8747=AXIS2_PLACEMENT_3D('',#12551,#9924,#9925);
#8748=AXIS2_PLACEMENT_3D('',#12555,#9927,#9928);
#8749=AXIS2_PLACEMENT_3D('',#12557,#9929,#9930);
#8750=AXIS2_PLACEMENT_3D('',#12559,#9931,#9932);
#8751=AXIS2_PLACEMENT_3D('',#12562,#9934,#9935);
#8752=AXIS2_PLACEMENT_3D('',#12564,#9936,#9937);
#8753=AXIS2_PLACEMENT_3D('',#12566,#9938,#9939);
#8754=AXIS2_PLACEMENT_3D('',#12568,#9940,#9941);
#8755=AXIS2_PLACEMENT_3D('',#12570,#9942,#9943);
#8756=AXIS2_PLACEMENT_3D('',#12572,#9944,#9945);
#8757=AXIS2_PLACEMENT_3D('',#12574,#9946,#9947);
#8758=AXIS2_PLACEMENT_3D('',#12576,#9948,#9949);
#8759=AXIS2_PLACEMENT_3D('',#12579,#9950,#9951);
#8760=AXIS2_PLACEMENT_3D('',#12581,#9952,#9953);
#8761=AXIS2_PLACEMENT_3D('',#12585,#9955,#9956);
#8762=AXIS2_PLACEMENT_3D('',#12587,#9957,#9958);
#8763=AXIS2_PLACEMENT_3D('',#12589,#9959,#9960);
#8764=AXIS2_PLACEMENT_3D('',#12593,#9962,#9963);
#8765=AXIS2_PLACEMENT_3D('',#12595,#9964,#9965);
#8766=AXIS2_PLACEMENT_3D('',#12597,#9966,#9967);
#8767=AXIS2_PLACEMENT_3D('',#12601,#9969,#9970);
#8768=AXIS2_PLACEMENT_3D('',#12603,#9971,#9972);
#8769=AXIS2_PLACEMENT_3D('',#12605,#9973,#9974);
#8770=AXIS2_PLACEMENT_3D('',#12608,#9976,#9977);
#8771=AXIS2_PLACEMENT_3D('',#12610,#9978,#9979);
#8772=AXIS2_PLACEMENT_3D('',#12612,#9980,#9981);
#8773=AXIS2_PLACEMENT_3D('',#12614,#9982,#9983);
#8774=AXIS2_PLACEMENT_3D('',#12616,#9984,#9985);
#8775=AXIS2_PLACEMENT_3D('',#12619,#9986,#9987);
#8776=AXIS2_PLACEMENT_3D('',#12621,#9988,#9989);
#8777=AXIS2_PLACEMENT_3D('',#12625,#9991,#9992);
#8778=AXIS2_PLACEMENT_3D('',#12627,#9993,#9994);
#8779=AXIS2_PLACEMENT_3D('',#12629,#9995,#9996);
#8780=AXIS2_PLACEMENT_3D('',#12633,#9998,#9999);
#8781=AXIS2_PLACEMENT_3D('',#12635,#10000,#10001);
#8782=AXIS2_PLACEMENT_3D('',#12637,#10002,#10003);
#8783=AXIS2_PLACEMENT_3D('',#12641,#10005,#10006);
#8784=AXIS2_PLACEMENT_3D('',#12643,#10007,#10008);
#8785=AXIS2_PLACEMENT_3D('',#12645,#10009,#10010);
#8786=AXIS2_PLACEMENT_3D('',#12648,#10012,#10013);
#8787=AXIS2_PLACEMENT_3D('',#12650,#10014,#10015);
#8788=AXIS2_PLACEMENT_3D('',#12652,#10016,#10017);
#8789=AXIS2_PLACEMENT_3D('',#12654,#10018,#10019);
#8790=AXIS2_PLACEMENT_3D('',#12656,#10020,#10021);
#8791=AXIS2_PLACEMENT_3D('',#12658,#10022,#10023);
#8792=AXIS2_PLACEMENT_3D('',#12660,#10024,#10025);
#8793=AXIS2_PLACEMENT_3D('',#12662,#10026,#10027);
#8794=AXIS2_PLACEMENT_3D('',#12664,#10028,#10029);
#8795=AXIS2_PLACEMENT_3D('',#12666,#10030,#10031);
#8796=AXIS2_PLACEMENT_3D('',#12668,#10032,#10033);
#8797=AXIS2_PLACEMENT_3D('',#12670,#10034,#10035);
#8798=AXIS2_PLACEMENT_3D('',#12672,#10036,#10037);
#8799=AXIS2_PLACEMENT_3D('',#12674,#10038,#10039);
#8800=AXIS2_PLACEMENT_3D('',#12676,#10040,#10041);
#8801=AXIS2_PLACEMENT_3D('',#12678,#10042,#10043);
#8802=AXIS2_PLACEMENT_3D('',#12680,#10044,#10045);
#8803=AXIS2_PLACEMENT_3D('',#12682,#10046,#10047);
#8804=AXIS2_PLACEMENT_3D('',#12684,#10048,#10049);
#8805=AXIS2_PLACEMENT_3D('',#12686,#10050,#10051);
#8806=AXIS2_PLACEMENT_3D('',#12688,#10052,#10053);
#8807=AXIS2_PLACEMENT_3D('',#12690,#10054,#10055);
#8808=AXIS2_PLACEMENT_3D('',#12692,#10056,#10057);
#8809=AXIS2_PLACEMENT_3D('',#12694,#10058,#10059);
#8810=AXIS2_PLACEMENT_3D('',#12696,#10060,#10061);
#8811=AXIS2_PLACEMENT_3D('',#12698,#10062,#10063);
#8812=AXIS2_PLACEMENT_3D('',#12700,#10064,#10065);
#8813=AXIS2_PLACEMENT_3D('',#12702,#10066,#10067);
#8814=AXIS2_PLACEMENT_3D('',#12704,#10068,#10069);
#8815=AXIS2_PLACEMENT_3D('',#12707,#10070,#10071);
#8816=AXIS2_PLACEMENT_3D('',#12711,#10073,#10074);
#8817=AXIS2_PLACEMENT_3D('',#12714,#10076,#10077);
#8818=AXIS2_PLACEMENT_3D('',#12716,#10078,#10079);
#8819=AXIS2_PLACEMENT_3D('',#12718,#10080,#10081);
#8820=AXIS2_PLACEMENT_3D('',#12720,#10082,#10083);
#8821=AXIS2_PLACEMENT_3D('',#12722,#10084,#10085);
#8822=AXIS2_PLACEMENT_3D('',#12724,#10086,#10087);
#8823=AXIS2_PLACEMENT_3D('',#12726,#10088,#10089);
#8824=AXIS2_PLACEMENT_3D('',#12728,#10090,#10091);
#8825=AXIS2_PLACEMENT_3D('',#12730,#10092,#10093);
#8826=AXIS2_PLACEMENT_3D('',#12732,#10094,#10095);
#8827=AXIS2_PLACEMENT_3D('',#12734,#10096,#10097);
#8828=AXIS2_PLACEMENT_3D('',#12737,#10098,#10099);
#8829=AXIS2_PLACEMENT_3D('',#12741,#10101,#10102);
#8830=AXIS2_PLACEMENT_3D('',#12743,#10104,#10105);
#8831=AXIS2_PLACEMENT_3D('',#12747,#10107,#10108);
#8832=AXIS2_PLACEMENT_3D('',#12749,#10109,#10110);
#8833=AXIS2_PLACEMENT_3D('',#12753,#10112,#10113);
#8834=AXIS2_PLACEMENT_3D('',#12755,#10114,#10115);
#8835=AXIS2_PLACEMENT_3D('',#12757,#10116,#10117);
#8836=AXIS2_PLACEMENT_3D('',#12761,#10119,#10120);
#8837=AXIS2_PLACEMENT_3D('',#12763,#10121,#10122);
#8838=AXIS2_PLACEMENT_3D('',#12765,#10123,#10124);
#8839=AXIS2_PLACEMENT_3D('',#12769,#10126,#10127);
#8840=AXIS2_PLACEMENT_3D('',#12771,#10128,#10129);
#8841=AXIS2_PLACEMENT_3D('',#12773,#10130,#10131);
#8842=AXIS2_PLACEMENT_3D('',#12776,#10133,#10134);
#8843=AXIS2_PLACEMENT_3D('',#12778,#10135,#10136);
#8844=AXIS2_PLACEMENT_3D('',#12780,#10137,#10138);
#8845=AXIS2_PLACEMENT_3D('',#12782,#10139,#10140);
#8846=AXIS2_PLACEMENT_3D('',#12784,#10141,#10142);
#8847=AXIS2_PLACEMENT_3D('',#12786,#10143,#10144);
#8848=AXIS2_PLACEMENT_3D('',#12788,#10145,#10146);
#8849=AXIS2_PLACEMENT_3D('',#12790,#10147,#10148);
#8850=AXIS2_PLACEMENT_3D('',#12793,#10149,#10150);
#8851=AXIS2_PLACEMENT_3D('',#12795,#10151,#10152);
#8852=AXIS2_PLACEMENT_3D('',#12799,#10154,#10155);
#8853=AXIS2_PLACEMENT_3D('',#12801,#10156,#10157);
#8854=AXIS2_PLACEMENT_3D('',#12803,#10158,#10159);
#8855=AXIS2_PLACEMENT_3D('',#12807,#10161,#10162);
#8856=AXIS2_PLACEMENT_3D('',#12809,#10163,#10164);
#8857=AXIS2_PLACEMENT_3D('',#12811,#10165,#10166);
#8858=AXIS2_PLACEMENT_3D('',#12815,#10168,#10169);
#8859=AXIS2_PLACEMENT_3D('',#12817,#10170,#10171);
#8860=AXIS2_PLACEMENT_3D('',#12819,#10172,#10173);
#8861=AXIS2_PLACEMENT_3D('',#12822,#10175,#10176);
#8862=AXIS2_PLACEMENT_3D('',#12824,#10177,#10178);
#8863=AXIS2_PLACEMENT_3D('',#12826,#10179,#10180);
#8864=AXIS2_PLACEMENT_3D('',#12828,#10181,#10182);
#8865=AXIS2_PLACEMENT_3D('',#12830,#10183,#10184);
#8866=AXIS2_PLACEMENT_3D('',#12832,#10185,#10186);
#8867=AXIS2_PLACEMENT_3D('',#12834,#10187,#10188);
#8868=AXIS2_PLACEMENT_3D('',#12836,#10189,#10190);
#8869=AXIS2_PLACEMENT_3D('',#12839,#10191,#10192);
#8870=AXIS2_PLACEMENT_3D('',#12841,#10193,#10194);
#8871=AXIS2_PLACEMENT_3D('',#12845,#10196,#10197);
#8872=AXIS2_PLACEMENT_3D('',#12847,#10198,#10199);
#8873=AXIS2_PLACEMENT_3D('',#12849,#10200,#10201);
#8874=AXIS2_PLACEMENT_3D('',#12853,#10203,#10204);
#8875=AXIS2_PLACEMENT_3D('',#12855,#10205,#10206);
#8876=AXIS2_PLACEMENT_3D('',#12857,#10207,#10208);
#8877=AXIS2_PLACEMENT_3D('',#12861,#10210,#10211);
#8878=AXIS2_PLACEMENT_3D('',#12863,#10212,#10213);
#8879=AXIS2_PLACEMENT_3D('',#12865,#10214,#10215);
#8880=AXIS2_PLACEMENT_3D('',#12868,#10217,#10218);
#8881=AXIS2_PLACEMENT_3D('',#12870,#10219,#10220);
#8882=AXIS2_PLACEMENT_3D('',#12872,#10221,#10222);
#8883=AXIS2_PLACEMENT_3D('',#12874,#10223,#10224);
#8884=AXIS2_PLACEMENT_3D('',#12876,#10225,#10226);
#8885=AXIS2_PLACEMENT_3D('',#12879,#10227,#10228);
#8886=AXIS2_PLACEMENT_3D('',#12881,#10229,#10230);
#8887=AXIS2_PLACEMENT_3D('',#12885,#10232,#10233);
#8888=AXIS2_PLACEMENT_3D('',#12887,#10234,#10235);
#8889=AXIS2_PLACEMENT_3D('',#12889,#10236,#10237);
#8890=AXIS2_PLACEMENT_3D('',#12893,#10239,#10240);
#8891=AXIS2_PLACEMENT_3D('',#12895,#10241,#10242);
#8892=AXIS2_PLACEMENT_3D('',#12897,#10243,#10244);
#8893=AXIS2_PLACEMENT_3D('',#12901,#10246,#10247);
#8894=AXIS2_PLACEMENT_3D('',#12903,#10248,#10249);
#8895=AXIS2_PLACEMENT_3D('',#12905,#10250,#10251);
#8896=AXIS2_PLACEMENT_3D('',#12908,#10253,#10254);
#8897=AXIS2_PLACEMENT_3D('',#12910,#10255,#10256);
#8898=AXIS2_PLACEMENT_3D('',#12912,#10257,#10258);
#8899=AXIS2_PLACEMENT_3D('',#12914,#10259,#10260);
#8900=AXIS2_PLACEMENT_3D('',#12916,#10261,#10262);
#8901=AXIS2_PLACEMENT_3D('',#12919,#10263,#10264);
#8902=AXIS2_PLACEMENT_3D('',#12921,#10265,#10266);
#8903=AXIS2_PLACEMENT_3D('',#12925,#10268,#10269);
#8904=AXIS2_PLACEMENT_3D('',#12927,#10270,#10271);
#8905=AXIS2_PLACEMENT_3D('',#12929,#10272,#10273);
#8906=AXIS2_PLACEMENT_3D('',#12933,#10275,#10276);
#8907=AXIS2_PLACEMENT_3D('',#12935,#10277,#10278);
#8908=AXIS2_PLACEMENT_3D('',#12937,#10279,#10280);
#8909=AXIS2_PLACEMENT_3D('',#12941,#10282,#10283);
#8910=AXIS2_PLACEMENT_3D('',#12943,#10284,#10285);
#8911=AXIS2_PLACEMENT_3D('',#12945,#10286,#10287);
#8912=AXIS2_PLACEMENT_3D('',#12948,#10289,#10290);
#8913=AXIS2_PLACEMENT_3D('',#12950,#10291,#10292);
#8914=AXIS2_PLACEMENT_3D('',#12952,#10293,#10294);
#8915=AXIS2_PLACEMENT_3D('',#12954,#10295,#10296);
#8916=AXIS2_PLACEMENT_3D('',#12956,#10297,#10298);
#8917=AXIS2_PLACEMENT_3D('',#12958,#10299,#10300);
#8918=AXIS2_PLACEMENT_3D('',#12960,#10301,#10302);
#8919=AXIS2_PLACEMENT_3D('',#12962,#10303,#10304);
#8920=AXIS2_PLACEMENT_3D('',#12965,#10305,#10306);
#8921=AXIS2_PLACEMENT_3D('',#12967,#10307,#10308);
#8922=AXIS2_PLACEMENT_3D('',#12971,#10310,#10311);
#8923=AXIS2_PLACEMENT_3D('',#12973,#10312,#10313);
#8924=AXIS2_PLACEMENT_3D('',#12975,#10314,#10315);
#8925=AXIS2_PLACEMENT_3D('',#12979,#10317,#10318);
#8926=AXIS2_PLACEMENT_3D('',#12981,#10319,#10320);
#8927=AXIS2_PLACEMENT_3D('',#12983,#10321,#10322);
#8928=AXIS2_PLACEMENT_3D('',#12987,#10324,#10325);
#8929=AXIS2_PLACEMENT_3D('',#12989,#10326,#10327);
#8930=AXIS2_PLACEMENT_3D('',#12991,#10328,#10329);
#8931=AXIS2_PLACEMENT_3D('',#12994,#10331,#10332);
#8932=AXIS2_PLACEMENT_3D('',#12996,#10333,#10334);
#8933=AXIS2_PLACEMENT_3D('',#12998,#10335,#10336);
#8934=AXIS2_PLACEMENT_3D('',#13000,#10337,#10338);
#8935=AXIS2_PLACEMENT_3D('',#13002,#10339,#10340);
#8936=AXIS2_PLACEMENT_3D('',#13004,#10341,#10342);
#8937=AXIS2_PLACEMENT_3D('',#13006,#10343,#10344);
#8938=AXIS2_PLACEMENT_3D('',#13008,#10345,#10346);
#8939=AXIS2_PLACEMENT_3D('',#13011,#10347,#10348);
#8940=AXIS2_PLACEMENT_3D('',#13013,#10349,#10350);
#8941=AXIS2_PLACEMENT_3D('',#13017,#10352,#10353);
#8942=AXIS2_PLACEMENT_3D('',#13019,#10354,#10355);
#8943=AXIS2_PLACEMENT_3D('',#13021,#10356,#10357);
#8944=AXIS2_PLACEMENT_3D('',#13025,#10359,#10360);
#8945=AXIS2_PLACEMENT_3D('',#13027,#10361,#10362);
#8946=AXIS2_PLACEMENT_3D('',#13029,#10363,#10364);
#8947=AXIS2_PLACEMENT_3D('',#13033,#10366,#10367);
#8948=AXIS2_PLACEMENT_3D('',#13035,#10368,#10369);
#8949=AXIS2_PLACEMENT_3D('',#13037,#10370,#10371);
#8950=AXIS2_PLACEMENT_3D('',#13040,#10373,#10374);
#8951=AXIS2_PLACEMENT_3D('',#13042,#10375,#10376);
#8952=AXIS2_PLACEMENT_3D('',#13044,#10377,#10378);
#8953=AXIS2_PLACEMENT_3D('',#13046,#10379,#10380);
#8954=AXIS2_PLACEMENT_3D('',#13048,#10381,#10382);
#8955=AXIS2_PLACEMENT_3D('',#13051,#10383,#10384);
#8956=AXIS2_PLACEMENT_3D('',#13053,#10385,#10386);
#8957=AXIS2_PLACEMENT_3D('',#13057,#10388,#10389);
#8958=AXIS2_PLACEMENT_3D('',#13059,#10390,#10391);
#8959=AXIS2_PLACEMENT_3D('',#13061,#10392,#10393);
#8960=AXIS2_PLACEMENT_3D('',#13065,#10395,#10396);
#8961=AXIS2_PLACEMENT_3D('',#13067,#10397,#10398);
#8962=AXIS2_PLACEMENT_3D('',#13069,#10399,#10400);
#8963=AXIS2_PLACEMENT_3D('',#13073,#10402,#10403);
#8964=AXIS2_PLACEMENT_3D('',#13075,#10404,#10405);
#8965=AXIS2_PLACEMENT_3D('',#13077,#10406,#10407);
#8966=AXIS2_PLACEMENT_3D('',#13080,#10409,#10410);
#8967=AXIS2_PLACEMENT_3D('',#13082,#10411,#10412);
#8968=AXIS2_PLACEMENT_3D('',#13084,#10413,#10414);
#8969=AXIS2_PLACEMENT_3D('',#13086,#10415,#10416);
#8970=AXIS2_PLACEMENT_3D('',#13088,#10417,#10418);
#8971=AXIS2_PLACEMENT_3D('',#13090,#10419,#10420);
#8972=AXIS2_PLACEMENT_3D('',#13092,#10421,#10422);
#8973=AXIS2_PLACEMENT_3D('',#13094,#10423,#10424);
#8974=AXIS2_PLACEMENT_3D('',#13096,#10425,#10426);
#8975=AXIS2_PLACEMENT_3D('',#13098,#10427,#10428);
#8976=AXIS2_PLACEMENT_3D('',#13100,#10429,#10430);
#8977=AXIS2_PLACEMENT_3D('',#13102,#10431,#10432);
#8978=AXIS2_PLACEMENT_3D('',#13104,#10433,#10434);
#8979=AXIS2_PLACEMENT_3D('',#13106,#10435,#10436);
#8980=AXIS2_PLACEMENT_3D('',#13108,#10437,#10438);
#8981=AXIS2_PLACEMENT_3D('',#13110,#10439,#10440);
#8982=AXIS2_PLACEMENT_3D('',#13112,#10441,#10442);
#8983=AXIS2_PLACEMENT_3D('',#13114,#10443,#10444);
#8984=AXIS2_PLACEMENT_3D('',#13116,#10445,#10446);
#8985=AXIS2_PLACEMENT_3D('',#13118,#10447,#10448);
#8986=AXIS2_PLACEMENT_3D('',#13120,#10449,#10450);
#8987=AXIS2_PLACEMENT_3D('',#13122,#10451,#10452);
#8988=AXIS2_PLACEMENT_3D('',#13124,#10453,#10454);
#8989=AXIS2_PLACEMENT_3D('',#13126,#10455,#10456);
#8990=AXIS2_PLACEMENT_3D('',#13128,#10457,#10458);
#8991=AXIS2_PLACEMENT_3D('',#13130,#10459,#10460);
#8992=AXIS2_PLACEMENT_3D('',#13132,#10461,#10462);
#8993=AXIS2_PLACEMENT_3D('',#13134,#10463,#10464);
#8994=AXIS2_PLACEMENT_3D('',#13136,#10465,#10466);
#8995=AXIS2_PLACEMENT_3D('',#13139,#10467,#10468);
#8996=AXIS2_PLACEMENT_3D('',#13143,#10470,#10471);
#8997=AXIS2_PLACEMENT_3D('',#13146,#10473,#10474);
#8998=AXIS2_PLACEMENT_3D('',#13148,#10475,#10476);
#8999=AXIS2_PLACEMENT_3D('',#13150,#10477,#10478);
#9000=AXIS2_PLACEMENT_3D('',#13152,#10479,#10480);
#9001=AXIS2_PLACEMENT_3D('',#13154,#10481,#10482);
#9002=AXIS2_PLACEMENT_3D('',#13156,#10483,#10484);
#9003=AXIS2_PLACEMENT_3D('',#13158,#10485,#10486);
#9004=AXIS2_PLACEMENT_3D('',#13160,#10487,#10488);
#9005=AXIS2_PLACEMENT_3D('',#13162,#10489,#10490);
#9006=AXIS2_PLACEMENT_3D('',#13164,#10491,#10492);
#9007=AXIS2_PLACEMENT_3D('',#13166,#10493,#10494);
#9008=AXIS2_PLACEMENT_3D('',#13169,#10495,#10496);
#9009=AXIS2_PLACEMENT_3D('',#13173,#10498,#10499);
#9010=AXIS2_PLACEMENT_3D('',#13175,#10501,#10502);
#9011=AXIS2_PLACEMENT_3D('',#13176,#10503,#10504);
#9012=AXIS2_PLACEMENT_3D('',#13179,#10507,#10508);
#9013=AXIS2_PLACEMENT_3D('',#13181,#10510,#10511);
#9014=AXIS2_PLACEMENT_3D('',#13183,#10513,#10514);
#9015=AXIS2_PLACEMENT_3D('',#13185,#10516,#10517);
#9016=AXIS2_PLACEMENT_3D('',#13187,#10519,#10520);
#9017=AXIS2_PLACEMENT_3D('',#13189,#10522,#10523);
#9018=AXIS2_PLACEMENT_3D('',#13191,#10525,#10526);
#9019=AXIS2_PLACEMENT_3D('',#13193,#10528,#10529);
#9020=AXIS2_PLACEMENT_3D('',#13195,#10531,#10532);
#9021=AXIS2_PLACEMENT_3D('',#13197,#10534,#10535);
#9022=AXIS2_PLACEMENT_3D('',#13199,#10537,#10538);
#9023=AXIS2_PLACEMENT_3D('',#13201,#10540,#10541);
#9024=AXIS2_PLACEMENT_3D('',#13203,#10543,#10544);
#9025=AXIS2_PLACEMENT_3D('',#13205,#10546,#10547);
#9026=AXIS2_PLACEMENT_3D('',#13207,#10549,#10550);
#9027=AXIS2_PLACEMENT_3D('',#13208,#10551,#10552);
#9028=AXIS2_PLACEMENT_3D('',#13210,#10554,#10555);
#9029=AXIS2_PLACEMENT_3D('',#13212,#10557,#10558);
#9030=AXIS2_PLACEMENT_3D('',#13214,#10560,#10561);
#9031=AXIS2_PLACEMENT_3D('',#13216,#10563,#10564);
#9032=AXIS2_PLACEMENT_3D('',#13218,#10566,#10567);
#9033=AXIS2_PLACEMENT_3D('',#13220,#10569,#10570);
#9034=AXIS2_PLACEMENT_3D('',#13222,#10572,#10573);
#9035=AXIS2_PLACEMENT_3D('',#13225,#10576,#10577);
#9036=AXIS2_PLACEMENT_3D('',#13227,#10579,#10580);
#9037=AXIS2_PLACEMENT_3D('',#13229,#10582,#10583);
#9038=AXIS2_PLACEMENT_3D('',#13231,#10585,#10586);
#9039=AXIS2_PLACEMENT_3D('',#13233,#10588,#10589);
#9040=AXIS2_PLACEMENT_3D('',#13235,#10591,#10592);
#9041=AXIS2_PLACEMENT_3D('',#13237,#10594,#10595);
#9042=AXIS2_PLACEMENT_3D('',#13239,#10597,#10598);
#9043=AXIS2_PLACEMENT_3D('',#13241,#10600,#10601);
#9044=AXIS2_PLACEMENT_3D('',#13243,#10603,#10604);
#9045=AXIS2_PLACEMENT_3D('',#13245,#10606,#10607);
#9046=AXIS2_PLACEMENT_3D('',#13247,#10609,#10610);
#9047=AXIS2_PLACEMENT_3D('',#13249,#10612,#10613);
#9048=AXIS2_PLACEMENT_3D('',#13251,#10615,#10616);
#9049=AXIS2_PLACEMENT_3D('',#13253,#10618,#10619);
#9050=AXIS2_PLACEMENT_3D('',#13254,#10620,#10621);
#9051=AXIS2_PLACEMENT_3D('',#13256,#10623,#10624);
#9052=AXIS2_PLACEMENT_3D('',#13258,#10626,#10627);
#9053=AXIS2_PLACEMENT_3D('',#13260,#10629,#10630);
#9054=AXIS2_PLACEMENT_3D('',#13262,#10632,#10633);
#9055=AXIS2_PLACEMENT_3D('',#13264,#10635,#10636);
#9056=AXIS2_PLACEMENT_3D('',#13266,#10638,#10639);
#9057=AXIS2_PLACEMENT_3D('',#13268,#10641,#10642);
#9058=AXIS2_PLACEMENT_3D('',#13271,#10645,#10646);
#9059=AXIS2_PLACEMENT_3D('',#13273,#10648,#10649);
#9060=AXIS2_PLACEMENT_3D('',#13275,#10651,#10652);
#9061=AXIS2_PLACEMENT_3D('',#13277,#10654,#10655);
#9062=AXIS2_PLACEMENT_3D('',#13279,#10657,#10658);
#9063=AXIS2_PLACEMENT_3D('',#13281,#10660,#10661);
#9064=AXIS2_PLACEMENT_3D('',#13283,#10663,#10664);
#9065=AXIS2_PLACEMENT_3D('',#13285,#10666,#10667);
#9066=AXIS2_PLACEMENT_3D('',#13287,#10669,#10670);
#9067=AXIS2_PLACEMENT_3D('',#13289,#10672,#10673);
#9068=AXIS2_PLACEMENT_3D('',#13291,#10675,#10676);
#9069=AXIS2_PLACEMENT_3D('',#13293,#10678,#10679);
#9070=AXIS2_PLACEMENT_3D('',#13295,#10681,#10682);
#9071=AXIS2_PLACEMENT_3D('',#13297,#10684,#10685);
#9072=AXIS2_PLACEMENT_3D('',#13299,#10687,#10688);
#9073=AXIS2_PLACEMENT_3D('',#13300,#10689,#10690);
#9074=AXIS2_PLACEMENT_3D('',#13302,#10692,#10693);
#9075=AXIS2_PLACEMENT_3D('',#13304,#10695,#10696);
#9076=AXIS2_PLACEMENT_3D('',#13306,#10698,#10699);
#9077=AXIS2_PLACEMENT_3D('',#13308,#10701,#10702);
#9078=AXIS2_PLACEMENT_3D('',#13311,#10705,#10706);
#9079=AXIS2_PLACEMENT_3D('',#13313,#10708,#10709);
#9080=AXIS2_PLACEMENT_3D('',#13315,#10711,#10712);
#9081=AXIS2_PLACEMENT_3D('',#13317,#10714,#10715);
#9082=AXIS2_PLACEMENT_3D('',#13319,#10717,#10718);
#9083=AXIS2_PLACEMENT_3D('',#13321,#10720,#10721);
#9084=AXIS2_PLACEMENT_3D('',#13323,#10723,#10724);
#9085=AXIS2_PLACEMENT_3D('',#13325,#10726,#10727);
#9086=AXIS2_PLACEMENT_3D('',#13327,#10729,#10730);
#9087=AXIS2_PLACEMENT_3D('',#13329,#10732,#10733);
#9088=AXIS2_PLACEMENT_3D('',#13331,#10735,#10736);
#9089=AXIS2_PLACEMENT_3D('',#13333,#10738,#10739);
#9090=AXIS2_PLACEMENT_3D('',#13335,#10741,#10742);
#9091=AXIS2_PLACEMENT_3D('',#13337,#10744,#10745);
#9092=AXIS2_PLACEMENT_3D('',#13339,#10747,#10748);
#9093=AXIS2_PLACEMENT_3D('',#13340,#10749,#10750);
#9094=AXIS2_PLACEMENT_3D('',#13342,#10752,#10753);
#9095=AXIS2_PLACEMENT_3D('',#13344,#10755,#10756);
#9096=AXIS2_PLACEMENT_3D('',#13346,#10758,#10759);
#9097=AXIS2_PLACEMENT_3D('',#13348,#10761,#10762);
#9098=AXIS2_PLACEMENT_3D('',#13351,#10765,#10766);
#9099=AXIS2_PLACEMENT_3D('',#13353,#10768,#10769);
#9100=AXIS2_PLACEMENT_3D('',#13355,#10771,#10772);
#9101=AXIS2_PLACEMENT_3D('',#13357,#10774,#10775);
#9102=AXIS2_PLACEMENT_3D('',#13359,#10777,#10778);
#9103=AXIS2_PLACEMENT_3D('',#13361,#10780,#10781);
#9104=AXIS2_PLACEMENT_3D('',#13363,#10783,#10784);
#9105=AXIS2_PLACEMENT_3D('',#13365,#10786,#10787);
#9106=AXIS2_PLACEMENT_3D('',#13367,#10789,#10790);
#9107=AXIS2_PLACEMENT_3D('',#13369,#10792,#10793);
#9108=AXIS2_PLACEMENT_3D('',#13371,#10795,#10796);
#9109=AXIS2_PLACEMENT_3D('',#13373,#10798,#10799);
#9110=AXIS2_PLACEMENT_3D('',#13375,#10801,#10802);
#9111=AXIS2_PLACEMENT_3D('',#13377,#10804,#10805);
#9112=AXIS2_PLACEMENT_3D('',#13379,#10807,#10808);
#9113=AXIS2_PLACEMENT_3D('',#13380,#10809,#10810);
#9114=AXIS2_PLACEMENT_3D('',#13382,#10812,#10813);
#9115=AXIS2_PLACEMENT_3D('',#13384,#10815,#10816);
#9116=AXIS2_PLACEMENT_3D('',#13386,#10818,#10819);
#9117=AXIS2_PLACEMENT_3D('',#13388,#10821,#10822);
#9118=AXIS2_PLACEMENT_3D('',#13390,#10824,#10825);
#9119=AXIS2_PLACEMENT_3D('',#13392,#10827,#10828);
#9120=AXIS2_PLACEMENT_3D('',#13394,#10830,#10831);
#9121=AXIS2_PLACEMENT_3D('',#13397,#10834,#10835);
#9122=AXIS2_PLACEMENT_3D('',#13399,#10837,#10838);
#9123=AXIS2_PLACEMENT_3D('',#13401,#10840,#10841);
#9124=AXIS2_PLACEMENT_3D('',#13403,#10843,#10844);
#9125=AXIS2_PLACEMENT_3D('',#13405,#10846,#10847);
#9126=AXIS2_PLACEMENT_3D('',#13407,#10849,#10850);
#9127=AXIS2_PLACEMENT_3D('',#13409,#10852,#10853);
#9128=AXIS2_PLACEMENT_3D('',#13411,#10855,#10856);
#9129=AXIS2_PLACEMENT_3D('',#13413,#10858,#10859);
#9130=AXIS2_PLACEMENT_3D('',#13415,#10861,#10862);
#9131=AXIS2_PLACEMENT_3D('',#13417,#10864,#10865);
#9132=AXIS2_PLACEMENT_3D('',#13419,#10867,#10868);
#9133=AXIS2_PLACEMENT_3D('',#13421,#10870,#10871);
#9134=AXIS2_PLACEMENT_3D('',#13423,#10873,#10874);
#9135=AXIS2_PLACEMENT_3D('',#13425,#10876,#10877);
#9136=AXIS2_PLACEMENT_3D('',#13426,#10878,#10879);
#9137=AXIS2_PLACEMENT_3D('',#13428,#10881,#10882);
#9138=AXIS2_PLACEMENT_3D('',#13430,#10884,#10885);
#9139=AXIS2_PLACEMENT_3D('',#13432,#10887,#10888);
#9140=AXIS2_PLACEMENT_3D('',#13434,#10890,#10891);
#9141=AXIS2_PLACEMENT_3D('',#13436,#10893,#10894);
#9142=AXIS2_PLACEMENT_3D('',#13438,#10896,#10897);
#9143=AXIS2_PLACEMENT_3D('',#13440,#10899,#10900);
#9144=AXIS2_PLACEMENT_3D('',#13443,#10903,#10904);
#9145=AXIS2_PLACEMENT_3D('',#13445,#10906,#10907);
#9146=AXIS2_PLACEMENT_3D('',#13447,#10909,#10910);
#9147=AXIS2_PLACEMENT_3D('',#13449,#10912,#10913);
#9148=AXIS2_PLACEMENT_3D('',#13451,#10915,#10916);
#9149=AXIS2_PLACEMENT_3D('',#13453,#10918,#10919);
#9150=AXIS2_PLACEMENT_3D('',#13455,#10921,#10922);
#9151=AXIS2_PLACEMENT_3D('',#13457,#10924,#10925);
#9152=AXIS2_PLACEMENT_3D('',#13459,#10927,#10928);
#9153=AXIS2_PLACEMENT_3D('',#13461,#10930,#10931);
#9154=AXIS2_PLACEMENT_3D('',#13463,#10933,#10934);
#9155=AXIS2_PLACEMENT_3D('',#13465,#10936,#10937);
#9156=AXIS2_PLACEMENT_3D('',#13467,#10939,#10940);
#9157=AXIS2_PLACEMENT_3D('',#13469,#10942,#10943);
#9158=AXIS2_PLACEMENT_3D('',#13471,#10945,#10946);
#9159=AXIS2_PLACEMENT_3D('',#13472,#10947,#10948);
#9160=AXIS2_PLACEMENT_3D('',#13474,#10950,#10951);
#9161=AXIS2_PLACEMENT_3D('',#13476,#10953,#10954);
#9162=AXIS2_PLACEMENT_3D('',#13478,#10956,#10957);
#9163=AXIS2_PLACEMENT_3D('',#13480,#10959,#10960);
#9164=AXIS2_PLACEMENT_3D('',#13483,#10963,#10964);
#9165=AXIS2_PLACEMENT_3D('',#13485,#10966,#10967);
#9166=AXIS2_PLACEMENT_3D('',#13487,#10969,#10970);
#9167=AXIS2_PLACEMENT_3D('',#13489,#10972,#10973);
#9168=AXIS2_PLACEMENT_3D('',#13491,#10975,#10976);
#9169=AXIS2_PLACEMENT_3D('',#13493,#10978,#10979);
#9170=AXIS2_PLACEMENT_3D('',#13495,#10981,#10982);
#9171=AXIS2_PLACEMENT_3D('',#13497,#10984,#10985);
#9172=AXIS2_PLACEMENT_3D('',#13499,#10987,#10988);
#9173=AXIS2_PLACEMENT_3D('',#13501,#10990,#10991);
#9174=AXIS2_PLACEMENT_3D('',#13503,#10993,#10994);
#9175=AXIS2_PLACEMENT_3D('',#13505,#10996,#10997);
#9176=AXIS2_PLACEMENT_3D('',#13507,#10999,#11000);
#9177=AXIS2_PLACEMENT_3D('',#13509,#11002,#11003);
#9178=AXIS2_PLACEMENT_3D('',#13511,#11005,#11006);
#9179=AXIS2_PLACEMENT_3D('',#13512,#11007,#11008);
#9180=AXIS2_PLACEMENT_3D('',#13514,#11010,#11011);
#9181=AXIS2_PLACEMENT_3D('',#13516,#11013,#11014);
#9182=AXIS2_PLACEMENT_3D('',#13518,#11016,#11017);
#9183=AXIS2_PLACEMENT_3D('',#13520,#11019,#11020);
#9184=AXIS2_PLACEMENT_3D('',#13522,#11022,#11023);
#9185=AXIS2_PLACEMENT_3D('',#13524,#11025,#11026);
#9186=AXIS2_PLACEMENT_3D('',#13526,#11028,#11029);
#9187=AXIS2_PLACEMENT_3D('',#13528,#11031,#11032);
#9188=AXIS2_PLACEMENT_3D('',#13530,#11034,#11035);
#9189=AXIS2_PLACEMENT_3D('',#13532,#11037,#11038);
#9190=AXIS2_PLACEMENT_3D('',#13534,#11040,#11041);
#9191=AXIS2_PLACEMENT_3D('',#13536,#11043,#11044);
#9192=AXIS2_PLACEMENT_3D('',#13538,#11046,#11047);
#9193=AXIS2_PLACEMENT_3D('',#13540,#11049,#11050);
#9194=AXIS2_PLACEMENT_3D('',#13542,#11052,#11053);
#9195=AXIS2_PLACEMENT_3D('',#13544,#11055,#11056);
#9196=AXIS2_PLACEMENT_3D('',#13546,#11058,#11059);
#9197=AXIS2_PLACEMENT_3D('',#13548,#11061,#11062);
#9198=AXIS2_PLACEMENT_3D('',#13550,#11064,#11065);
#9199=AXIS2_PLACEMENT_3D('',#13552,#11067,#11068);
#9200=AXIS2_PLACEMENT_3D('',#13554,#11070,#11071);
#9201=AXIS2_PLACEMENT_3D('',#13556,#11073,#11074);
#9202=AXIS2_PLACEMENT_3D('',#13558,#11076,#11077);
#9203=AXIS2_PLACEMENT_3D('',#13560,#11079,#11080);
#9204=AXIS2_PLACEMENT_3D('',#13562,#11082,#11083);
#9205=AXIS2_PLACEMENT_3D('',#13564,#11085,#11086);
#9206=AXIS2_PLACEMENT_3D('',#13566,#11088,#11089);
#9207=AXIS2_PLACEMENT_3D('',#13568,#11091,#11092);
#9208=AXIS2_PLACEMENT_3D('',#13571,#11095,#11096);
#9209=AXIS2_PLACEMENT_3D('',#13573,#11098,#11099);
#9210=AXIS2_PLACEMENT_3D('',#13575,#11101,#11102);
#9211=AXIS2_PLACEMENT_3D('',#13576,#11103,#11104);
#9212=AXIS2_PLACEMENT_3D('',#13578,#11106,#11107);
#9213=AXIS2_PLACEMENT_3D('',#13580,#11109,#11110);
#9214=AXIS2_PLACEMENT_3D('',#13582,#11112,#11113);
#9215=AXIS2_PLACEMENT_3D('',#13584,#11115,#11116);
#9216=AXIS2_PLACEMENT_3D('',#13586,#11118,#11119);
#9217=AXIS2_PLACEMENT_3D('',#13588,#11121,#11122);
#9218=AXIS2_PLACEMENT_3D('',#13590,#11124,#11125);
#9219=AXIS2_PLACEMENT_3D('',#13592,#11127,#11128);
#9220=AXIS2_PLACEMENT_3D('',#13594,#11130,#11131);
#9221=AXIS2_PLACEMENT_3D('',#13596,#11133,#11134);
#9222=AXIS2_PLACEMENT_3D('',#13598,#11136,#11137);
#9223=AXIS2_PLACEMENT_3D('',#13601,#11140,#11141);
#9224=AXIS2_PLACEMENT_3D('',#13603,#11143,#11144);
#9225=AXIS2_PLACEMENT_3D('',#13605,#11146,#11147);
#9226=AXIS2_PLACEMENT_3D('',#13606,#11148,#11149);
#9227=AXIS2_PLACEMENT_3D('',#13607,#11150,#11151);
#9228=AXIS2_PLACEMENT_3D('',#13608,#11152,#11153);
#9229=AXIS2_PLACEMENT_3D('',#13609,#11154,#11155);
#9230=AXIS2_PLACEMENT_3D('',#13610,#11156,#11157);
#9231=AXIS2_PLACEMENT_3D('',#13611,#11158,#11159);
#9232=AXIS2_PLACEMENT_3D('',#13612,#11160,#11161);
#9233=AXIS2_PLACEMENT_3D('',#13613,#11162,#11163);
#9234=AXIS2_PLACEMENT_3D('',#13614,#11164,#11165);
#9235=AXIS2_PLACEMENT_3D('',#13615,#11166,#11167);
#9236=AXIS2_PLACEMENT_3D('',#13618,#11168,#11169);
#9237=AXIS2_PLACEMENT_3D('',#13622,#11171,#11172);
#9238=AXIS2_PLACEMENT_3D('',#13624,#11174,#11175);
#9239=AXIS2_PLACEMENT_3D('',#13627,#11176,#11177);
#9240=AXIS2_PLACEMENT_3D('',#13630,#11179,#11180);
#9241=AXIS2_PLACEMENT_3D('',#13632,#11182,#11183);
#9242=AXIS2_PLACEMENT_3D('',#13635,#11184,#11185);
#9243=AXIS2_PLACEMENT_3D('',#13638,#11187,#11188);
#9244=AXIS2_PLACEMENT_3D('',#13640,#11190,#11191);
#9245=AXIS2_PLACEMENT_3D('',#13641,#11192,#11193);
#9246=AXIS2_PLACEMENT_3D('',#13642,#11194,#11195);
#9247=AXIS2_PLACEMENT_3D('',#13643,#11196,#11197);
#9248=AXIS2_PLACEMENT_3D('',#13644,#11198,#11199);
#9249=AXIS2_PLACEMENT_3D('',#13650,#11203,#11204);
#9250=AXIS2_PLACEMENT_3D('',#13653,#11206,#11207);
#9251=AXIS2_PLACEMENT_3D('',#13654,#11208,#11209);
#9252=AXIS2_PLACEMENT_3D('',#13659,#11212,#11213);
#9253=AXIS2_PLACEMENT_3D('',#13661,#11214,#11215);
#9254=AXIS2_PLACEMENT_3D('',#13663,#11216,#11217);
#9255=AXIS2_PLACEMENT_3D('',#13665,#11218,#11219);
#9256=AXIS2_PLACEMENT_3D('',#13666,#11220,#11221);
#9257=AXIS2_PLACEMENT_3D('',#13669,#11223,#11224);
#9258=AXIS2_PLACEMENT_3D('',#13670,#11225,#11226);
#9259=AXIS2_PLACEMENT_3D('',#13678,#11230,#11231);
#9260=AXIS2_PLACEMENT_3D('',#13682,#11233,#11234);
#9261=AXIS2_PLACEMENT_3D('',#13686,#11236,#11237);
#9262=AXIS2_PLACEMENT_3D('',#13689,#11239,#11240);
#9263=AXIS2_PLACEMENT_3D('',#13690,#11241,#11242);
#9264=AXIS2_PLACEMENT_3D('',#13692,#11243,#11244);
#9265=AXIS2_PLACEMENT_3D('',#13695,#11246,#11247);
#9266=AXIS2_PLACEMENT_3D('',#13696,#11248,#11249);
#9267=AXIS2_PLACEMENT_3D('',#13697,#11250,#11251);
#9268=AXIS2_PLACEMENT_3D('',#13698,#11252,#11253);
#9269=AXIS2_PLACEMENT_3D('',#13700,#11255,#11256);
#9270=AXIS2_PLACEMENT_3D('',#13703,#11258,#11259);
#9271=AXIS2_PLACEMENT_3D('',#13704,#11260,#11261);
#9272=AXIS2_PLACEMENT_3D('',#13708,#11264,#11265);
#9273=AXIS2_PLACEMENT_3D('',#13709,#11266,#11267);
#9274=AXIS2_PLACEMENT_3D('',#13710,#11268,#11269);
#9275=AXIS2_PLACEMENT_3D('',#13711,#11270,#11271);
#9276=AXIS2_PLACEMENT_3D('',#13712,#11272,#11273);
#9277=AXIS2_PLACEMENT_3D('',#13714,#11274,#11275);
#9278=AXIS2_PLACEMENT_3D('',#13717,#11277,#11278);
#9279=AXIS2_PLACEMENT_3D('',#13718,#11279,#11280);
#9280=AXIS2_PLACEMENT_3D('',#13719,#11281,#11282);
#9281=AXIS2_PLACEMENT_3D('',#13721,#11283,#11284);
#9282=AXIS2_PLACEMENT_3D('',#13724,#11286,#11287);
#9283=AXIS2_PLACEMENT_3D('',#13725,#11288,#11289);
#9284=AXIS2_PLACEMENT_3D('',#13726,#11290,#11291);
#9285=AXIS2_PLACEMENT_3D('',#13728,#11292,#11293);
#9286=AXIS2_PLACEMENT_3D('',#13731,#11295,#11296);
#9287=AXIS2_PLACEMENT_3D('',#13732,#11297,#11298);
#9288=AXIS2_PLACEMENT_3D('',#13733,#11299,#11300);
#9289=AXIS2_PLACEMENT_3D('',#13735,#11301,#11302);
#9290=AXIS2_PLACEMENT_3D('',#13738,#11304,#11305);
#9291=AXIS2_PLACEMENT_3D('',#13739,#11306,#11307);
#9292=AXIS2_PLACEMENT_3D('',#13740,#11308,#11309);
#9293=AXIS2_PLACEMENT_3D('',#13746,#11313,#11314);
#9294=AXIS2_PLACEMENT_3D('',#13749,#11316,#11317);
#9295=AXIS2_PLACEMENT_3D('',#13750,#11318,#11319);
#9296=AXIS2_PLACEMENT_3D('',#13754,#11322,#11323);
#9297=AXIS2_PLACEMENT_3D('',#13757,#11325,#11326);
#9298=AXIS2_PLACEMENT_3D('',#13758,#11327,#11328);
#9299=AXIS2_PLACEMENT_3D('',#13762,#11331,#11332);
#9300=AXIS2_PLACEMENT_3D('',#13765,#11334,#11335);
#9301=AXIS2_PLACEMENT_3D('',#13766,#11336,#11337);
#9302=AXIS2_PLACEMENT_3D('',#13770,#11340,#11341);
#9303=AXIS2_PLACEMENT_3D('',#13771,#11342,#11343);
#9304=AXIS2_PLACEMENT_3D('',#13772,#11344,#11345);
#9305=AXIS2_PLACEMENT_3D('',#13781,#11350,#11351);
#9306=AXIS2_PLACEMENT_3D('',#13787,#11355,#11356);
#9307=AXIS2_PLACEMENT_3D('',#13789,#11357,#11358);
#9308=AXIS2_PLACEMENT_3D('',#13791,#11360,#11361);
#9309=AXIS2_PLACEMENT_3D('',#13793,#11362,#11363);
#9310=AXIS2_PLACEMENT_3D('',#13795,#11365,#11366);
#9311=AXIS2_PLACEMENT_3D('',#13797,#11367,#11368);
#9312=AXIS2_PLACEMENT_3D('',#13799,#11370,#11371);
#9313=AXIS2_PLACEMENT_3D('',#13801,#11372,#11373);
#9314=AXIS2_PLACEMENT_3D('',#13803,#11375,#11376);
#9315=AXIS2_PLACEMENT_3D('',#13809,#11380,#11381);
#9316=AXIS2_PLACEMENT_3D('',#13812,#11384,#11385);
#9317=AXIS2_PLACEMENT_3D('',#13813,#11386,#11387);
#9318=AXIS2_PLACEMENT_3D('',#13814,#11388,#11389);
#9319=AXIS2_PLACEMENT_3D('',#13817,#11390,#11391);
#9320=AXIS2_PLACEMENT_3D('',#13821,#11393,#11394);
#9321=AXIS2_PLACEMENT_3D('',#13823,#11396,#11397);
#9322=AXIS2_PLACEMENT_3D('',#13826,#11398,#11399);
#9323=AXIS2_PLACEMENT_3D('',#13829,#11401,#11402);
#9324=AXIS2_PLACEMENT_3D('',#13831,#11404,#11405);
#9325=AXIS2_PLACEMENT_3D('',#13832,#11406,#11407);
#9326=AXIS2_PLACEMENT_3D('',#13833,#11408,#11409);
#9327=AXIS2_PLACEMENT_3D('',#13850,#11418,#11419);
#9328=AXIS2_PLACEMENT_3D('',#13852,#11420,#11421);
#9329=AXIS2_PLACEMENT_3D('',#13855,#11422,#11423);
#9330=AXIS2_PLACEMENT_3D('',#13859,#11425,#11426);
#9331=AXIS2_PLACEMENT_3D('',#13863,#11428,#11429);
#9332=AXIS2_PLACEMENT_3D('',#13867,#11431,#11432);
#9333=AXIS2_PLACEMENT_3D('',#13871,#11434,#11435);
#9334=AXIS2_PLACEMENT_3D('',#13875,#11437,#11438);
#9335=AXIS2_PLACEMENT_3D('',#13879,#11440,#11441);
#9336=AXIS2_PLACEMENT_3D('',#13883,#11443,#11444);
#9337=AXIS2_PLACEMENT_3D('',#13887,#11446,#11447);
#9338=AXIS2_PLACEMENT_3D('',#13891,#11449,#11450);
#9339=AXIS2_PLACEMENT_3D('',#13895,#11452,#11453);
#9340=AXIS2_PLACEMENT_3D('',#13899,#11455,#11456);
#9341=AXIS2_PLACEMENT_3D('',#13903,#11458,#11459);
#9342=AXIS2_PLACEMENT_3D('',#13907,#11461,#11462);
#9343=AXIS2_PLACEMENT_3D('',#13911,#11464,#11465);
#9344=AXIS2_PLACEMENT_3D('',#13915,#11467,#11468);
#9345=AXIS2_PLACEMENT_3D('',#13919,#11470,#11471);
#9346=AXIS2_PLACEMENT_3D('',#13923,#11473,#11474);
#9347=AXIS2_PLACEMENT_3D('',#13927,#11476,#11477);
#9348=AXIS2_PLACEMENT_3D('',#13931,#11479,#11480);
#9349=AXIS2_PLACEMENT_3D('',#13935,#11482,#11483);
#9350=AXIS2_PLACEMENT_3D('',#13939,#11485,#11486);
#9351=AXIS2_PLACEMENT_3D('',#13943,#11488,#11489);
#9352=AXIS2_PLACEMENT_3D('',#13947,#11491,#11492);
#9353=AXIS2_PLACEMENT_3D('',#13951,#11494,#11495);
#9354=AXIS2_PLACEMENT_3D('',#13955,#11497,#11498);
#9355=AXIS2_PLACEMENT_3D('',#13959,#11500,#11501);
#9356=AXIS2_PLACEMENT_3D('',#13963,#11503,#11504);
#9357=AXIS2_PLACEMENT_3D('',#13967,#11506,#11507);
#9358=AXIS2_PLACEMENT_3D('',#13971,#11509,#11510);
#9359=AXIS2_PLACEMENT_3D('',#13975,#11512,#11513);
#9360=AXIS2_PLACEMENT_3D('',#13979,#11515,#11516);
#9361=AXIS2_PLACEMENT_3D('',#14045,#11550,#11551);
#9362=AXIS2_PLACEMENT_3D('',#14049,#11554,#11555);
#9363=AXIS2_PLACEMENT_3D('',#14052,#11557,#11558);
#9364=AXIS2_PLACEMENT_3D('',#14053,#11559,#11560);
#9365=AXIS2_PLACEMENT_3D('',#14069,#11568,#11569);
#9366=AXIS2_PLACEMENT_3D('',#14073,#11571,#11572);
#9367=AXIS2_PLACEMENT_3D('',#14077,#11574,#11575);
#9368=AXIS2_PLACEMENT_3D('',#14080,#11577,#11578);
#9369=AXIS2_PLACEMENT_3D('',#14085,#11580,#11581);
#9370=AXIS2_PLACEMENT_3D('',#14089,#11583,#11584);
#9371=AXIS2_PLACEMENT_3D('',#14093,#11586,#11587);
#9372=AXIS2_PLACEMENT_3D('',#14096,#11589,#11590);
#9373=AXIS2_PLACEMENT_3D('',#14101,#11592,#11593);
#9374=AXIS2_PLACEMENT_3D('',#14105,#11595,#11596);
#9375=AXIS2_PLACEMENT_3D('',#14109,#11598,#11599);
#9376=AXIS2_PLACEMENT_3D('',#14112,#11601,#11602);
#9377=AXIS2_PLACEMENT_3D('',#14117,#11604,#11605);
#9378=AXIS2_PLACEMENT_3D('',#14121,#11607,#11608);
#9379=AXIS2_PLACEMENT_3D('',#14125,#11610,#11611);
#9380=AXIS2_PLACEMENT_3D('',#14128,#11613,#11614);
#9381=AXIS2_PLACEMENT_3D('',#14133,#11616,#11617);
#9382=AXIS2_PLACEMENT_3D('',#14137,#11619,#11620);
#9383=AXIS2_PLACEMENT_3D('',#14141,#11622,#11623);
#9384=AXIS2_PLACEMENT_3D('',#14144,#11625,#11626);
#9385=AXIS2_PLACEMENT_3D('',#14149,#11628,#11629);
#9386=AXIS2_PLACEMENT_3D('',#14153,#11631,#11632);
#9387=AXIS2_PLACEMENT_3D('',#14157,#11634,#11635);
#9388=AXIS2_PLACEMENT_3D('',#14160,#11637,#11638);
#9389=AXIS2_PLACEMENT_3D('',#14165,#11640,#11641);
#9390=AXIS2_PLACEMENT_3D('',#14169,#11643,#11644);
#9391=AXIS2_PLACEMENT_3D('',#14173,#11646,#11647);
#9392=AXIS2_PLACEMENT_3D('',#14176,#11649,#11650);
#9393=AXIS2_PLACEMENT_3D('',#14181,#11652,#11653);
#9394=AXIS2_PLACEMENT_3D('',#14185,#11655,#11656);
#9395=AXIS2_PLACEMENT_3D('',#14189,#11658,#11659);
#9396=AXIS2_PLACEMENT_3D('',#14192,#11661,#11662);
#9397=AXIS2_PLACEMENT_3D('',#14194,#11663,#11664);
#9398=AXIS2_PLACEMENT_3D('',#14196,#11665,#11666);
#9399=AXIS2_PLACEMENT_3D('',#14197,#11667,#11668);
#9400=AXIS2_PLACEMENT_3D('',#14199,#11669,#11670);
#9401=AXIS2_PLACEMENT_3D('',#14201,#11672,#11673);
#9402=AXIS2_PLACEMENT_3D('',#14203,#11675,#11676);
#9403=AXIS2_PLACEMENT_3D('',#14205,#11678,#11679);
#9404=AXIS2_PLACEMENT_3D('',#14207,#11681,#11682);
#9405=AXIS2_PLACEMENT_3D('',#14213,#11686,#11687);
#9406=AXIS2_PLACEMENT_3D('',#14217,#11690,#11691);
#9407=AXIS2_PLACEMENT_3D('',#14221,#11694,#11695);
#9408=AXIS2_PLACEMENT_3D('',#14223,#11697,#11698);
#9409=AXIS2_PLACEMENT_3D('',#14224,#11699,#11700);
#9410=AXIS2_PLACEMENT_3D('',#14230,#11704,#11705);
#9411=AXIS2_PLACEMENT_3D('',#14234,#11708,#11709);
#9412=AXIS2_PLACEMENT_3D('',#14238,#11712,#11713);
#9413=AXIS2_PLACEMENT_3D('',#14240,#11715,#11716);
#9414=AXIS2_PLACEMENT_3D('',#14241,#11717,#11718);
#9415=AXIS2_PLACEMENT_3D('',#14247,#11722,#11723);
#9416=AXIS2_PLACEMENT_3D('',#14251,#11726,#11727);
#9417=AXIS2_PLACEMENT_3D('',#14255,#11730,#11731);
#9418=AXIS2_PLACEMENT_3D('',#14257,#11733,#11734);
#9419=AXIS2_PLACEMENT_3D('',#14258,#11735,#11736);
#9420=AXIS2_PLACEMENT_3D('',#14264,#11740,#11741);
#9421=AXIS2_PLACEMENT_3D('',#14268,#11744,#11745);
#9422=AXIS2_PLACEMENT_3D('',#14272,#11748,#11749);
#9423=AXIS2_PLACEMENT_3D('',#14274,#11751,#11752);
#9424=AXIS2_PLACEMENT_3D('',#14275,#11753,#11754);
#9425=AXIS2_PLACEMENT_3D('',#14281,#11758,#11759);
#9426=AXIS2_PLACEMENT_3D('',#14285,#11762,#11763);
#9427=AXIS2_PLACEMENT_3D('',#14289,#11766,#11767);
#9428=AXIS2_PLACEMENT_3D('',#14291,#11769,#11770);
#9429=AXIS2_PLACEMENT_3D('',#14292,#11771,#11772);
#9430=AXIS2_PLACEMENT_3D('',#14298,#11776,#11777);
#9431=AXIS2_PLACEMENT_3D('',#14302,#11780,#11781);
#9432=AXIS2_PLACEMENT_3D('',#14306,#11784,#11785);
#9433=AXIS2_PLACEMENT_3D('',#14308,#11787,#11788);
#9434=AXIS2_PLACEMENT_3D('',#14309,#11789,#11790);
#9435=AXIS2_PLACEMENT_3D('',#14315,#11794,#11795);
#9436=AXIS2_PLACEMENT_3D('',#14319,#11798,#11799);
#9437=AXIS2_PLACEMENT_3D('',#14323,#11802,#11803);
#9438=AXIS2_PLACEMENT_3D('',#14325,#11805,#11806);
#9439=AXIS2_PLACEMENT_3D('',#14326,#11807,#11808);
#9440=AXIS2_PLACEMENT_3D('',#14332,#11812,#11813);
#9441=AXIS2_PLACEMENT_3D('',#14336,#11816,#11817);
#9442=AXIS2_PLACEMENT_3D('',#14340,#11820,#11821);
#9443=AXIS2_PLACEMENT_3D('',#14342,#11823,#11824);
#9444=AXIS2_PLACEMENT_3D('',#14343,#11825,#11826);
#9445=AXIS2_PLACEMENT_3D('',#14345,#11828,#11829);
#9446=AXIS2_PLACEMENT_3D('',#14347,#11831,#11832);
#9447=AXIS2_PLACEMENT_3D('',#14349,#11834,#11835);
#9448=AXIS2_PLACEMENT_3D('',#14351,#11837,#11838);
#9449=AXIS2_PLACEMENT_3D('',#14353,#11840,#11841);
#9450=AXIS2_PLACEMENT_3D('',#14354,#11842,#11843);
#9451=AXIS2_PLACEMENT_3D('',#14357,#11846,#11847);
#9452=AXIS2_PLACEMENT_3D('',#14359,#11849,#11850);
#9453=AXIS2_PLACEMENT_3D('',#14361,#11852,#11853);
#9454=AXIS2_PLACEMENT_3D('',#14363,#11855,#11856);
#9455=AXIS2_PLACEMENT_3D('',#14366,#11859,#11860);
#9456=AXIS2_PLACEMENT_3D('',#14368,#11862,#11863);
#9457=AXIS2_PLACEMENT_3D('',#14370,#11865,#11866);
#9458=AXIS2_PLACEMENT_3D('',#14372,#11868,#11869);
#9459=AXIS2_PLACEMENT_3D('',#14375,#11872,#11873);
#9460=AXIS2_PLACEMENT_3D('',#14377,#11875,#11876);
#9461=AXIS2_PLACEMENT_3D('',#14379,#11878,#11879);
#9462=AXIS2_PLACEMENT_3D('',#14381,#11881,#11882);
#9463=AXIS2_PLACEMENT_3D('',#14384,#11885,#11886);
#9464=AXIS2_PLACEMENT_3D('',#14386,#11888,#11889);
#9465=AXIS2_PLACEMENT_3D('',#14388,#11891,#11892);
#9466=AXIS2_PLACEMENT_3D('',#14390,#11894,#11895);
#9467=AXIS2_PLACEMENT_3D('',#14393,#11898,#11899);
#9468=AXIS2_PLACEMENT_3D('',#14395,#11901,#11902);
#9469=AXIS2_PLACEMENT_3D('',#14397,#11904,#11905);
#9470=AXIS2_PLACEMENT_3D('',#14399,#11907,#11908);
#9471=AXIS2_PLACEMENT_3D('',#14402,#11911,#11912);
#9472=AXIS2_PLACEMENT_3D('',#14404,#11914,#11915);
#9473=AXIS2_PLACEMENT_3D('',#14406,#11917,#11918);
#9474=AXIS2_PLACEMENT_3D('',#14408,#11920,#11921);
#9475=AXIS2_PLACEMENT_3D('',#14411,#11924,#11925);
#9476=AXIS2_PLACEMENT_3D('',#14413,#11927,#11928);
#9477=AXIS2_PLACEMENT_3D('',#14415,#11930,#11931);
#9478=AXIS2_PLACEMENT_3D('',#14417,#11933,#11934);
#9479=AXIS2_PLACEMENT_3D('',#14420,#11937,#11938);
#9480=AXIS2_PLACEMENT_3D('',#14422,#11940,#11941);
#9481=AXIS2_PLACEMENT_3D('',#14424,#11943,#11944);
#9482=AXIS2_PLACEMENT_3D('',#14426,#11946,#11947);
#9483=AXIS2_PLACEMENT_3D('',#14428,#11949,#11950);
#9484=AXIS2_PLACEMENT_3D('',#14430,#11952,#11953);
#9485=AXIS2_PLACEMENT_3D('',#14432,#11955,#11956);
#9486=AXIS2_PLACEMENT_3D('',#14433,#11957,#11958);
#9487=AXIS2_PLACEMENT_3D('',#14435,#11960,#11961);
#9488=AXIS2_PLACEMENT_3D('',#14437,#11963,#11964);
#9489=AXIS2_PLACEMENT_3D('',#14439,#11966,#11967);
#9490=AXIS2_PLACEMENT_3D('',#14440,#11968,#11969);
#9491=AXIS2_PLACEMENT_3D('',#14442,#11971,#11972);
#9492=AXIS2_PLACEMENT_3D('',#14444,#11974,#11975);
#9493=AXIS2_PLACEMENT_3D('',#14446,#11977,#11978);
#9494=AXIS2_PLACEMENT_3D('',#14447,#11979,#11980);
#9495=AXIS2_PLACEMENT_3D('',#14449,#11982,#11983);
#9496=AXIS2_PLACEMENT_3D('',#14451,#11985,#11986);
#9497=AXIS2_PLACEMENT_3D('',#14453,#11988,#11989);
#9498=AXIS2_PLACEMENT_3D('',#14454,#11990,#11991);
#9499=AXIS2_PLACEMENT_3D('',#14456,#11993,#11994);
#9500=AXIS2_PLACEMENT_3D('',#14458,#11996,#11997);
#9501=AXIS2_PLACEMENT_3D('',#14460,#11999,#12000);
#9502=AXIS2_PLACEMENT_3D('',#14461,#12001,#12002);
#9503=AXIS2_PLACEMENT_3D('',#14463,#12004,#12005);
#9504=AXIS2_PLACEMENT_3D('',#14465,#12007,#12008);
#9505=AXIS2_PLACEMENT_3D('',#14467,#12010,#12011);
#9506=AXIS2_PLACEMENT_3D('',#14468,#12012,#12013);
#9507=AXIS2_PLACEMENT_3D('',#14470,#12015,#12016);
#9508=AXIS2_PLACEMENT_3D('',#14472,#12018,#12019);
#9509=AXIS2_PLACEMENT_3D('',#14474,#12021,#12022);
#9510=AXIS2_PLACEMENT_3D('',#14475,#12023,#12024);
#9511=AXIS2_PLACEMENT_3D('',#14477,#12026,#12027);
#9512=AXIS2_PLACEMENT_3D('',#14479,#12029,#12030);
#9513=AXIS2_PLACEMENT_3D('',#14481,#12032,#12033);
#9514=AXIS2_PLACEMENT_3D('',#14482,#12034,#12035);
#9515=AXIS2_PLACEMENT_3D('',#14485,#12036,#12037);
#9516=AXIS2_PLACEMENT_3D('',#14489,#12039,#12040);
#9517=AXIS2_PLACEMENT_3D('',#14491,#12042,#12043);
#9518=AXIS2_PLACEMENT_3D('',#14494,#12044,#12045);
#9519=AXIS2_PLACEMENT_3D('',#14497,#12047,#12048);
#9520=AXIS2_PLACEMENT_3D('',#14499,#12050,#12051);
#9521=AXIS2_PLACEMENT_3D('',#14502,#12052,#12053);
#9522=AXIS2_PLACEMENT_3D('',#14505,#12055,#12056);
#9523=AXIS2_PLACEMENT_3D('',#14507,#12058,#12059);
#9524=AXIS2_PLACEMENT_3D('',#14508,#12060,#12061);
#9525=AXIS2_PLACEMENT_3D('',#14509,#12062,#12063);
#9526=AXIS2_PLACEMENT_3D('',#14510,#12064,#12065);
#9527=AXIS2_PLACEMENT_3D('',#14511,#12066,#12067);
#9528=AXIS2_PLACEMENT_3D('',#14515,#12069,#12070);
#9529=AXIS2_PLACEMENT_3D('',#14517,#12072,#12073);
#9530=AXIS2_PLACEMENT_3D('',#14522,#12076,#12077);
#9531=AXIS2_PLACEMENT_3D('',#14524,#12078,#12079);
#9532=AXIS2_PLACEMENT_3D('',#14541,#12088,#12089);
#9533=AXIS2_PLACEMENT_3D('',#14544,#12091,#12092);
#9534=AXIS2_PLACEMENT_3D('',#14545,#12093,#12094);
#9535=AXIS2_PLACEMENT_3D('',#14549,#12097,#12098);
#9536=AXIS2_PLACEMENT_3D('',#14551,#12099,#12100);
#9537=AXIS2_PLACEMENT_3D('',#14554,#12102,#12103);
#9538=AXIS2_PLACEMENT_3D('',#14555,#12104,#12105);
#9539=AXIS2_PLACEMENT_3D('',#14556,#12106,#12107);
#9540=AXIS2_PLACEMENT_3D('',#14557,#12108,#12109);
#9541=AXIS2_PLACEMENT_3D('',#14560,#12111,#12112);
#9542=AXIS2_PLACEMENT_3D('',#14561,#12113,#12114);
#9543=AXIS2_PLACEMENT_3D('',#14565,#12117,#12118);
#9544=AXIS2_PLACEMENT_3D('',#14568,#12120,#12121);
#9545=AXIS2_PLACEMENT_3D('',#14579,#12127,#12128);
#9546=AXIS2_PLACEMENT_3D('',#14581,#12129,#12130);
#9547=AXIS2_PLACEMENT_3D('',#14582,#12131,#12132);
#9548=AXIS2_PLACEMENT_3D('',#14583,#12133,#12134);
#9549=AXIS2_PLACEMENT_3D('',#14584,#12135,#12136);
#9550=AXIS2_PLACEMENT_3D('',#14586,#12138,#12139);
#9551=AXIS2_PLACEMENT_3D('',#14592,#12143,#12144);
#9552=AXIS2_PLACEMENT_3D('',#14593,#12145,#12146);
#9553=AXIS2_PLACEMENT_3D('',#14602,#12151,#12152);
#9554=AXIS2_PLACEMENT_3D('',#14605,#12155,#12156);
#9555=AXIS2_PLACEMENT_3D('',#14609,#12159,#12160);
#9556=AXIS2_PLACEMENT_3D('',#14613,#12163,#12164);
#9557=AXIS2_PLACEMENT_3D('',#14615,#12166,#12167);
#9558=AXIS2_PLACEMENT_3D('',#14617,#12169,#12170);
#9559=AXIS2_PLACEMENT_3D('',#14619,#12172,#12173);
#9560=AXIS2_PLACEMENT_3D('',#14636,#12182,#12183);
#9561=AXIS2_PLACEMENT_3D('',#14639,#12186,#12187);
#9562=AXIS2_PLACEMENT_3D('',#14641,#12189,#12190);
#9563=AXIS2_PLACEMENT_3D('',#14644,#12193,#12194);
#9564=AXIS2_PLACEMENT_3D('',#14646,#12196,#12197);
#9565=AXIS2_PLACEMENT_3D('',#14648,#12199,#12200);
#9566=AXIS2_PLACEMENT_3D('',#14649,#12201,#12202);
#9567=AXIS2_PLACEMENT_3D('',#14651,#12204,#12205);
#9568=AXIS2_PLACEMENT_3D('',#14652,#12206,#12207);
#9569=DIRECTION('axis',(0.,0.,1.));
#9570=DIRECTION('refdir',(1.,0.,0.));
#9571=DIRECTION('axis',(0.,0.,1.));
#9572=DIRECTION('refdir',(1.,0.,0.));
#9573=DIRECTION('axis',(0.,0.,1.));
#9574=DIRECTION('refdir',(1.,0.,0.));
#9575=DIRECTION('axis',(0.,0.,1.));
#9576=DIRECTION('refdir',(1.,0.,0.));
#9577=DIRECTION('axis',(0.,0.,1.));
#9578=DIRECTION('refdir',(1.,0.,0.));
#9579=DIRECTION('axis',(0.,0.,1.));
#9580=DIRECTION('refdir',(1.,0.,0.));
#9581=DIRECTION('axis',(0.,0.,1.));
#9582=DIRECTION('refdir',(1.,0.,0.));
#9583=DIRECTION('axis',(0.,0.,1.));
#9584=DIRECTION('refdir',(1.,0.,0.));
#9585=DIRECTION('axis',(0.,0.,1.));
#9586=DIRECTION('refdir',(1.,0.,0.));
#9587=DIRECTION('axis',(0.,0.,1.));
#9588=DIRECTION('refdir',(1.,0.,0.));
#9589=DIRECTION('axis',(0.,0.,1.));
#9590=DIRECTION('refdir',(1.,0.,0.));
#9591=DIRECTION('center_axis',(8.63951598817497E-32,2.2E-16,1.));
#9592=DIRECTION('ref_axis',(1.,5.55111512312581E-17,-9.86076131526265E-32));
#9593=DIRECTION('center_axis',(8.63951598817497E-32,2.2E-16,1.));
#9594=DIRECTION('ref_axis',(1.,5.55111512312581E-17,-9.86076131526265E-32));
#9595=DIRECTION('center_axis',(8.63951598817497E-32,2.2E-16,1.));
#9596=DIRECTION('ref_axis',(1.,5.55111512312581E-17,-9.86076131526265E-32));
#9597=DIRECTION('',(-8.63951598817497E-32,-2.2E-16,-1.));
#9598=DIRECTION('center_axis',(8.63951598817497E-32,2.2E-16,1.));
#9599=DIRECTION('ref_axis',(1.,5.55111512312581E-17,-9.86076131526265E-32));
#9600=DIRECTION('center_axis',(-5.55111512312581E-17,1.,-2.2E-16));
#9601=DIRECTION('ref_axis',(1.,5.55111512312581E-17,0.));
#9602=DIRECTION('center_axis',(-1.,-5.55111512312581E-17,-1.8E-16));
#9603=DIRECTION('ref_axis',(-1.8E-16,2.2E-16,1.));
#9604=DIRECTION('center_axis',(-1.,-5.55111512312581E-17,-1.8E-16));
#9605=DIRECTION('ref_axis',(-1.8E-16,2.2E-16,1.));
#9606=DIRECTION('center_axis',(5.55111512312581E-17,-1.,2.2E-16));
#9607=DIRECTION('ref_axis',(1.,5.5511151231258E-17,-2.69422295812419E-32));
#9608=DIRECTION('center_axis',(1.,5.55111512312581E-17,-9.86076131526265E-32));
#9609=DIRECTION('ref_axis',(-8.63951598817497E-32,-2.2E-16,-1.));
#9610=DIRECTION('center_axis',(1.,5.55111512312581E-17,-9.86076131526265E-32));
#9611=DIRECTION('ref_axis',(-8.63951598817497E-32,-2.2E-16,-1.));
#9612=DIRECTION('center_axis',(1.,5.55111512312581E-17,-9.86076131526265E-32));
#9613=DIRECTION('ref_axis',(-8.63951598817497E-32,-2.2E-16,-1.));
#9614=DIRECTION('',(-1.,-5.55111512312581E-17,9.86076131526265E-32));
#9615=DIRECTION('center_axis',(-5.55111512312581E-17,1.,-2.2E-16));
#9616=DIRECTION('ref_axis',(1.,5.55111512312581E-17,0.));
#9617=DIRECTION('center_axis',(-2.4E-16,2.2E-16,1.));
#9618=DIRECTION('ref_axis',(1.,5.55111512312581E-17,2.4E-16));
#9619=DIRECTION('center_axis',(-2.4E-16,2.2E-16,1.));
#9620=DIRECTION('ref_axis',(1.,5.55111512312581E-17,2.4E-16));
#9621=DIRECTION('center_axis',(5.55111512312581E-17,-1.,2.2E-16));
#9622=DIRECTION('ref_axis',(1.,5.55111512312581E-17,-2.69422295812419E-32));
#9623=DIRECTION('center_axis',(-8.63951598817497E-32,-2.2E-16,-1.));
#9624=DIRECTION('ref_axis',(-1.,-5.55111512312581E-17,9.86076131526265E-32));
#9625=DIRECTION('center_axis',(-8.63951598817497E-32,-2.2E-16,-1.));
#9626=DIRECTION('ref_axis',(-1.,-5.55111512312581E-17,9.86076131526265E-32));
#9627=DIRECTION('',(8.63951598817497E-32,2.2E-16,1.));
#9628=DIRECTION('center_axis',(-9.86076131526265E-32,-1.84889274661174E-32,
-1.));
#9629=DIRECTION('ref_axis',(-1.,-5.55111512312581E-17,9.86076131526265E-32));
#9630=DIRECTION('center_axis',(9.86076131526265E-32,1.84889274661174E-32,
1.));
#9631=DIRECTION('ref_axis',(1.,5.55111512312581E-17,-9.86076131526265E-32));
#9632=DIRECTION('center_axis',(1.,5.55111512312581E-17,-9.86076131526265E-32));
#9633=DIRECTION('ref_axis',(4.35380750604812E-32,9.92044604925E-16,1.));
#9634=DIRECTION('center_axis',(1.,5.55111512312581E-17,-9.86076131526265E-32));
#9635=DIRECTION('ref_axis',(4.35380750604812E-32,9.92044604925E-16,1.));
#9636=DIRECTION('',(-1.,-5.55111512312581E-17,9.86076131526265E-32));
#9637=DIRECTION('center_axis',(1.,5.55111512312581E-17,-9.86076131526265E-32));
#9638=DIRECTION('ref_axis',(4.35380750604812E-32,9.92044604925E-16,1.));
#9639=DIRECTION('center_axis',(1.,5.55111512312581E-17,-9.86076131526265E-32));
#9640=DIRECTION('ref_axis',(4.29829635481686E-32,1.002044604925E-15,1.));
#9641=DIRECTION('center_axis',(1.,5.55111512312581E-17,-9.86076131526265E-32));
#9642=DIRECTION('ref_axis',(4.29829635481686E-32,1.002044604925E-15,1.));
#9643=DIRECTION('center_axis',(1.,5.55111512312581E-17,-9.86076131526265E-32));
#9644=DIRECTION('ref_axis',(4.35380750604811E-32,9.92044604925E-16,1.));
#9645=DIRECTION('center_axis',(1.,5.55111512312581E-17,-9.86076131526265E-32));
#9646=DIRECTION('ref_axis',(4.29829635481686E-32,1.002044604925E-15,1.));
#9647=DIRECTION('center_axis',(1.,5.55111512312581E-17,-9.86076131526265E-32));
#9648=DIRECTION('ref_axis',(4.29829635481686E-32,1.002044604925E-15,1.));
#9649=DIRECTION('',(-1.,-5.55111512312581E-17,9.86076131526265E-32));
#9650=DIRECTION('center_axis',(1.,5.55111512312581E-17,-9.86076131526265E-32));
#9651=DIRECTION('ref_axis',(4.29829635481686E-32,1.002044604925E-15,1.));
#9652=DIRECTION('center_axis',(1.,5.55111512312581E-17,-9.86076131526265E-32));
#9653=DIRECTION('ref_axis',(4.29829635481686E-32,1.002044604925E-15,1.));
#9654=DIRECTION('center_axis',(1.,5.55111512312581E-17,-9.86076131526265E-32));
#9655=DIRECTION('ref_axis',(4.29829635481686E-32,1.002044604925E-15,1.));
#9656=DIRECTION('',(-1.,-5.55111512312581E-17,9.86076131526265E-32));
#9657=DIRECTION('center_axis',(-1.,-5.55111512312581E-17,9.86076131526265E-32));
#9658=DIRECTION('ref_axis',(0.,1.002044604925E-15,1.));
#9659=DIRECTION('center_axis',(1.,5.55111512312581E-17,-9.86076131526265E-32));
#9660=DIRECTION('ref_axis',(4.29829635481686E-32,1.002044604925E-15,1.));
#9661=DIRECTION('center_axis',(5.55111512312581E-17,-1.,1.12450928483974E-15));
#9662=DIRECTION('ref_axis',(0.,-1.12450928483974E-15,-1.));
#9663=DIRECTION('center_axis',(-1.,-5.55111512312581E-17,9.86076131526265E-32));
#9664=DIRECTION('ref_axis',(0.,1.002044604925E-15,1.));
#9665=DIRECTION('center_axis',(5.55111512312581E-17,-1.,1.12450928483974E-15));
#9666=DIRECTION('ref_axis',(0.,-1.12450928483974E-15,-1.));
#9667=DIRECTION('center_axis',(1.,5.55111512312581E-17,-9.86076131526265E-32));
#9668=DIRECTION('ref_axis',(4.29829635481686E-32,1.002044604925E-15,1.));
#9669=DIRECTION('center_axis',(1.,5.55111512312581E-17,-9.86076131526265E-32));
#9670=DIRECTION('ref_axis',(4.29829635481686E-32,1.002044604925E-15,1.));
#9671=DIRECTION('center_axis',(1.,5.55111512312581E-17,-9.86076131526265E-32));
#9672=DIRECTION('ref_axis',(4.29829635481686E-32,1.002044604925E-15,1.));
#9673=DIRECTION('',(0.,3.42113882891801E-47,1.));
#9674=DIRECTION('',(1.,0.,0.));
#9675=DIRECTION('',(0.,3.42113882891801E-47,1.));
#9676=DIRECTION('',(1.,0.,0.));
#9677=DIRECTION('',(0.,3.42113882891801E-47,1.));
#9678=DIRECTION('',(1.,0.,0.));
#9679=DIRECTION('',(0.,3.42113882891801E-47,1.));
#9680=DIRECTION('',(1.,0.,0.));
#9681=DIRECTION('',(0.,3.42113882891801E-47,1.));
#9682=DIRECTION('',(1.,0.,0.));
#9683=DIRECTION('',(0.,3.42113882891801E-47,1.));
#9684=DIRECTION('',(1.,0.,0.));
#9685=DIRECTION('',(0.,3.42113882891801E-47,1.));
#9686=DIRECTION('',(1.,0.,0.));
#9687=DIRECTION('',(0.,3.42113882891801E-47,1.));
#9688=DIRECTION('',(1.,0.,0.));
#9689=DIRECTION('axis',(0.,0.,1.));
#9690=DIRECTION('refdir',(1.,0.,0.));
#9691=DIRECTION('center_axis',(5.55111512312576E-17,-1.,-9.86076131526265E-32));
#9692=DIRECTION('ref_axis',(-1.,-5.55111512312576E-17,1.84889274661175E-32));
#9693=DIRECTION('',(1.84889274661175E-32,-9.86076131526265E-32,1.));
#9694=DIRECTION('',(-1.,-5.55111512312576E-17,1.84889274661175E-32));
#9695=DIRECTION('',(1.84889274661175E-32,-9.86076131526265E-32,1.));
#9696=DIRECTION('',(-1.,-5.55111512312576E-17,1.84889274661175E-32));
#9697=DIRECTION('center_axis',(1.,5.55111512312576E-17,-1.84889274661175E-32));
#9698=DIRECTION('ref_axis',(5.55111512312576E-17,-1.,-9.86076131526265E-32));
#9699=DIRECTION('',(1.84889274661175E-32,-9.86076131526265E-32,1.));
#9700=DIRECTION('',(5.55111512312576E-17,-1.,-9.86076131526265E-32));
#9701=DIRECTION('',(5.55111512312576E-17,-1.,-9.86076131526265E-32));
#9702=DIRECTION('center_axis',(-1.,-5.55111512312576E-17,1.84889274661175E-32));
#9703=DIRECTION('ref_axis',(-5.55111512312576E-17,1.,9.86076131526265E-32));
#9704=DIRECTION('',(-5.55111512312576E-17,1.,9.86076131526265E-32));
#9705=DIRECTION('',(1.84889274661175E-32,-9.86076131526265E-32,1.));
#9706=DIRECTION('',(-5.55111512312576E-17,1.,9.86076131526265E-32));
#9707=DIRECTION('center_axis',(1.84889274661175E-32,-9.86076131526265E-32,
1.));
#9708=DIRECTION('ref_axis',(1.,5.55111512312576E-17,-1.84889274661175E-32));
#9709=DIRECTION('',(1.,5.55111512312576E-17,-1.84889274661175E-32));
#9710=DIRECTION('center_axis',(1.84889274661175E-32,-9.86076131526265E-32,
1.));
#9711=DIRECTION('ref_axis',(0.901030449373743,-0.433755840653876,-5.94307147611241E-32));
#9712=DIRECTION('center_axis',(-1.84889274661175E-32,9.86076131526265E-32,
-1.));
#9713=DIRECTION('ref_axis',(0.504512505685048,-0.863404384751082,-9.44661406891762E-32));
#9714=DIRECTION('',(-0.999999999999802,6.29363849961364E-7,1.84889895261808E-32));
#9715=DIRECTION('center_axis',(-1.84889274661175E-32,9.86076131526265E-32,
-1.));
#9716=DIRECTION('ref_axis',(-5.31366277497986E-6,-0.999999999985882,-9.86075149073087E-32));
#9717=DIRECTION('center_axis',(1.84889274661175E-32,-9.86076131526265E-32,
1.));
#9718=DIRECTION('ref_axis',(0.504516781968886,0.863401885978806,7.58100249805845E-32));
#9719=DIRECTION('center_axis',(-1.84889274661175E-32,9.86076131526265E-32,
-1.));
#9720=DIRECTION('ref_axis',(0.901027997795931,0.433760933219967,2.61130890074867E-32));
#9721=DIRECTION('',(5.55111512312576E-17,-1.,-9.86076131526265E-32));
#9722=DIRECTION('center_axis',(-1.84889274661175E-32,9.86076131526265E-32,
-1.));
#9723=DIRECTION('ref_axis',(0.99999999999262,3.84181143478505E-6,-1.84885486341252E-32));
#9724=DIRECTION('center_axis',(1.84889274661175E-32,-9.86076131526265E-32,
1.));
#9725=DIRECTION('ref_axis',(-0.901031864884234,0.433752900236113,5.94304509848175E-32));
#9726=DIRECTION('center_axis',(-1.84889274661175E-32,9.86076131526265E-32,
-1.));
#9727=DIRECTION('ref_axis',(-0.504512505685048,0.863404384751082,9.44661406891762E-32));
#9728=DIRECTION('',(1.,5.55111512312576E-17,-1.84889274661175E-32));
#9729=DIRECTION('center_axis',(-1.84889274661175E-32,9.86076131526265E-32,
-1.));
#9730=DIRECTION('ref_axis',(3.31364931697187E-6,0.99999999999451,9.86075518862633E-32));
#9731=DIRECTION('center_axis',(1.84889274661175E-32,-9.86076131526265E-32,
1.));
#9732=DIRECTION('ref_axis',(-0.504518364573895,-0.863400961203821,-7.58099045300613E-32));
#9733=DIRECTION('center_axis',(-1.84889274661175E-32,9.86076131526265E-32,
-1.));
#9734=DIRECTION('ref_axis',(-0.901027997795931,-0.433760933219967,-2.61130890074867E-32));
#9735=DIRECTION('',(-5.55111512312576E-17,1.,9.86076131526265E-32));
#9736=DIRECTION('center_axis',(-1.84889274661175E-32,9.86076131526265E-32,
-1.));
#9737=DIRECTION('ref_axis',(-0.999999999998304,-1.84180860336207E-6,1.84887458497358E-32));
#9738=DIRECTION('center_axis',(-1.84889274661175E-32,9.86076131526265E-32,
-1.));
#9739=DIRECTION('ref_axis',(5.55111512312576E-17,-1.,-9.86076131526265E-32));
#9740=DIRECTION('center_axis',(-1.84889274661175E-32,9.86076131526265E-32,
-1.));
#9741=DIRECTION('ref_axis',(5.55111512312576E-17,-1.,-9.86076131526265E-32));
#9742=DIRECTION('center_axis',(-1.84889274661175E-32,9.86076131526265E-32,
-1.));
#9743=DIRECTION('ref_axis',(8.93729534823226E-15,-1.,-9.86076131526267E-32));
#9744=DIRECTION('center_axis',(-1.84889274661175E-32,9.86076131526265E-32,
-1.));
#9745=DIRECTION('ref_axis',(4.23517430276126E-15,-1.,-9.86076131526266E-32));
#9746=DIRECTION('center_axis',(-1.84889274661175E-32,9.86076131526265E-32,
-1.));
#9747=DIRECTION('ref_axis',(5.55111512312576E-17,-1.,-9.86076131526265E-32));
#9748=DIRECTION('center_axis',(-1.84889274661175E-32,9.86076131526265E-32,
-1.));
#9749=DIRECTION('ref_axis',(5.55111512312576E-17,-1.,-9.86076131526265E-32));
#9750=DIRECTION('center_axis',(-1.84889274661175E-32,9.86076131526265E-32,
-1.));
#9751=DIRECTION('ref_axis',(8.93729534823226E-15,-1.,-9.86076131526267E-32));
#9752=DIRECTION('center_axis',(1.84889274661175E-32,-9.86076131526265E-32,
1.));
#9753=DIRECTION('ref_axis',(0.901030449373743,-0.433755840653876,-5.94307147611241E-32));
#9754=DIRECTION('center_axis',(-1.84889274661175E-32,9.86076131526265E-32,
-1.));
#9755=DIRECTION('ref_axis',(0.504512505685048,-0.863404384751082,-9.44661406891762E-32));
#9756=DIRECTION('',(-0.999999999999802,6.29363849961364E-7,1.84889895261808E-32));
#9757=DIRECTION('center_axis',(-1.84889274661175E-32,9.86076131526265E-32,
-1.));
#9758=DIRECTION('ref_axis',(-5.31366276787386E-6,-0.999999999985882,-9.86075149073089E-32));
#9759=DIRECTION('center_axis',(1.84889274661175E-32,-9.86076131526265E-32,
1.));
#9760=DIRECTION('ref_axis',(0.504516781968886,0.863401885978806,7.58100249805845E-32));
#9761=DIRECTION('center_axis',(-1.84889274661175E-32,9.86076131526265E-32,
-1.));
#9762=DIRECTION('ref_axis',(0.901027997795931,0.433760933219967,2.61130890074867E-32));
#9763=DIRECTION('',(5.55111512312576E-17,-1.,-9.86076131526265E-32));
#9764=DIRECTION('center_axis',(-1.84889274661175E-32,9.86076131526265E-32,
-1.));
#9765=DIRECTION('ref_axis',(0.999999999998304,1.84180863889007E-6,-1.84887458497323E-32));
#9766=DIRECTION('center_axis',(1.84889274661175E-32,-9.86076131526265E-32,
1.));
#9767=DIRECTION('ref_axis',(-0.901031864884234,0.433752900236113,5.94304509848175E-32));
#9768=DIRECTION('center_axis',(-1.84889274661175E-32,9.86076131526265E-32,
-1.));
#9769=DIRECTION('ref_axis',(-0.504512505685048,0.863404384751082,9.44661406891762E-32));
#9770=DIRECTION('',(1.,5.55111512312576E-17,-1.84889274661175E-32));
#9771=DIRECTION('center_axis',(-1.84889274661175E-32,9.86076131526265E-32,
-1.));
#9772=DIRECTION('ref_axis',(3.31364931697187E-6,0.99999999999451,9.86075518862633E-32));
#9773=DIRECTION('center_axis',(1.84889274661175E-32,-9.86076131526265E-32,
1.));
#9774=DIRECTION('ref_axis',(-0.504518364573895,-0.863400961203821,-7.58099045300613E-32));
#9775=DIRECTION('center_axis',(-1.84889274661175E-32,9.86076131526265E-32,
-1.));
#9776=DIRECTION('ref_axis',(-0.901027997795931,-0.433760933219967,-2.61130890074867E-32));
#9777=DIRECTION('',(-5.55111512312576E-17,1.,9.86076131526265E-32));
#9778=DIRECTION('center_axis',(-1.84889274661175E-32,9.86076131526265E-32,
-1.));
#9779=DIRECTION('ref_axis',(-0.999999999998304,-1.84180866020707E-6,1.84887458497302E-32));
#9780=DIRECTION('center_axis',(-1.84889274661175E-32,9.86076131526265E-32,
-1.));
#9781=DIRECTION('ref_axis',(5.55111512312576E-17,-1.,-9.86076131526265E-32));
#9782=DIRECTION('center_axis',(-1.84889274661175E-32,9.86076131526265E-32,
-1.));
#9783=DIRECTION('ref_axis',(5.55111512312576E-17,-1.,-9.86076131526265E-32));
#9784=DIRECTION('center_axis',(-1.84889274661175E-32,9.86076131526265E-32,
-1.));
#9785=DIRECTION('ref_axis',(-8.76035355368424E-17,-1.,-9.86076131526265E-32));
#9786=DIRECTION('center_axis',(-1.84889274661175E-32,9.86076131526265E-32,
-1.));
#9787=DIRECTION('ref_axis',(5.55111512312576E-17,-1.,-9.86076131526265E-32));
#9788=DIRECTION('center_axis',(-1.84889274661175E-32,9.86076131526265E-32,
-1.));
#9789=DIRECTION('ref_axis',(5.55111512312576E-17,-1.,-9.86076131526265E-32));
#9790=DIRECTION('center_axis',(-1.84889274661175E-32,9.86076131526265E-32,
-1.));
#9791=DIRECTION('ref_axis',(5.55111512312576E-17,-1.,-9.86076131526265E-32));
#9792=DIRECTION('center_axis',(-1.84889274661175E-32,9.86076131526265E-32,
-1.));
#9793=DIRECTION('ref_axis',(1.64798730217776E-17,-1.,-9.86076131526265E-32));
#9794=DIRECTION('center_axis',(1.84889274661175E-32,-9.86076131526265E-32,
1.));
#9795=DIRECTION('ref_axis',(0.901030449373743,-0.433755840653876,-5.94307147611241E-32));
#9796=DIRECTION('center_axis',(-1.84889274661175E-32,9.86076131526265E-32,
-1.));
#9797=DIRECTION('ref_axis',(0.504512505685048,-0.863404384751082,-9.44661406891762E-32));
#9798=DIRECTION('',(-0.999999999999802,6.29363851638264E-7,1.8488989526181E-32));
#9799=DIRECTION('center_axis',(-1.84889274661175E-32,9.86076131526265E-32,
-1.));
#9800=DIRECTION('ref_axis',(-5.31366277497986E-6,-0.999999999985882,-9.86075149073087E-32));
#9801=DIRECTION('center_axis',(1.84889274661175E-32,-9.86076131526265E-32,
1.));
#9802=DIRECTION('ref_axis',(0.504516781968886,0.863401885978806,7.58100249805845E-32));
#9803=DIRECTION('center_axis',(-1.84889274661175E-32,9.86076131526265E-32,
-1.));
#9804=DIRECTION('ref_axis',(0.901027997795931,0.433760933219967,2.61130890074867E-32));
#9805=DIRECTION('',(5.55111512312576E-17,-1.,-9.86076131526265E-32));
#9806=DIRECTION('center_axis',(-1.84889274661175E-32,9.86076131526265E-32,
-1.));
#9807=DIRECTION('ref_axis',(0.999999999998304,1.84180865310207E-6,-1.84887458497309E-32));
#9808=DIRECTION('center_axis',(1.84889274661175E-32,-9.86076131526265E-32,
1.));
#9809=DIRECTION('ref_axis',(-0.901031864884234,0.433752900236113,5.94304509848175E-32));
#9810=DIRECTION('center_axis',(-1.84889274661175E-32,9.86076131526265E-32,
-1.));
#9811=DIRECTION('ref_axis',(-0.504512505685048,0.863404384751082,9.44661406891762E-32));
#9812=DIRECTION('',(1.,5.55111512312576E-17,-1.84889274661175E-32));
#9813=DIRECTION('center_axis',(-1.84889274661175E-32,9.86076131526265E-32,
-1.));
#9814=DIRECTION('ref_axis',(3.31364931697187E-6,0.99999999999451,9.86075518862633E-32));
#9815=DIRECTION('center_axis',(1.84889274661175E-32,-9.86076131526265E-32,
1.));
#9816=DIRECTION('ref_axis',(-0.504518364573895,-0.863400961203821,-7.58099045300613E-32));
#9817=DIRECTION('center_axis',(-1.84889274661175E-32,9.86076131526265E-32,
-1.));
#9818=DIRECTION('ref_axis',(-0.901027997795931,-0.433760933219967,-2.61130890074867E-32));
#9819=DIRECTION('',(-5.55111512312576E-17,1.,9.86076131526265E-32));
#9820=DIRECTION('center_axis',(-1.84889274661175E-32,9.86076131526265E-32,
-1.));
#9821=DIRECTION('ref_axis',(-0.999999999998304,-1.84180860513907E-6,1.84887458497357E-32));
#9822=DIRECTION('center_axis',(-1.84889274661175E-32,9.86076131526265E-32,
-1.));
#9823=DIRECTION('ref_axis',(5.55111512312576E-17,-1.,-9.86076131526265E-32));
#9824=DIRECTION('center_axis',(-1.84889274661175E-32,9.86076131526265E-32,
-1.));
#9825=DIRECTION('ref_axis',(5.55111512312576E-17,-1.,-9.86076131526265E-32));
#9826=DIRECTION('center_axis',(-1.84889274661175E-32,9.86076131526265E-32,
-1.));
#9827=DIRECTION('ref_axis',(8.93729534823226E-15,-1.,-9.86076131526267E-32));
#9828=DIRECTION('center_axis',(-1.84889274661175E-32,9.86076131526265E-32,
-1.));
#9829=DIRECTION('ref_axis',(4.23517430276126E-15,-1.,-9.86076131526266E-32));
#9830=DIRECTION('center_axis',(1.84889274661175E-32,-9.86076131526265E-32,
1.));
#9831=DIRECTION('ref_axis',(0.504516781968886,0.863401885978806,7.58100249805845E-32));
#9832=DIRECTION('center_axis',(-1.84889274661175E-32,9.86076131526265E-32,
-1.));
#9833=DIRECTION('ref_axis',(0.901027997795931,0.433760933219967,2.61130890074867E-32));
#9834=DIRECTION('',(5.55111512312576E-17,-1.,-9.86076131526265E-32));
#9835=DIRECTION('center_axis',(-1.84889274661175E-32,9.86076131526265E-32,
-1.));
#9836=DIRECTION('ref_axis',(0.99999999999262,3.84181140991505E-6,-1.84885486341277E-32));
#9837=DIRECTION('center_axis',(1.84889274661175E-32,-9.86076131526265E-32,
1.));
#9838=DIRECTION('ref_axis',(-0.901030852831367,0.433755002560177,5.94306395782035E-32));
#9839=DIRECTION('center_axis',(-1.84889274661175E-32,9.86076131526265E-32,
-1.));
#9840=DIRECTION('ref_axis',(-0.504490651279965,0.863417154549941,9.44669958240517E-32));
#9841=DIRECTION('',(1.,5.55111512312576E-17,-1.84889274661175E-32));
#9842=DIRECTION('center_axis',(-1.84889274661175E-32,9.86076131526265E-32,
-1.));
#9843=DIRECTION('ref_axis',(3.31364931697187E-6,0.99999999999451,9.86075518862633E-32));
#9844=DIRECTION('center_axis',(1.84889274661175E-32,-9.86076131526265E-32,
1.));
#9845=DIRECTION('ref_axis',(-0.504517972959146,-0.863401190039251,-7.58099343355135E-32));
#9846=DIRECTION('center_axis',(-1.84889274661175E-32,9.86076131526265E-32,
-1.));
#9847=DIRECTION('ref_axis',(-0.901026284456518,-0.433764492228768,-2.61134716306579E-32));
#9848=DIRECTION('',(-5.55111512312576E-17,1.,9.86076131526265E-32));
#9849=DIRECTION('center_axis',(-1.84889274661175E-32,9.86076131526265E-32,
-1.));
#9850=DIRECTION('ref_axis',(-0.99999999999262,-3.84181143656105E-6,1.84885486341251E-32));
#9851=DIRECTION('center_axis',(1.84889274661175E-32,-9.86076131526265E-32,
1.));
#9852=DIRECTION('ref_axis',(0.901030449373743,-0.433755840653876,-5.94307147611241E-32));
#9853=DIRECTION('center_axis',(-1.84889274661175E-32,9.86076131526265E-32,
-1.));
#9854=DIRECTION('ref_axis',(0.504512505685048,-0.863404384751082,-9.44661406891762E-32));
#9855=DIRECTION('',(-1.,-5.55111512312576E-17,1.84889274661175E-32));
#9856=DIRECTION('center_axis',(-1.84889274661175E-32,9.86076131526265E-32,
-1.));
#9857=DIRECTION('ref_axis',(-1.45268932891915E-5,-0.999999999894485,-9.86073445555455E-32));
#9858=DIRECTION('center_axis',(-1.84889274661175E-32,9.86076131526265E-32,
-1.));
#9859=DIRECTION('ref_axis',(5.55111512312576E-17,-1.,-9.86076131526265E-32));
#9860=DIRECTION('center_axis',(-1.84889274661175E-32,9.86076131526265E-32,
-1.));
#9861=DIRECTION('ref_axis',(5.55111512312576E-17,-1.,-9.86076131526265E-32));
#9862=DIRECTION('center_axis',(-1.84889274661175E-32,9.86076131526265E-32,
-1.));
#9863=DIRECTION('ref_axis',(1.64798730217776E-17,-1.,-9.86076131526265E-32));
#9864=DIRECTION('center_axis',(-1.84889274661175E-32,9.86076131526265E-32,
-1.));
#9865=DIRECTION('ref_axis',(5.55111512312576E-17,-1.,-9.86076131526265E-32));
#9866=DIRECTION('center_axis',(1.84889274661175E-32,-9.86076131526265E-32,
1.));
#9867=DIRECTION('ref_axis',(0.901030449373743,-0.433755840653876,-5.94307147611241E-32));
#9868=DIRECTION('center_axis',(-1.84889274661175E-32,9.86076131526265E-32,
-1.));
#9869=DIRECTION('ref_axis',(0.504512505685048,-0.863404384751082,-9.44661406891762E-32));
#9870=DIRECTION('',(-0.999999999999802,6.29363849961364E-7,1.84889895261808E-32));
#9871=DIRECTION('center_axis',(-1.84889274661175E-32,9.86076131526265E-32,
-1.));
#9872=DIRECTION('ref_axis',(-5.31366277142687E-6,-0.999999999985882,-9.86075149073088E-32));
#9873=DIRECTION('center_axis',(1.84889274661175E-32,-9.86076131526265E-32,
1.));
#9874=DIRECTION('ref_axis',(0.504516781968886,0.863401885978806,7.58100249805845E-32));
#9875=DIRECTION('center_axis',(-1.84889274661175E-32,9.86076131526265E-32,
-1.));
#9876=DIRECTION('ref_axis',(0.901027997795931,0.433760933219967,2.61130890074867E-32));
#9877=DIRECTION('',(5.55111512312576E-17,-1.,-9.86076131526265E-32));
#9878=DIRECTION('center_axis',(-1.84889274661175E-32,9.86076131526265E-32,
-1.));
#9879=DIRECTION('ref_axis',(0.99999999999262,3.84181144189005E-6,-1.84885486341245E-32));
#9880=DIRECTION('center_axis',(1.84889274661175E-32,-9.86076131526265E-32,
1.));
#9881=DIRECTION('ref_axis',(-0.901031864884234,0.433752900236113,5.94304509848175E-32));
#9882=DIRECTION('center_axis',(-1.84889274661175E-32,9.86076131526265E-32,
-1.));
#9883=DIRECTION('ref_axis',(-0.504512505685048,0.863404384751082,9.44661406891762E-32));
#9884=DIRECTION('',(1.,5.55111512312576E-17,-1.84889274661175E-32));
#9885=DIRECTION('center_axis',(-1.84889274661175E-32,9.86076131526265E-32,
-1.));
#9886=DIRECTION('ref_axis',(3.31364930986687E-6,0.99999999999451,9.86075518862634E-32));
#9887=DIRECTION('center_axis',(1.84889274661175E-32,-9.86076131526265E-32,
1.));
#9888=DIRECTION('ref_axis',(-0.504518364573895,-0.863400961203821,-7.58099045300613E-32));
#9889=DIRECTION('center_axis',(-1.84889274661175E-32,9.86076131526265E-32,
-1.));
#9890=DIRECTION('ref_axis',(-0.901027997795931,-0.433760933219967,-2.61130890074867E-32));
#9891=DIRECTION('',(-5.55111512312576E-17,1.,9.86076131526265E-32));
#9892=DIRECTION('center_axis',(-1.84889274661175E-32,9.86076131526265E-32,
-1.));
#9893=DIRECTION('ref_axis',(-0.999999999998304,-1.84180866731307E-6,1.84887458497295E-32));
#9894=DIRECTION('center_axis',(-1.84889274661175E-32,9.86076131526265E-32,
-1.));
#9895=DIRECTION('ref_axis',(5.55111512312576E-17,-1.,-9.86076131526265E-32));
#9896=DIRECTION('center_axis',(-1.84889274661175E-32,9.86076131526265E-32,
-1.));
#9897=DIRECTION('ref_axis',(5.55111512312576E-17,-1.,-9.86076131526265E-32));
#9898=DIRECTION('center_axis',(-1.84889274661175E-32,9.86076131526265E-32,
-1.));
#9899=DIRECTION('ref_axis',(5.55111512312576E-17,-1.,-9.86076131526265E-32));
#9900=DIRECTION('center_axis',(-1.84889274661175E-32,9.86076131526265E-32,
-1.));
#9901=DIRECTION('ref_axis',(5.55111512312576E-17,-1.,-9.86076131526265E-32));
#9902=DIRECTION('center_axis',(-1.84889274661175E-32,9.86076131526265E-32,
-1.));
#9903=DIRECTION('ref_axis',(5.55111512312576E-17,-1.,-9.86076131526265E-32));
#9904=DIRECTION('center_axis',(-1.84889274661175E-32,9.86076131526265E-32,
-1.));
#9905=DIRECTION('ref_axis',(5.55111512312576E-17,-1.,-9.86076131526265E-32));
#9906=DIRECTION('center_axis',(-1.84889274661175E-32,9.86076131526265E-32,
-1.));
#9907=DIRECTION('ref_axis',(5.55111512312576E-17,-1.,-9.86076131526265E-32));
#9908=DIRECTION('center_axis',(1.84889274661175E-32,-9.86076131526265E-32,
1.));
#9909=DIRECTION('ref_axis',(0.504516781968886,0.863401885978806,7.58100249805845E-32));
#9910=DIRECTION('center_axis',(-1.84889274661175E-32,9.86076131526265E-32,
-1.));
#9911=DIRECTION('ref_axis',(0.901027997795931,0.433760933219967,2.61130890074867E-32));
#9912=DIRECTION('',(5.55111512312576E-17,-1.,-9.86076131526265E-32));
#9913=DIRECTION('center_axis',(-1.84889274661175E-32,9.86076131526265E-32,
-1.));
#9914=DIRECTION('ref_axis',(0.99999999999262,3.84181144899605E-6,-1.84885486341238E-32));
#9915=DIRECTION('center_axis',(1.84889274661175E-32,-9.86076131526265E-32,
1.));
#9916=DIRECTION('ref_axis',(-0.901030852831367,0.433755002560177,5.94306395782035E-32));
#9917=DIRECTION('center_axis',(-1.84889274661175E-32,9.86076131526265E-32,
-1.));
#9918=DIRECTION('ref_axis',(-0.504490651279965,0.863417154549941,9.44669958240517E-32));
#9919=DIRECTION('',(1.,5.55111512312576E-17,-1.84889274661175E-32));
#9920=DIRECTION('center_axis',(-1.84889274661175E-32,9.86076131526265E-32,
-1.));
#9921=DIRECTION('ref_axis',(3.31364931697187E-6,0.99999999999451,9.86075518862633E-32));
#9922=DIRECTION('center_axis',(1.84889274661175E-32,-9.86076131526265E-32,
1.));
#9923=DIRECTION('ref_axis',(-0.504517972959146,-0.863401190039251,-7.58099343355135E-32));
#9924=DIRECTION('center_axis',(-1.84889274661175E-32,9.86076131526265E-32,
-1.));
#9925=DIRECTION('ref_axis',(-0.901026284456518,-0.433764492228768,-2.61134716306579E-32));
#9926=DIRECTION('',(-5.55111512312576E-17,1.,9.86076131526265E-32));
#9927=DIRECTION('center_axis',(-1.84889274661175E-32,9.86076131526265E-32,
-1.));
#9928=DIRECTION('ref_axis',(-0.99999999999262,-3.84181144899605E-6,1.84885486341238E-32));
#9929=DIRECTION('center_axis',(1.84889274661175E-32,-9.86076131526265E-32,
1.));
#9930=DIRECTION('ref_axis',(0.901030449373743,-0.433755840653876,-5.94307147611241E-32));
#9931=DIRECTION('center_axis',(-1.84889274661175E-32,9.86076131526265E-32,
-1.));
#9932=DIRECTION('ref_axis',(0.504512505685048,-0.863404384751082,-9.44661406891762E-32));
#9933=DIRECTION('',(-0.999999999999802,6.29363849961364E-7,1.84889895261808E-32));
#9934=DIRECTION('center_axis',(-1.84889274661175E-32,9.86076131526265E-32,
-1.));
#9935=DIRECTION('ref_axis',(-5.31366276076886E-6,-0.999999999985882,-9.8607514907309E-32));
#9936=DIRECTION('center_axis',(-1.84889274661175E-32,9.86076131526265E-32,
-1.));
#9937=DIRECTION('ref_axis',(5.55111512312576E-17,-1.,-9.86076131526265E-32));
#9938=DIRECTION('center_axis',(-1.84889274661175E-32,9.86076131526265E-32,
-1.));
#9939=DIRECTION('ref_axis',(5.55111512312576E-17,-1.,-9.86076131526265E-32));
#9940=DIRECTION('center_axis',(-1.84889274661175E-32,9.86076131526265E-32,
-1.));
#9941=DIRECTION('ref_axis',(5.55111512312576E-17,-1.,-9.86076131526265E-32));
#9942=DIRECTION('center_axis',(-1.84889274661175E-32,9.86076131526265E-32,
-1.));
#9943=DIRECTION('ref_axis',(8.41483745429126E-15,-1.,-9.86076131526266E-32));
#9944=DIRECTION('center_axis',(-1.84889274661175E-32,9.86076131526265E-32,
-1.));
#9945=DIRECTION('ref_axis',(5.55111512312576E-17,-1.,-9.86076131526265E-32));
#9946=DIRECTION('center_axis',(-1.84889274661175E-32,9.86076131526265E-32,
-1.));
#9947=DIRECTION('ref_axis',(5.55111512312576E-17,-1.,-9.86076131526265E-32));
#9948=DIRECTION('center_axis',(-1.84889274661175E-32,9.86076131526265E-32,
-1.));
#9949=DIRECTION('ref_axis',(5.55111512312576E-17,-1.,-9.86076131526265E-32));
#9950=DIRECTION('center_axis',(1.84889274661175E-32,-9.86076131526265E-32,
1.));
#9951=DIRECTION('ref_axis',(0.901030449373743,-0.433755840653876,-5.94307147611241E-32));
#9952=DIRECTION('center_axis',(-1.84889274661175E-32,9.86076131526265E-32,
-1.));
#9953=DIRECTION('ref_axis',(0.504512505685048,-0.863404384751082,-9.44661406891762E-32));
#9954=DIRECTION('',(-0.999999999999802,6.29363851638264E-7,1.8488989526181E-32));
#9955=DIRECTION('center_axis',(-1.84889274661175E-32,9.86076131526265E-32,
-1.));
#9956=DIRECTION('ref_axis',(-5.31366277142687E-6,-0.999999999985882,-9.86075149073088E-32));
#9957=DIRECTION('center_axis',(1.84889274661175E-32,-9.86076131526265E-32,
1.));
#9958=DIRECTION('ref_axis',(0.504516781968886,0.863401885978806,7.58100249805845E-32));
#9959=DIRECTION('center_axis',(-1.84889274661175E-32,9.86076131526265E-32,
-1.));
#9960=DIRECTION('ref_axis',(0.901027997795931,0.433760933219967,2.61130890074867E-32));
#9961=DIRECTION('',(5.55111512312576E-17,-1.,-9.86076131526265E-32));
#9962=DIRECTION('center_axis',(-1.84889274661175E-32,9.86076131526265E-32,
-1.));
#9963=DIRECTION('ref_axis',(0.999999999998304,1.84180866198407E-6,-1.84887458497301E-32));
#9964=DIRECTION('center_axis',(1.84889274661175E-32,-9.86076131526265E-32,
1.));
#9965=DIRECTION('ref_axis',(-0.901030852831367,0.433755002560177,5.94306395782035E-32));
#9966=DIRECTION('center_axis',(-1.84889274661175E-32,9.86076131526265E-32,
-1.));
#9967=DIRECTION('ref_axis',(-0.504490651279965,0.863417154549941,9.44669958240517E-32));
#9968=DIRECTION('',(1.,5.55111512312576E-17,-1.84889274661175E-32));
#9969=DIRECTION('center_axis',(-1.84889274661175E-32,9.86076131526265E-32,
-1.));
#9970=DIRECTION('ref_axis',(3.31364931341987E-6,0.99999999999451,9.86075518862633E-32));
#9971=DIRECTION('center_axis',(1.84889274661175E-32,-9.86076131526265E-32,
1.));
#9972=DIRECTION('ref_axis',(-0.504518364573895,-0.863400961203821,-7.58099045300613E-32));
#9973=DIRECTION('center_axis',(-1.84889274661175E-32,9.86076131526265E-32,
-1.));
#9974=DIRECTION('ref_axis',(-0.901027997795931,-0.433760933219967,-2.61130890074867E-32));
#9975=DIRECTION('',(-5.55111512312576E-17,1.,9.86076131526265E-32));
#9976=DIRECTION('center_axis',(-1.84889274661175E-32,9.86076131526265E-32,
-1.));
#9977=DIRECTION('ref_axis',(-0.999999999998304,-1.84180866642507E-6,1.84887458497296E-32));
#9978=DIRECTION('center_axis',(-1.84889274661175E-32,9.86076131526265E-32,
-1.));
#9979=DIRECTION('ref_axis',(5.55111512312576E-17,-1.,-9.86076131526265E-32));
#9980=DIRECTION('center_axis',(-1.84889274661175E-32,9.86076131526265E-32,
-1.));
#9981=DIRECTION('ref_axis',(5.55111512312576E-17,-1.,-9.86076131526265E-32));
#9982=DIRECTION('center_axis',(-1.84889274661175E-32,9.86076131526265E-32,
-1.));
#9983=DIRECTION('ref_axis',(5.55111512312576E-17,-1.,-9.86076131526265E-32));
#9984=DIRECTION('center_axis',(-1.84889274661175E-32,9.86076131526265E-32,
-1.));
#9985=DIRECTION('ref_axis',(5.55111512312576E-17,-1.,-9.86076131526265E-32));
#9986=DIRECTION('center_axis',(1.84889274661175E-32,-9.86076131526265E-32,
1.));
#9987=DIRECTION('ref_axis',(0.901030449373743,-0.433755840653876,-5.94307147611241E-32));
#9988=DIRECTION('center_axis',(-1.84889274661175E-32,9.86076131526265E-32,
-1.));
#9989=DIRECTION('ref_axis',(0.504512505685048,-0.863404384751082,-9.44661406891762E-32));
#9990=DIRECTION('',(-0.999999999999802,6.29363851638264E-7,1.8488989526181E-32));
#9991=DIRECTION('center_axis',(-1.84889274661175E-32,9.86076131526265E-32,
-1.));
#9992=DIRECTION('ref_axis',(-5.31366276787386E-6,-0.999999999985882,-9.86075149073089E-32));
#9993=DIRECTION('center_axis',(1.84889274661175E-32,-9.86076131526265E-32,
1.));
#9994=DIRECTION('ref_axis',(0.504516781968886,0.863401885978806,7.58100249805845E-32));
#9995=DIRECTION('center_axis',(-1.84889274661175E-32,9.86076131526265E-32,
-1.));
#9996=DIRECTION('ref_axis',(0.901027997795931,0.433760933219967,2.61130890074867E-32));
#9997=DIRECTION('',(5.55111512312576E-17,-1.,-9.86076131526265E-32));
#9998=DIRECTION('center_axis',(-1.84889274661175E-32,9.86076131526265E-32,
-1.));
#9999=DIRECTION('ref_axis',(0.999999999998304,1.84180866731307E-6,-1.84887458497295E-32));
#10000=DIRECTION('center_axis',(1.84889274661175E-32,-9.86076131526265E-32,
1.));
#10001=DIRECTION('ref_axis',(-0.901031864884234,0.433752900236113,5.94304509848175E-32));
#10002=DIRECTION('center_axis',(-1.84889274661175E-32,9.86076131526265E-32,
-1.));
#10003=DIRECTION('ref_axis',(-0.504512505685048,0.863404384751082,9.44661406891762E-32));
#10004=DIRECTION('',(1.,5.55111512312576E-17,-1.84889274661175E-32));
#10005=DIRECTION('center_axis',(-1.84889274661175E-32,9.86076131526265E-32,
-1.));
#10006=DIRECTION('ref_axis',(3.31364931697187E-6,0.99999999999451,9.86075518862633E-32));
#10007=DIRECTION('center_axis',(1.84889274661175E-32,-9.86076131526265E-32,
1.));
#10008=DIRECTION('ref_axis',(-0.504517972959146,-0.863401190039251,-7.58099343355135E-32));
#10009=DIRECTION('center_axis',(-1.84889274661175E-32,9.86076131526265E-32,
-1.));
#10010=DIRECTION('ref_axis',(-0.901026284456518,-0.433764492228768,-2.61134716306579E-32));
#10011=DIRECTION('',(-5.55111512312576E-17,1.,9.86076131526265E-32));
#10012=DIRECTION('center_axis',(-1.84889274661175E-32,9.86076131526265E-32,
-1.));
#10013=DIRECTION('ref_axis',(-0.999999999998304,-1.84180866642507E-6,1.84887458497296E-32));
#10014=DIRECTION('center_axis',(-1.84889274661175E-32,9.86076131526265E-32,
-1.));
#10015=DIRECTION('ref_axis',(5.55111512312576E-17,-1.,-9.86076131526265E-32));
#10016=DIRECTION('center_axis',(-1.84889274661175E-32,9.86076131526265E-32,
-1.));
#10017=DIRECTION('ref_axis',(5.55111512312576E-17,-1.,-9.86076131526265E-32));
#10018=DIRECTION('center_axis',(-1.84889274661175E-32,9.86076131526265E-32,
-1.));
#10019=DIRECTION('ref_axis',(5.55111512312576E-17,-1.,-9.86076131526265E-32));
#10020=DIRECTION('center_axis',(-1.84889274661175E-32,9.86076131526265E-32,
-1.));
#10021=DIRECTION('ref_axis',(8.41483745429126E-15,-1.,-9.86076131526266E-32));
#10022=DIRECTION('center_axis',(-1.84889274661175E-32,9.86076131526265E-32,
-1.));
#10023=DIRECTION('ref_axis',(5.55111512312576E-17,-1.,-9.86076131526265E-32));
#10024=DIRECTION('center_axis',(-1.84889274661175E-32,9.86076131526265E-32,
-1.));
#10025=DIRECTION('ref_axis',(5.55111512312576E-17,-1.,-9.86076131526265E-32));
#10026=DIRECTION('center_axis',(-1.84889274661175E-32,9.86076131526265E-32,
-1.));
#10027=DIRECTION('ref_axis',(8.93729534823226E-15,-1.,-9.86076131526267E-32));
#10028=DIRECTION('center_axis',(-1.84889274661175E-32,9.86076131526265E-32,
-1.));
#10029=DIRECTION('ref_axis',(5.55111512312576E-17,-1.,-9.86076131526265E-32));
#10030=DIRECTION('center_axis',(-1.84889274661175E-32,9.86076131526265E-32,
-1.));
#10031=DIRECTION('ref_axis',(5.55111512312576E-17,-1.,-9.86076131526265E-32));
#10032=DIRECTION('center_axis',(-1.84889274661175E-32,9.86076131526265E-32,
-1.));
#10033=DIRECTION('ref_axis',(-5.29090660173424E-17,-1.,-9.86076131526265E-32));
#10034=DIRECTION('center_axis',(-1.84889274661175E-32,9.86076131526265E-32,
-1.));
#10035=DIRECTION('ref_axis',(5.55111512312576E-17,-1.,-9.86076131526265E-32));
#10036=DIRECTION('center_axis',(-1.84889274661175E-32,9.86076131526265E-32,
-1.));
#10037=DIRECTION('ref_axis',(5.55111512312576E-17,-1.,-9.86076131526265E-32));
#10038=DIRECTION('center_axis',(-1.84889274661175E-32,9.86076131526265E-32,
-1.));
#10039=DIRECTION('ref_axis',(5.55111512312576E-17,-1.,-9.86076131526265E-32));
#10040=DIRECTION('center_axis',(-1.84889274661175E-32,9.86076131526265E-32,
-1.));
#10041=DIRECTION('ref_axis',(5.55111512312576E-17,-1.,-9.86076131526265E-32));
#10042=DIRECTION('center_axis',(-1.84889274661175E-32,9.86076131526265E-32,
-1.));
#10043=DIRECTION('ref_axis',(5.55111512312576E-17,-1.,-9.86076131526265E-32));
#10044=DIRECTION('center_axis',(-1.84889274661175E-32,9.86076131526265E-32,
-1.));
#10045=DIRECTION('ref_axis',(5.55111512312576E-17,-1.,-9.86076131526265E-32));
#10046=DIRECTION('center_axis',(-1.84889274661175E-32,9.86076131526265E-32,
-1.));
#10047=DIRECTION('ref_axis',(5.55111512312576E-17,-1.,-9.86076131526265E-32));
#10048=DIRECTION('center_axis',(-1.84889274661175E-32,9.86076131526265E-32,
-1.));
#10049=DIRECTION('ref_axis',(5.55111512312576E-17,-1.,-9.86076131526265E-32));
#10050=DIRECTION('center_axis',(-1.84889274661175E-32,9.86076131526265E-32,
-1.));
#10051=DIRECTION('ref_axis',(5.55111512312576E-17,-1.,-9.86076131526265E-32));
#10052=DIRECTION('center_axis',(-1.84889274661175E-32,9.86076131526265E-32,
-1.));
#10053=DIRECTION('ref_axis',(5.55111512312576E-17,-1.,-9.86076131526265E-32));
#10054=DIRECTION('center_axis',(-1.84889274661175E-32,9.86076131526265E-32,
-1.));
#10055=DIRECTION('ref_axis',(5.55111512312576E-17,-1.,-9.86076131526265E-32));
#10056=DIRECTION('center_axis',(-1.84889274661175E-32,9.86076131526265E-32,
-1.));
#10057=DIRECTION('ref_axis',(5.55111512312576E-17,-1.,-9.86076131526265E-32));
#10058=DIRECTION('center_axis',(-1.84889274661175E-32,9.86076131526265E-32,
-1.));
#10059=DIRECTION('ref_axis',(5.55111512312576E-17,-1.,-9.86076131526265E-32));
#10060=DIRECTION('center_axis',(-1.84889274661175E-32,9.86076131526265E-32,
-1.));
#10061=DIRECTION('ref_axis',(5.55111512312576E-17,-1.,-9.86076131526265E-32));
#10062=DIRECTION('center_axis',(-1.84889274661175E-32,9.86076131526265E-32,
-1.));
#10063=DIRECTION('ref_axis',(5.55111512312576E-17,-1.,-9.86076131526265E-32));
#10064=DIRECTION('center_axis',(-1.84889274661175E-32,9.86076131526265E-32,
-1.));
#10065=DIRECTION('ref_axis',(5.55111512312576E-17,-1.,-9.86076131526265E-32));
#10066=DIRECTION('center_axis',(-1.84889274661175E-32,9.86076131526265E-32,
-1.));
#10067=DIRECTION('ref_axis',(5.55111512312576E-17,-1.,-9.86076131526265E-32));
#10068=DIRECTION('center_axis',(-1.84889274661175E-32,9.86076131526265E-32,
-1.));
#10069=DIRECTION('ref_axis',(5.55111512312576E-17,-1.,-9.86076131526265E-32));
#10070=DIRECTION('center_axis',(-1.84889274661175E-32,9.86076131526265E-32,
-1.));
#10071=DIRECTION('ref_axis',(5.55111512312576E-17,-1.,-9.86076131526265E-32));
#10072=DIRECTION('',(1.,5.55111512312576E-17,-1.84889274661175E-32));
#10073=DIRECTION('center_axis',(-1.84889274661175E-32,9.86076131526265E-32,
-1.));
#10074=DIRECTION('ref_axis',(-5.55111512312576E-17,1.,9.86076131526265E-32));
#10075=DIRECTION('',(-1.,-5.55111512312576E-17,1.84889274661175E-32));
#10076=DIRECTION('center_axis',(-1.84889274661175E-32,9.86076131526265E-32,
-1.));
#10077=DIRECTION('ref_axis',(5.55111512312576E-17,-1.,-9.86076131526265E-32));
#10078=DIRECTION('center_axis',(-1.84889274661175E-32,9.86076131526265E-32,
-1.));
#10079=DIRECTION('ref_axis',(5.55111512312576E-17,-1.,-9.86076131526265E-32));
#10080=DIRECTION('center_axis',(-1.84889274661175E-32,9.86076131526265E-32,
-1.));
#10081=DIRECTION('ref_axis',(5.55111512312576E-17,-1.,-9.86076131526265E-32));
#10082=DIRECTION('center_axis',(-1.84889274661175E-32,9.86076131526265E-32,
-1.));
#10083=DIRECTION('ref_axis',(5.55111512312576E-17,-1.,-9.86076131526265E-32));
#10084=DIRECTION('center_axis',(-1.84889274661175E-32,9.86076131526265E-32,
-1.));
#10085=DIRECTION('ref_axis',(5.55111512312576E-17,-1.,-9.86076131526265E-32));
#10086=DIRECTION('center_axis',(-1.84889274661175E-32,9.86076131526265E-32,
-1.));
#10087=DIRECTION('ref_axis',(5.55111512312576E-17,-1.,-9.86076131526265E-32));
#10088=DIRECTION('center_axis',(-1.84889274661175E-32,9.86076131526265E-32,
-1.));
#10089=DIRECTION('ref_axis',(5.55111512312576E-17,-1.,-9.86076131526265E-32));
#10090=DIRECTION('center_axis',(-1.84889274661175E-32,9.86076131526265E-32,
-1.));
#10091=DIRECTION('ref_axis',(5.55111512312576E-17,-1.,-9.86076131526265E-32));
#10092=DIRECTION('center_axis',(-1.84889274661175E-32,9.86076131526265E-32,
-1.));
#10093=DIRECTION('ref_axis',(5.55111512312576E-17,-1.,-9.86076131526265E-32));
#10094=DIRECTION('center_axis',(-1.84889274661175E-32,9.86076131526265E-32,
-1.));
#10095=DIRECTION('ref_axis',(5.55111512312576E-17,-1.,-9.86076131526265E-32));
#10096=DIRECTION('center_axis',(-1.84889274661175E-32,9.86076131526265E-32,
-1.));
#10097=DIRECTION('ref_axis',(5.55111512312576E-17,-1.,-9.86076131526265E-32));
#10098=DIRECTION('center_axis',(-1.84889274661175E-32,9.86076131526265E-32,
-1.));
#10099=DIRECTION('ref_axis',(5.55111512312576E-17,-1.,-9.86076131526265E-32));
#10100=DIRECTION('',(1.,5.55111512312576E-17,-1.84889274661175E-32));
#10101=DIRECTION('center_axis',(-1.84889274661175E-32,9.86076131526265E-32,
-1.));
#10102=DIRECTION('ref_axis',(-5.55111512312576E-17,1.,9.86076131526265E-32));
#10103=DIRECTION('',(-1.,-5.55111512312576E-17,1.84889274661175E-32));
#10104=DIRECTION('center_axis',(1.84889274661175E-32,-9.86076131526265E-32,
1.));
#10105=DIRECTION('ref_axis',(1.,5.55111512312576E-17,-1.84889274661175E-32));
#10106=DIRECTION('',(1.,5.55111512312576E-17,-1.84889274661175E-32));
#10107=DIRECTION('center_axis',(1.84889274661175E-32,-9.86076131526265E-32,
1.));
#10108=DIRECTION('ref_axis',(0.901030449373743,-0.433755840653876,-5.94307147611241E-32));
#10109=DIRECTION('center_axis',(-1.84889274661175E-32,9.86076131526265E-32,
-1.));
#10110=DIRECTION('ref_axis',(-0.999999999998304,-1.84180860336207E-6,1.84887458497358E-32));
#10111=DIRECTION('',(-5.55111512312576E-17,1.,9.86076131526265E-32));
#10112=DIRECTION('center_axis',(-1.84889274661175E-32,9.86076131526265E-32,
-1.));
#10113=DIRECTION('ref_axis',(-0.901027997795931,-0.433760933219967,-2.61130890074867E-32));
#10114=DIRECTION('center_axis',(1.84889274661175E-32,-9.86076131526265E-32,
1.));
#10115=DIRECTION('ref_axis',(-0.504518364573895,-0.863400961203821,-7.58099045300613E-32));
#10116=DIRECTION('center_axis',(-1.84889274661175E-32,9.86076131526265E-32,
-1.));
#10117=DIRECTION('ref_axis',(3.31364931697187E-6,0.99999999999451,9.86075518862633E-32));
#10118=DIRECTION('',(1.,5.55111512312576E-17,-1.84889274661175E-32));
#10119=DIRECTION('center_axis',(-1.84889274661175E-32,9.86076131526265E-32,
-1.));
#10120=DIRECTION('ref_axis',(-0.504512505685048,0.863404384751082,9.44661406891762E-32));
#10121=DIRECTION('center_axis',(1.84889274661175E-32,-9.86076131526265E-32,
1.));
#10122=DIRECTION('ref_axis',(-0.901031864884234,0.433752900236113,5.94304509848175E-32));
#10123=DIRECTION('center_axis',(-1.84889274661175E-32,9.86076131526265E-32,
-1.));
#10124=DIRECTION('ref_axis',(0.99999999999262,3.84181143478505E-6,-1.84885486341252E-32));
#10125=DIRECTION('',(5.55111512312576E-17,-1.,-9.86076131526265E-32));
#10126=DIRECTION('center_axis',(-1.84889274661175E-32,9.86076131526265E-32,
-1.));
#10127=DIRECTION('ref_axis',(0.901027997795931,0.433760933219967,2.61130890074867E-32));
#10128=DIRECTION('center_axis',(1.84889274661175E-32,-9.86076131526265E-32,
1.));
#10129=DIRECTION('ref_axis',(0.504516781968886,0.863401885978806,7.58100249805845E-32));
#10130=DIRECTION('center_axis',(-1.84889274661175E-32,9.86076131526265E-32,
-1.));
#10131=DIRECTION('ref_axis',(-5.31366277497986E-6,-0.999999999985882,-9.86075149073087E-32));
#10132=DIRECTION('',(-0.999999999999802,6.29363849961364E-7,1.84889895261808E-32));
#10133=DIRECTION('center_axis',(-1.84889274661175E-32,9.86076131526265E-32,
-1.));
#10134=DIRECTION('ref_axis',(0.504512505685048,-0.863404384751082,-9.44661406891762E-32));
#10135=DIRECTION('center_axis',(-1.84889274661175E-32,9.86076131526265E-32,
-1.));
#10136=DIRECTION('ref_axis',(5.55111512312576E-17,-1.,-9.86076131526265E-32));
#10137=DIRECTION('center_axis',(-1.84889274661175E-32,9.86076131526265E-32,
-1.));
#10138=DIRECTION('ref_axis',(5.55111512312576E-17,-1.,-9.86076131526265E-32));
#10139=DIRECTION('center_axis',(-1.84889274661175E-32,9.86076131526265E-32,
-1.));
#10140=DIRECTION('ref_axis',(8.93729534823226E-15,-1.,-9.86076131526267E-32));
#10141=DIRECTION('center_axis',(-1.84889274661175E-32,9.86076131526265E-32,
-1.));
#10142=DIRECTION('ref_axis',(4.23517430276126E-15,-1.,-9.86076131526266E-32));
#10143=DIRECTION('center_axis',(-1.84889274661175E-32,9.86076131526265E-32,
-1.));
#10144=DIRECTION('ref_axis',(5.55111512312576E-17,-1.,-9.86076131526265E-32));
#10145=DIRECTION('center_axis',(-1.84889274661175E-32,9.86076131526265E-32,
-1.));
#10146=DIRECTION('ref_axis',(5.55111512312576E-17,-1.,-9.86076131526265E-32));
#10147=DIRECTION('center_axis',(-1.84889274661175E-32,9.86076131526265E-32,
-1.));
#10148=DIRECTION('ref_axis',(8.93729534823226E-15,-1.,-9.86076131526267E-32));
#10149=DIRECTION('center_axis',(1.84889274661175E-32,-9.86076131526265E-32,
1.));
#10150=DIRECTION('ref_axis',(0.901030449373743,-0.433755840653876,-5.94307147611241E-32));
#10151=DIRECTION('center_axis',(-1.84889274661175E-32,9.86076131526265E-32,
-1.));
#10152=DIRECTION('ref_axis',(-0.999999999998304,-1.84180866020707E-6,1.84887458497302E-32));
#10153=DIRECTION('',(-5.55111512312576E-17,1.,9.86076131526265E-32));
#10154=DIRECTION('center_axis',(-1.84889274661175E-32,9.86076131526265E-32,
-1.));
#10155=DIRECTION('ref_axis',(-0.901027997795931,-0.433760933219967,-2.61130890074867E-32));
#10156=DIRECTION('center_axis',(1.84889274661175E-32,-9.86076131526265E-32,
1.));
#10157=DIRECTION('ref_axis',(-0.504518364573895,-0.863400961203821,-7.58099045300613E-32));
#10158=DIRECTION('center_axis',(-1.84889274661175E-32,9.86076131526265E-32,
-1.));
#10159=DIRECTION('ref_axis',(3.31364931697187E-6,0.99999999999451,9.86075518862633E-32));
#10160=DIRECTION('',(1.,5.55111512312576E-17,-1.84889274661175E-32));
#10161=DIRECTION('center_axis',(-1.84889274661175E-32,9.86076131526265E-32,
-1.));
#10162=DIRECTION('ref_axis',(-0.504512505685048,0.863404384751082,9.44661406891762E-32));
#10163=DIRECTION('center_axis',(1.84889274661175E-32,-9.86076131526265E-32,
1.));
#10164=DIRECTION('ref_axis',(-0.901031864884234,0.433752900236113,5.94304509848175E-32));
#10165=DIRECTION('center_axis',(-1.84889274661175E-32,9.86076131526265E-32,
-1.));
#10166=DIRECTION('ref_axis',(0.999999999998304,1.84180863889007E-6,-1.84887458497323E-32));
#10167=DIRECTION('',(5.55111512312576E-17,-1.,-9.86076131526265E-32));
#10168=DIRECTION('center_axis',(-1.84889274661175E-32,9.86076131526265E-32,
-1.));
#10169=DIRECTION('ref_axis',(0.901027997795931,0.433760933219967,2.61130890074867E-32));
#10170=DIRECTION('center_axis',(1.84889274661175E-32,-9.86076131526265E-32,
1.));
#10171=DIRECTION('ref_axis',(0.504516781968886,0.863401885978806,7.58100249805845E-32));
#10172=DIRECTION('center_axis',(-1.84889274661175E-32,9.86076131526265E-32,
-1.));
#10173=DIRECTION('ref_axis',(-5.31366276787386E-6,-0.999999999985882,-9.86075149073089E-32));
#10174=DIRECTION('',(-0.999999999999802,6.29363849961364E-7,1.84889895261808E-32));
#10175=DIRECTION('center_axis',(-1.84889274661175E-32,9.86076131526265E-32,
-1.));
#10176=DIRECTION('ref_axis',(0.504512505685048,-0.863404384751082,-9.44661406891762E-32));
#10177=DIRECTION('center_axis',(-1.84889274661175E-32,9.86076131526265E-32,
-1.));
#10178=DIRECTION('ref_axis',(5.55111512312576E-17,-1.,-9.86076131526265E-32));
#10179=DIRECTION('center_axis',(-1.84889274661175E-32,9.86076131526265E-32,
-1.));
#10180=DIRECTION('ref_axis',(5.55111512312576E-17,-1.,-9.86076131526265E-32));
#10181=DIRECTION('center_axis',(-1.84889274661175E-32,9.86076131526265E-32,
-1.));
#10182=DIRECTION('ref_axis',(-8.76035355368424E-17,-1.,-9.86076131526265E-32));
#10183=DIRECTION('center_axis',(-1.84889274661175E-32,9.86076131526265E-32,
-1.));
#10184=DIRECTION('ref_axis',(5.55111512312576E-17,-1.,-9.86076131526265E-32));
#10185=DIRECTION('center_axis',(-1.84889274661175E-32,9.86076131526265E-32,
-1.));
#10186=DIRECTION('ref_axis',(5.55111512312576E-17,-1.,-9.86076131526265E-32));
#10187=DIRECTION('center_axis',(-1.84889274661175E-32,9.86076131526265E-32,
-1.));
#10188=DIRECTION('ref_axis',(5.55111512312576E-17,-1.,-9.86076131526265E-32));
#10189=DIRECTION('center_axis',(-1.84889274661175E-32,9.86076131526265E-32,
-1.));
#10190=DIRECTION('ref_axis',(1.64798730217776E-17,-1.,-9.86076131526265E-32));
#10191=DIRECTION('center_axis',(1.84889274661175E-32,-9.86076131526265E-32,
1.));
#10192=DIRECTION('ref_axis',(0.901030449373743,-0.433755840653876,-5.94307147611241E-32));
#10193=DIRECTION('center_axis',(-1.84889274661175E-32,9.86076131526265E-32,
-1.));
#10194=DIRECTION('ref_axis',(-0.999999999998304,-1.84180860513907E-6,1.84887458497357E-32));
#10195=DIRECTION('',(-5.55111512312576E-17,1.,9.86076131526265E-32));
#10196=DIRECTION('center_axis',(-1.84889274661175E-32,9.86076131526265E-32,
-1.));
#10197=DIRECTION('ref_axis',(-0.901027997795931,-0.433760933219967,-2.61130890074867E-32));
#10198=DIRECTION('center_axis',(1.84889274661175E-32,-9.86076131526265E-32,
1.));
#10199=DIRECTION('ref_axis',(-0.504518364573895,-0.863400961203821,-7.58099045300613E-32));
#10200=DIRECTION('center_axis',(-1.84889274661175E-32,9.86076131526265E-32,
-1.));
#10201=DIRECTION('ref_axis',(3.31364931697187E-6,0.99999999999451,9.86075518862633E-32));
#10202=DIRECTION('',(1.,5.55111512312576E-17,-1.84889274661175E-32));
#10203=DIRECTION('center_axis',(-1.84889274661175E-32,9.86076131526265E-32,
-1.));
#10204=DIRECTION('ref_axis',(-0.504512505685048,0.863404384751082,9.44661406891762E-32));
#10205=DIRECTION('center_axis',(1.84889274661175E-32,-9.86076131526265E-32,
1.));
#10206=DIRECTION('ref_axis',(-0.901031864884234,0.433752900236113,5.94304509848175E-32));
#10207=DIRECTION('center_axis',(-1.84889274661175E-32,9.86076131526265E-32,
-1.));
#10208=DIRECTION('ref_axis',(0.999999999998304,1.84180865310207E-6,-1.84887458497309E-32));
#10209=DIRECTION('',(5.55111512312576E-17,-1.,-9.86076131526265E-32));
#10210=DIRECTION('center_axis',(-1.84889274661175E-32,9.86076131526265E-32,
-1.));
#10211=DIRECTION('ref_axis',(0.901027997795931,0.433760933219967,2.61130890074867E-32));
#10212=DIRECTION('center_axis',(1.84889274661175E-32,-9.86076131526265E-32,
1.));
#10213=DIRECTION('ref_axis',(0.504516781968886,0.863401885978806,7.58100249805845E-32));
#10214=DIRECTION('center_axis',(-1.84889274661175E-32,9.86076131526265E-32,
-1.));
#10215=DIRECTION('ref_axis',(-5.31366277497986E-6,-0.999999999985882,-9.86075149073087E-32));
#10216=DIRECTION('',(-0.999999999999802,6.29363851638264E-7,1.8488989526181E-32));
#10217=DIRECTION('center_axis',(-1.84889274661175E-32,9.86076131526265E-32,
-1.));
#10218=DIRECTION('ref_axis',(0.504512505685048,-0.863404384751082,-9.44661406891762E-32));
#10219=DIRECTION('center_axis',(-1.84889274661175E-32,9.86076131526265E-32,
-1.));
#10220=DIRECTION('ref_axis',(5.55111512312576E-17,-1.,-9.86076131526265E-32));
#10221=DIRECTION('center_axis',(-1.84889274661175E-32,9.86076131526265E-32,
-1.));
#10222=DIRECTION('ref_axis',(5.55111512312576E-17,-1.,-9.86076131526265E-32));
#10223=DIRECTION('center_axis',(-1.84889274661175E-32,9.86076131526265E-32,
-1.));
#10224=DIRECTION('ref_axis',(8.93729534823226E-15,-1.,-9.86076131526267E-32));
#10225=DIRECTION('center_axis',(-1.84889274661175E-32,9.86076131526265E-32,
-1.));
#10226=DIRECTION('ref_axis',(4.23517430276126E-15,-1.,-9.86076131526266E-32));
#10227=DIRECTION('center_axis',(1.84889274661175E-32,-9.86076131526265E-32,
1.));
#10228=DIRECTION('ref_axis',(0.504516781968886,0.863401885978806,7.58100249805845E-32));
#10229=DIRECTION('center_axis',(-1.84889274661175E-32,9.86076131526265E-32,
-1.));
#10230=DIRECTION('ref_axis',(-1.45268932891915E-5,-0.999999999894485,-9.86073445555455E-32));
#10231=DIRECTION('',(-1.,-5.55111512312576E-17,1.84889274661175E-32));
#10232=DIRECTION('center_axis',(-1.84889274661175E-32,9.86076131526265E-32,
-1.));
#10233=DIRECTION('ref_axis',(0.504512505685048,-0.863404384751082,-9.44661406891762E-32));
#10234=DIRECTION('center_axis',(1.84889274661175E-32,-9.86076131526265E-32,
1.));
#10235=DIRECTION('ref_axis',(0.901030449373743,-0.433755840653876,-5.94307147611241E-32));
#10236=DIRECTION('center_axis',(-1.84889274661175E-32,9.86076131526265E-32,
-1.));
#10237=DIRECTION('ref_axis',(-0.99999999999262,-3.84181143656105E-6,1.84885486341251E-32));
#10238=DIRECTION('',(-5.55111512312576E-17,1.,9.86076131526265E-32));
#10239=DIRECTION('center_axis',(-1.84889274661175E-32,9.86076131526265E-32,
-1.));
#10240=DIRECTION('ref_axis',(-0.901026284456518,-0.433764492228768,-2.61134716306579E-32));
#10241=DIRECTION('center_axis',(1.84889274661175E-32,-9.86076131526265E-32,
1.));
#10242=DIRECTION('ref_axis',(-0.504517972959146,-0.863401190039251,-7.58099343355135E-32));
#10243=DIRECTION('center_axis',(-1.84889274661175E-32,9.86076131526265E-32,
-1.));
#10244=DIRECTION('ref_axis',(3.31364931697187E-6,0.99999999999451,9.86075518862633E-32));
#10245=DIRECTION('',(1.,5.55111512312576E-17,-1.84889274661175E-32));
#10246=DIRECTION('center_axis',(-1.84889274661175E-32,9.86076131526265E-32,
-1.));
#10247=DIRECTION('ref_axis',(-0.504490651279965,0.863417154549941,9.44669958240517E-32));
#10248=DIRECTION('center_axis',(1.84889274661175E-32,-9.86076131526265E-32,
1.));
#10249=DIRECTION('ref_axis',(-0.901030852831367,0.433755002560177,5.94306395782035E-32));
#10250=DIRECTION('center_axis',(-1.84889274661175E-32,9.86076131526265E-32,
-1.));
#10251=DIRECTION('ref_axis',(0.99999999999262,3.84181140991505E-6,-1.84885486341277E-32));
#10252=DIRECTION('',(5.55111512312576E-17,-1.,-9.86076131526265E-32));
#10253=DIRECTION('center_axis',(-1.84889274661175E-32,9.86076131526265E-32,
-1.));
#10254=DIRECTION('ref_axis',(0.901027997795931,0.433760933219967,2.61130890074867E-32));
#10255=DIRECTION('center_axis',(-1.84889274661175E-32,9.86076131526265E-32,
-1.));
#10256=DIRECTION('ref_axis',(5.55111512312576E-17,-1.,-9.86076131526265E-32));
#10257=DIRECTION('center_axis',(-1.84889274661175E-32,9.86076131526265E-32,
-1.));
#10258=DIRECTION('ref_axis',(5.55111512312576E-17,-1.,-9.86076131526265E-32));
#10259=DIRECTION('center_axis',(-1.84889274661175E-32,9.86076131526265E-32,
-1.));
#10260=DIRECTION('ref_axis',(1.64798730217776E-17,-1.,-9.86076131526265E-32));
#10261=DIRECTION('center_axis',(-1.84889274661175E-32,9.86076131526265E-32,
-1.));
#10262=DIRECTION('ref_axis',(5.55111512312576E-17,-1.,-9.86076131526265E-32));
#10263=DIRECTION('center_axis',(1.84889274661175E-32,-9.86076131526265E-32,
1.));
#10264=DIRECTION('ref_axis',(0.901030449373743,-0.433755840653876,-5.94307147611241E-32));
#10265=DIRECTION('center_axis',(-1.84889274661175E-32,9.86076131526265E-32,
-1.));
#10266=DIRECTION('ref_axis',(-0.999999999998304,-1.84180866731307E-6,1.84887458497295E-32));
#10267=DIRECTION('',(-5.55111512312576E-17,1.,9.86076131526265E-32));
#10268=DIRECTION('center_axis',(-1.84889274661175E-32,9.86076131526265E-32,
-1.));
#10269=DIRECTION('ref_axis',(-0.901027997795931,-0.433760933219967,-2.61130890074867E-32));
#10270=DIRECTION('center_axis',(1.84889274661175E-32,-9.86076131526265E-32,
1.));
#10271=DIRECTION('ref_axis',(-0.504518364573895,-0.863400961203821,-7.58099045300613E-32));
#10272=DIRECTION('center_axis',(-1.84889274661175E-32,9.86076131526265E-32,
-1.));
#10273=DIRECTION('ref_axis',(3.31364930986687E-6,0.99999999999451,9.86075518862634E-32));
#10274=DIRECTION('',(1.,5.55111512312576E-17,-1.84889274661175E-32));
#10275=DIRECTION('center_axis',(-1.84889274661175E-32,9.86076131526265E-32,
-1.));
#10276=DIRECTION('ref_axis',(-0.504512505685048,0.863404384751082,9.44661406891762E-32));
#10277=DIRECTION('center_axis',(1.84889274661175E-32,-9.86076131526265E-32,
1.));
#10278=DIRECTION('ref_axis',(-0.901031864884234,0.433752900236113,5.94304509848175E-32));
#10279=DIRECTION('center_axis',(-1.84889274661175E-32,9.86076131526265E-32,
-1.));
#10280=DIRECTION('ref_axis',(0.99999999999262,3.84181144189005E-6,-1.84885486341245E-32));
#10281=DIRECTION('',(5.55111512312576E-17,-1.,-9.86076131526265E-32));
#10282=DIRECTION('center_axis',(-1.84889274661175E-32,9.86076131526265E-32,
-1.));
#10283=DIRECTION('ref_axis',(0.901027997795931,0.433760933219967,2.61130890074867E-32));
#10284=DIRECTION('center_axis',(1.84889274661175E-32,-9.86076131526265E-32,
1.));
#10285=DIRECTION('ref_axis',(0.504516781968886,0.863401885978806,7.58100249805845E-32));
#10286=DIRECTION('center_axis',(-1.84889274661175E-32,9.86076131526265E-32,
-1.));
#10287=DIRECTION('ref_axis',(-5.31366277142687E-6,-0.999999999985882,-9.86075149073088E-32));
#10288=DIRECTION('',(-0.999999999999802,6.29363849961364E-7,1.84889895261808E-32));
#10289=DIRECTION('center_axis',(-1.84889274661175E-32,9.86076131526265E-32,
-1.));
#10290=DIRECTION('ref_axis',(0.504512505685048,-0.863404384751082,-9.44661406891762E-32));
#10291=DIRECTION('center_axis',(-1.84889274661175E-32,9.86076131526265E-32,
-1.));
#10292=DIRECTION('ref_axis',(5.55111512312576E-17,-1.,-9.86076131526265E-32));
#10293=DIRECTION('center_axis',(-1.84889274661175E-32,9.86076131526265E-32,
-1.));
#10294=DIRECTION('ref_axis',(5.55111512312576E-17,-1.,-9.86076131526265E-32));
#10295=DIRECTION('center_axis',(-1.84889274661175E-32,9.86076131526265E-32,
-1.));
#10296=DIRECTION('ref_axis',(5.55111512312576E-17,-1.,-9.86076131526265E-32));
#10297=DIRECTION('center_axis',(-1.84889274661175E-32,9.86076131526265E-32,
-1.));
#10298=DIRECTION('ref_axis',(5.55111512312576E-17,-1.,-9.86076131526265E-32));
#10299=DIRECTION('center_axis',(-1.84889274661175E-32,9.86076131526265E-32,
-1.));
#10300=DIRECTION('ref_axis',(5.55111512312576E-17,-1.,-9.86076131526265E-32));
#10301=DIRECTION('center_axis',(-1.84889274661175E-32,9.86076131526265E-32,
-1.));
#10302=DIRECTION('ref_axis',(5.55111512312576E-17,-1.,-9.86076131526265E-32));
#10303=DIRECTION('center_axis',(-1.84889274661175E-32,9.86076131526265E-32,
-1.));
#10304=DIRECTION('ref_axis',(5.55111512312576E-17,-1.,-9.86076131526265E-32));
#10305=DIRECTION('center_axis',(1.84889274661175E-32,-9.86076131526265E-32,
1.));
#10306=DIRECTION('ref_axis',(0.504516781968886,0.863401885978806,7.58100249805845E-32));
#10307=DIRECTION('center_axis',(-1.84889274661175E-32,9.86076131526265E-32,
-1.));
#10308=DIRECTION('ref_axis',(-5.31366276076886E-6,-0.999999999985882,-9.8607514907309E-32));
#10309=DIRECTION('',(-0.999999999999802,6.29363849961364E-7,1.84889895261808E-32));
#10310=DIRECTION('center_axis',(-1.84889274661175E-32,9.86076131526265E-32,
-1.));
#10311=DIRECTION('ref_axis',(0.504512505685048,-0.863404384751082,-9.44661406891762E-32));
#10312=DIRECTION('center_axis',(1.84889274661175E-32,-9.86076131526265E-32,
1.));
#10313=DIRECTION('ref_axis',(0.901030449373743,-0.433755840653876,-5.94307147611241E-32));
#10314=DIRECTION('center_axis',(-1.84889274661175E-32,9.86076131526265E-32,
-1.));
#10315=DIRECTION('ref_axis',(-0.99999999999262,-3.84181144899605E-6,1.84885486341238E-32));
#10316=DIRECTION('',(-5.55111512312576E-17,1.,9.86076131526265E-32));
#10317=DIRECTION('center_axis',(-1.84889274661175E-32,9.86076131526265E-32,
-1.));
#10318=DIRECTION('ref_axis',(-0.901026284456518,-0.433764492228768,-2.61134716306579E-32));
#10319=DIRECTION('center_axis',(1.84889274661175E-32,-9.86076131526265E-32,
1.));
#10320=DIRECTION('ref_axis',(-0.504517972959146,-0.863401190039251,-7.58099343355135E-32));
#10321=DIRECTION('center_axis',(-1.84889274661175E-32,9.86076131526265E-32,
-1.));
#10322=DIRECTION('ref_axis',(3.31364931697187E-6,0.99999999999451,9.86075518862633E-32));
#10323=DIRECTION('',(1.,5.55111512312576E-17,-1.84889274661175E-32));
#10324=DIRECTION('center_axis',(-1.84889274661175E-32,9.86076131526265E-32,
-1.));
#10325=DIRECTION('ref_axis',(-0.504490651279965,0.863417154549941,9.44669958240517E-32));
#10326=DIRECTION('center_axis',(1.84889274661175E-32,-9.86076131526265E-32,
1.));
#10327=DIRECTION('ref_axis',(-0.901030852831367,0.433755002560177,5.94306395782035E-32));
#10328=DIRECTION('center_axis',(-1.84889274661175E-32,9.86076131526265E-32,
-1.));
#10329=DIRECTION('ref_axis',(0.99999999999262,3.84181144899605E-6,-1.84885486341238E-32));
#10330=DIRECTION('',(5.55111512312576E-17,-1.,-9.86076131526265E-32));
#10331=DIRECTION('center_axis',(-1.84889274661175E-32,9.86076131526265E-32,
-1.));
#10332=DIRECTION('ref_axis',(0.901027997795931,0.433760933219967,2.61130890074867E-32));
#10333=DIRECTION('center_axis',(-1.84889274661175E-32,9.86076131526265E-32,
-1.));
#10334=DIRECTION('ref_axis',(5.55111512312576E-17,-1.,-9.86076131526265E-32));
#10335=DIRECTION('center_axis',(-1.84889274661175E-32,9.86076131526265E-32,
-1.));
#10336=DIRECTION('ref_axis',(5.55111512312576E-17,-1.,-9.86076131526265E-32));
#10337=DIRECTION('center_axis',(-1.84889274661175E-32,9.86076131526265E-32,
-1.));
#10338=DIRECTION('ref_axis',(5.55111512312576E-17,-1.,-9.86076131526265E-32));
#10339=DIRECTION('center_axis',(-1.84889274661175E-32,9.86076131526265E-32,
-1.));
#10340=DIRECTION('ref_axis',(8.41483745429126E-15,-1.,-9.86076131526266E-32));
#10341=DIRECTION('center_axis',(-1.84889274661175E-32,9.86076131526265E-32,
-1.));
#10342=DIRECTION('ref_axis',(5.55111512312576E-17,-1.,-9.86076131526265E-32));
#10343=DIRECTION('center_axis',(-1.84889274661175E-32,9.86076131526265E-32,
-1.));
#10344=DIRECTION('ref_axis',(5.55111512312576E-17,-1.,-9.86076131526265E-32));
#10345=DIRECTION('center_axis',(-1.84889274661175E-32,9.86076131526265E-32,
-1.));
#10346=DIRECTION('ref_axis',(5.55111512312576E-17,-1.,-9.86076131526265E-32));
#10347=DIRECTION('center_axis',(1.84889274661175E-32,-9.86076131526265E-32,
1.));
#10348=DIRECTION('ref_axis',(0.901030449373743,-0.433755840653876,-5.94307147611241E-32));
#10349=DIRECTION('center_axis',(-1.84889274661175E-32,9.86076131526265E-32,
-1.));
#10350=DIRECTION('ref_axis',(-0.999999999998304,-1.84180866642507E-6,1.84887458497296E-32));
#10351=DIRECTION('',(-5.55111512312576E-17,1.,9.86076131526265E-32));
#10352=DIRECTION('center_axis',(-1.84889274661175E-32,9.86076131526265E-32,
-1.));
#10353=DIRECTION('ref_axis',(-0.901027997795931,-0.433760933219967,-2.61130890074867E-32));
#10354=DIRECTION('center_axis',(1.84889274661175E-32,-9.86076131526265E-32,
1.));
#10355=DIRECTION('ref_axis',(-0.504518364573895,-0.863400961203821,-7.58099045300613E-32));
#10356=DIRECTION('center_axis',(-1.84889274661175E-32,9.86076131526265E-32,
-1.));
#10357=DIRECTION('ref_axis',(3.31364931341987E-6,0.99999999999451,9.86075518862633E-32));
#10358=DIRECTION('',(1.,5.55111512312576E-17,-1.84889274661175E-32));
#10359=DIRECTION('center_axis',(-1.84889274661175E-32,9.86076131526265E-32,
-1.));
#10360=DIRECTION('ref_axis',(-0.504490651279965,0.863417154549941,9.44669958240517E-32));
#10361=DIRECTION('center_axis',(1.84889274661175E-32,-9.86076131526265E-32,
1.));
#10362=DIRECTION('ref_axis',(-0.901030852831367,0.433755002560177,5.94306395782035E-32));
#10363=DIRECTION('center_axis',(-1.84889274661175E-32,9.86076131526265E-32,
-1.));
#10364=DIRECTION('ref_axis',(0.999999999998304,1.84180866198407E-6,-1.84887458497301E-32));
#10365=DIRECTION('',(5.55111512312576E-17,-1.,-9.86076131526265E-32));
#10366=DIRECTION('center_axis',(-1.84889274661175E-32,9.86076131526265E-32,
-1.));
#10367=DIRECTION('ref_axis',(0.901027997795931,0.433760933219967,2.61130890074867E-32));
#10368=DIRECTION('center_axis',(1.84889274661175E-32,-9.86076131526265E-32,
1.));
#10369=DIRECTION('ref_axis',(0.504516781968886,0.863401885978806,7.58100249805845E-32));
#10370=DIRECTION('center_axis',(-1.84889274661175E-32,9.86076131526265E-32,
-1.));
#10371=DIRECTION('ref_axis',(-5.31366277142687E-6,-0.999999999985882,-9.86075149073088E-32));
#10372=DIRECTION('',(-0.999999999999802,6.29363851638264E-7,1.8488989526181E-32));
#10373=DIRECTION('center_axis',(-1.84889274661175E-32,9.86076131526265E-32,
-1.));
#10374=DIRECTION('ref_axis',(0.504512505685048,-0.863404384751082,-9.44661406891762E-32));
#10375=DIRECTION('center_axis',(-1.84889274661175E-32,9.86076131526265E-32,
-1.));
#10376=DIRECTION('ref_axis',(5.55111512312576E-17,-1.,-9.86076131526265E-32));
#10377=DIRECTION('center_axis',(-1.84889274661175E-32,9.86076131526265E-32,
-1.));
#10378=DIRECTION('ref_axis',(5.55111512312576E-17,-1.,-9.86076131526265E-32));
#10379=DIRECTION('center_axis',(-1.84889274661175E-32,9.86076131526265E-32,
-1.));
#10380=DIRECTION('ref_axis',(5.55111512312576E-17,-1.,-9.86076131526265E-32));
#10381=DIRECTION('center_axis',(-1.84889274661175E-32,9.86076131526265E-32,
-1.));
#10382=DIRECTION('ref_axis',(5.55111512312576E-17,-1.,-9.86076131526265E-32));
#10383=DIRECTION('center_axis',(1.84889274661175E-32,-9.86076131526265E-32,
1.));
#10384=DIRECTION('ref_axis',(0.901030449373743,-0.433755840653876,-5.94307147611241E-32));
#10385=DIRECTION('center_axis',(-1.84889274661175E-32,9.86076131526265E-32,
-1.));
#10386=DIRECTION('ref_axis',(-0.999999999998304,-1.84180866642507E-6,1.84887458497296E-32));
#10387=DIRECTION('',(-5.55111512312576E-17,1.,9.86076131526265E-32));
#10388=DIRECTION('center_axis',(-1.84889274661175E-32,9.86076131526265E-32,
-1.));
#10389=DIRECTION('ref_axis',(-0.901026284456518,-0.433764492228768,-2.61134716306579E-32));
#10390=DIRECTION('center_axis',(1.84889274661175E-32,-9.86076131526265E-32,
1.));
#10391=DIRECTION('ref_axis',(-0.504517972959146,-0.863401190039251,-7.58099343355135E-32));
#10392=DIRECTION('center_axis',(-1.84889274661175E-32,9.86076131526265E-32,
-1.));
#10393=DIRECTION('ref_axis',(3.31364931697187E-6,0.99999999999451,9.86075518862633E-32));
#10394=DIRECTION('',(1.,5.55111512312576E-17,-1.84889274661175E-32));
#10395=DIRECTION('center_axis',(-1.84889274661175E-32,9.86076131526265E-32,
-1.));
#10396=DIRECTION('ref_axis',(-0.504512505685048,0.863404384751082,9.44661406891762E-32));
#10397=DIRECTION('center_axis',(1.84889274661175E-32,-9.86076131526265E-32,
1.));
#10398=DIRECTION('ref_axis',(-0.901031864884234,0.433752900236113,5.94304509848175E-32));
#10399=DIRECTION('center_axis',(-1.84889274661175E-32,9.86076131526265E-32,
-1.));
#10400=DIRECTION('ref_axis',(0.999999999998304,1.84180866731307E-6,-1.84887458497295E-32));
#10401=DIRECTION('',(5.55111512312576E-17,-1.,-9.86076131526265E-32));
#10402=DIRECTION('center_axis',(-1.84889274661175E-32,9.86076131526265E-32,
-1.));
#10403=DIRECTION('ref_axis',(0.901027997795931,0.433760933219967,2.61130890074867E-32));
#10404=DIRECTION('center_axis',(1.84889274661175E-32,-9.86076131526265E-32,
1.));
#10405=DIRECTION('ref_axis',(0.504516781968886,0.863401885978806,7.58100249805845E-32));
#10406=DIRECTION('center_axis',(-1.84889274661175E-32,9.86076131526265E-32,
-1.));
#10407=DIRECTION('ref_axis',(-5.31366276787386E-6,-0.999999999985882,-9.86075149073089E-32));
#10408=DIRECTION('',(-0.999999999999802,6.29363851638264E-7,1.8488989526181E-32));
#10409=DIRECTION('center_axis',(-1.84889274661175E-32,9.86076131526265E-32,
-1.));
#10410=DIRECTION('ref_axis',(0.504512505685048,-0.863404384751082,-9.44661406891762E-32));
#10411=DIRECTION('center_axis',(-1.84889274661175E-32,9.86076131526265E-32,
-1.));
#10412=DIRECTION('ref_axis',(5.55111512312576E-17,-1.,-9.86076131526265E-32));
#10413=DIRECTION('center_axis',(-1.84889274661175E-32,9.86076131526265E-32,
-1.));
#10414=DIRECTION('ref_axis',(5.55111512312576E-17,-1.,-9.86076131526265E-32));
#10415=DIRECTION('center_axis',(-1.84889274661175E-32,9.86076131526265E-32,
-1.));
#10416=DIRECTION('ref_axis',(5.55111512312576E-17,-1.,-9.86076131526265E-32));
#10417=DIRECTION('center_axis',(-1.84889274661175E-32,9.86076131526265E-32,
-1.));
#10418=DIRECTION('ref_axis',(8.41483745429126E-15,-1.,-9.86076131526266E-32));
#10419=DIRECTION('center_axis',(-1.84889274661175E-32,9.86076131526265E-32,
-1.));
#10420=DIRECTION('ref_axis',(5.55111512312576E-17,-1.,-9.86076131526265E-32));
#10421=DIRECTION('center_axis',(-1.84889274661175E-32,9.86076131526265E-32,
-1.));
#10422=DIRECTION('ref_axis',(5.55111512312576E-17,-1.,-9.86076131526265E-32));
#10423=DIRECTION('center_axis',(-1.84889274661175E-32,9.86076131526265E-32,
-1.));
#10424=DIRECTION('ref_axis',(8.93729534823226E-15,-1.,-9.86076131526267E-32));
#10425=DIRECTION('center_axis',(-1.84889274661175E-32,9.86076131526265E-32,
-1.));
#10426=DIRECTION('ref_axis',(5.55111512312576E-17,-1.,-9.86076131526265E-32));
#10427=DIRECTION('center_axis',(-1.84889274661175E-32,9.86076131526265E-32,
-1.));
#10428=DIRECTION('ref_axis',(5.55111512312576E-17,-1.,-9.86076131526265E-32));
#10429=DIRECTION('center_axis',(-1.84889274661175E-32,9.86076131526265E-32,
-1.));
#10430=DIRECTION('ref_axis',(-5.29090660173424E-17,-1.,-9.86076131526265E-32));
#10431=DIRECTION('center_axis',(-1.84889274661175E-32,9.86076131526265E-32,
-1.));
#10432=DIRECTION('ref_axis',(5.55111512312576E-17,-1.,-9.86076131526265E-32));
#10433=DIRECTION('center_axis',(-1.84889274661175E-32,9.86076131526265E-32,
-1.));
#10434=DIRECTION('ref_axis',(5.55111512312576E-17,-1.,-9.86076131526265E-32));
#10435=DIRECTION('center_axis',(-1.84889274661175E-32,9.86076131526265E-32,
-1.));
#10436=DIRECTION('ref_axis',(5.55111512312576E-17,-1.,-9.86076131526265E-32));
#10437=DIRECTION('center_axis',(-1.84889274661175E-32,9.86076131526265E-32,
-1.));
#10438=DIRECTION('ref_axis',(5.55111512312576E-17,-1.,-9.86076131526265E-32));
#10439=DIRECTION('center_axis',(-1.84889274661175E-32,9.86076131526265E-32,
-1.));
#10440=DIRECTION('ref_axis',(5.55111512312576E-17,-1.,-9.86076131526265E-32));
#10441=DIRECTION('center_axis',(-1.84889274661175E-32,9.86076131526265E-32,
-1.));
#10442=DIRECTION('ref_axis',(5.55111512312576E-17,-1.,-9.86076131526265E-32));
#10443=DIRECTION('center_axis',(-1.84889274661175E-32,9.86076131526265E-32,
-1.));
#10444=DIRECTION('ref_axis',(5.55111512312576E-17,-1.,-9.86076131526265E-32));
#10445=DIRECTION('center_axis',(-1.84889274661175E-32,9.86076131526265E-32,
-1.));
#10446=DIRECTION('ref_axis',(5.55111512312576E-17,-1.,-9.86076131526265E-32));
#10447=DIRECTION('center_axis',(-1.84889274661175E-32,9.86076131526265E-32,
-1.));
#10448=DIRECTION('ref_axis',(5.55111512312576E-17,-1.,-9.86076131526265E-32));
#10449=DIRECTION('center_axis',(-1.84889274661175E-32,9.86076131526265E-32,
-1.));
#10450=DIRECTION('ref_axis',(5.55111512312576E-17,-1.,-9.86076131526265E-32));
#10451=DIRECTION('center_axis',(-1.84889274661175E-32,9.86076131526265E-32,
-1.));
#10452=DIRECTION('ref_axis',(5.55111512312576E-17,-1.,-9.86076131526265E-32));
#10453=DIRECTION('center_axis',(-1.84889274661175E-32,9.86076131526265E-32,
-1.));
#10454=DIRECTION('ref_axis',(5.55111512312576E-17,-1.,-9.86076131526265E-32));
#10455=DIRECTION('center_axis',(-1.84889274661175E-32,9.86076131526265E-32,
-1.));
#10456=DIRECTION('ref_axis',(5.55111512312576E-17,-1.,-9.86076131526265E-32));
#10457=DIRECTION('center_axis',(-1.84889274661175E-32,9.86076131526265E-32,
-1.));
#10458=DIRECTION('ref_axis',(5.55111512312576E-17,-1.,-9.86076131526265E-32));
#10459=DIRECTION('center_axis',(-1.84889274661175E-32,9.86076131526265E-32,
-1.));
#10460=DIRECTION('ref_axis',(5.55111512312576E-17,-1.,-9.86076131526265E-32));
#10461=DIRECTION('center_axis',(-1.84889274661175E-32,9.86076131526265E-32,
-1.));
#10462=DIRECTION('ref_axis',(5.55111512312576E-17,-1.,-9.86076131526265E-32));
#10463=DIRECTION('center_axis',(-1.84889274661175E-32,9.86076131526265E-32,
-1.));
#10464=DIRECTION('ref_axis',(5.55111512312576E-17,-1.,-9.86076131526265E-32));
#10465=DIRECTION('center_axis',(-1.84889274661175E-32,9.86076131526265E-32,
-1.));
#10466=DIRECTION('ref_axis',(5.55111512312576E-17,-1.,-9.86076131526265E-32));
#10467=DIRECTION('center_axis',(-1.84889274661175E-32,9.86076131526265E-32,
-1.));
#10468=DIRECTION('ref_axis',(5.55111512312576E-17,-1.,-9.86076131526265E-32));
#10469=DIRECTION('',(-1.,-5.55111512312576E-17,1.84889274661175E-32));
#10470=DIRECTION('center_axis',(-1.84889274661175E-32,9.86076131526265E-32,
-1.));
#10471=DIRECTION('ref_axis',(-5.55111512312576E-17,1.,9.86076131526265E-32));
#10472=DIRECTION('',(1.,5.55111512312576E-17,-1.84889274661175E-32));
#10473=DIRECTION('center_axis',(-1.84889274661175E-32,9.86076131526265E-32,
-1.));
#10474=DIRECTION('ref_axis',(5.55111512312576E-17,-1.,-9.86076131526265E-32));
#10475=DIRECTION('center_axis',(-1.84889274661175E-32,9.86076131526265E-32,
-1.));
#10476=DIRECTION('ref_axis',(5.55111512312576E-17,-1.,-9.86076131526265E-32));
#10477=DIRECTION('center_axis',(-1.84889274661175E-32,9.86076131526265E-32,
-1.));
#10478=DIRECTION('ref_axis',(5.55111512312576E-17,-1.,-9.86076131526265E-32));
#10479=DIRECTION('center_axis',(-1.84889274661175E-32,9.86076131526265E-32,
-1.));
#10480=DIRECTION('ref_axis',(5.55111512312576E-17,-1.,-9.86076131526265E-32));
#10481=DIRECTION('center_axis',(-1.84889274661175E-32,9.86076131526265E-32,
-1.));
#10482=DIRECTION('ref_axis',(5.55111512312576E-17,-1.,-9.86076131526265E-32));
#10483=DIRECTION('center_axis',(-1.84889274661175E-32,9.86076131526265E-32,
-1.));
#10484=DIRECTION('ref_axis',(5.55111512312576E-17,-1.,-9.86076131526265E-32));
#10485=DIRECTION('center_axis',(-1.84889274661175E-32,9.86076131526265E-32,
-1.));
#10486=DIRECTION('ref_axis',(5.55111512312576E-17,-1.,-9.86076131526265E-32));
#10487=DIRECTION('center_axis',(-1.84889274661175E-32,9.86076131526265E-32,
-1.));
#10488=DIRECTION('ref_axis',(5.55111512312576E-17,-1.,-9.86076131526265E-32));
#10489=DIRECTION('center_axis',(-1.84889274661175E-32,9.86076131526265E-32,
-1.));
#10490=DIRECTION('ref_axis',(5.55111512312576E-17,-1.,-9.86076131526265E-32));
#10491=DIRECTION('center_axis',(-1.84889274661175E-32,9.86076131526265E-32,
-1.));
#10492=DIRECTION('ref_axis',(5.55111512312576E-17,-1.,-9.86076131526265E-32));
#10493=DIRECTION('center_axis',(-1.84889274661175E-32,9.86076131526265E-32,
-1.));
#10494=DIRECTION('ref_axis',(5.55111512312576E-17,-1.,-9.86076131526265E-32));
#10495=DIRECTION('center_axis',(-1.84889274661175E-32,9.86076131526265E-32,
-1.));
#10496=DIRECTION('ref_axis',(5.55111512312576E-17,-1.,-9.86076131526265E-32));
#10497=DIRECTION('',(-1.,-5.55111512312576E-17,1.84889274661175E-32));
#10498=DIRECTION('center_axis',(-1.84889274661175E-32,9.86076131526265E-32,
-1.));
#10499=DIRECTION('ref_axis',(-5.55111512312576E-17,1.,9.86076131526265E-32));
#10500=DIRECTION('',(1.,5.55111512312576E-17,-1.84889274661175E-32));
#10501=DIRECTION('center_axis',(-5.55111512312576E-17,1.,9.86076131526265E-32));
#10502=DIRECTION('ref_axis',(1.,5.55111512312576E-17,-1.84889274661175E-32));
#10503=DIRECTION('center_axis',(-1.84889274661175E-32,9.86076131526265E-32,
-1.));
#10504=DIRECTION('ref_axis',(0.901030449373743,-0.433755840653876,-5.94307147611241E-32));
#10505=DIRECTION('',(1.84889274661175E-32,-9.86076131526265E-32,1.));
#10506=DIRECTION('',(1.84889274661175E-32,-9.86076131526265E-32,1.));
#10507=DIRECTION('center_axis',(-1.84889274661175E-32,9.86076131526265E-32,
-1.));
#10508=DIRECTION('ref_axis',(-0.999999999998304,-1.84180860336207E-6,1.84887458497358E-32));
#10509=DIRECTION('',(1.84889274661175E-32,-9.86076131526265E-32,1.));
#10510=DIRECTION('center_axis',(-1.84889274661175E-32,9.86076131526265E-32,
-1.));
#10511=DIRECTION('ref_axis',(0.504512505685048,-0.863404384751082,-9.44661406891762E-32));
#10512=DIRECTION('',(1.84889274661175E-32,-9.86076131526265E-32,1.));
#10513=DIRECTION('center_axis',(-1.,-5.55111512312576E-17,1.84889274661175E-32));
#10514=DIRECTION('ref_axis',(-5.55111512312576E-17,1.,9.86076131526265E-32));
#10515=DIRECTION('',(1.84889274661175E-32,-9.86076131526265E-32,1.));
#10516=DIRECTION('center_axis',(-6.29363849961364E-7,-0.999999999999802,
-9.86076015163444E-32));
#10517=DIRECTION('ref_axis',(-0.999999999999802,6.29363849961364E-7,1.84889895261808E-32));
#10518=DIRECTION('',(1.84889274661175E-32,-9.86076131526265E-32,1.));
#10519=DIRECTION('center_axis',(-1.84889274661175E-32,9.86076131526265E-32,
-1.));
#10520=DIRECTION('ref_axis',(-0.901027997795931,-0.433760933219967,-2.61130890074867E-32));
#10521=DIRECTION('',(1.84889274661175E-32,-9.86076131526265E-32,1.));
#10522=DIRECTION('center_axis',(-1.84889274661175E-32,9.86076131526265E-32,
-1.));
#10523=DIRECTION('ref_axis',(-5.31366277497986E-6,-0.999999999985882,-9.86075149073087E-32));
#10524=DIRECTION('',(1.84889274661175E-32,-9.86076131526265E-32,1.));
#10525=DIRECTION('center_axis',(-1.84889274661175E-32,9.86076131526265E-32,
-1.));
#10526=DIRECTION('ref_axis',(-0.504518364573895,-0.863400961203821,-7.58099045300613E-32));
#10527=DIRECTION('',(1.84889274661175E-32,-9.86076131526265E-32,1.));
#10528=DIRECTION('center_axis',(-1.84889274661175E-32,9.86076131526265E-32,
-1.));
#10529=DIRECTION('ref_axis',(0.504516781968886,0.863401885978806,7.58100249805845E-32));
#10530=DIRECTION('',(1.84889274661175E-32,-9.86076131526265E-32,1.));
#10531=DIRECTION('center_axis',(-1.84889274661175E-32,9.86076131526265E-32,
-1.));
#10532=DIRECTION('ref_axis',(3.31364931697187E-6,0.99999999999451,9.86075518862633E-32));
#10533=DIRECTION('',(1.84889274661175E-32,-9.86076131526265E-32,1.));
#10534=DIRECTION('center_axis',(-1.84889274661175E-32,9.86076131526265E-32,
-1.));
#10535=DIRECTION('ref_axis',(0.901027997795931,0.433760933219967,2.61130890074867E-32));
#10536=DIRECTION('',(1.84889274661175E-32,-9.86076131526265E-32,1.));
#10537=DIRECTION('center_axis',(-5.55111512312576E-17,1.,9.86076131526265E-32));
#10538=DIRECTION('ref_axis',(1.,5.55111512312576E-17,-1.84889274661175E-32));
#10539=DIRECTION('',(1.84889274661175E-32,-9.86076131526265E-32,1.));
#10540=DIRECTION('center_axis',(1.,5.55111512312576E-17,-1.84889274661175E-32));
#10541=DIRECTION('ref_axis',(5.55111512312576E-17,-1.,-9.86076131526265E-32));
#10542=DIRECTION('',(1.84889274661175E-32,-9.86076131526265E-32,1.));
#10543=DIRECTION('center_axis',(-1.84889274661175E-32,9.86076131526265E-32,
-1.));
#10544=DIRECTION('ref_axis',(-0.504512505685048,0.863404384751082,9.44661406891762E-32));
#10545=DIRECTION('',(1.84889274661175E-32,-9.86076131526265E-32,1.));
#10546=DIRECTION('center_axis',(-1.84889274661175E-32,9.86076131526265E-32,
-1.));
#10547=DIRECTION('ref_axis',(0.99999999999262,3.84181143478505E-6,-1.84885486341252E-32));
#10548=DIRECTION('',(1.84889274661175E-32,-9.86076131526265E-32,1.));
#10549=DIRECTION('center_axis',(-1.84889274661175E-32,9.86076131526265E-32,
-1.));
#10550=DIRECTION('ref_axis',(-0.901031864884234,0.433752900236113,5.94304509848175E-32));
#10551=DIRECTION('center_axis',(-1.84889274661175E-32,9.86076131526265E-32,
-1.));
#10552=DIRECTION('ref_axis',(5.55111512312576E-17,-1.,-9.86076131526265E-32));
#10553=DIRECTION('',(-1.84889274661175E-32,9.86076131526265E-32,-1.));
#10554=DIRECTION('center_axis',(-1.84889274661175E-32,9.86076131526265E-32,
-1.));
#10555=DIRECTION('ref_axis',(5.55111512312576E-17,-1.,-9.86076131526265E-32));
#10556=DIRECTION('',(-1.84889274661175E-32,9.86076131526265E-32,-1.));
#10557=DIRECTION('center_axis',(-1.84889274661175E-32,9.86076131526265E-32,
-1.));
#10558=DIRECTION('ref_axis',(8.93729534823226E-15,-1.,-9.86076131526267E-32));
#10559=DIRECTION('',(-1.84889274661175E-32,9.86076131526265E-32,-1.));
#10560=DIRECTION('center_axis',(-1.84889274661175E-32,9.86076131526265E-32,
-1.));
#10561=DIRECTION('ref_axis',(4.23517430276126E-15,-1.,-9.86076131526266E-32));
#10562=DIRECTION('',(-1.84889274661175E-32,9.86076131526265E-32,-1.));
#10563=DIRECTION('center_axis',(-1.84889274661175E-32,9.86076131526265E-32,
-1.));
#10564=DIRECTION('ref_axis',(5.55111512312576E-17,-1.,-9.86076131526265E-32));
#10565=DIRECTION('',(-1.84889274661175E-32,9.86076131526265E-32,-1.));
#10566=DIRECTION('center_axis',(-1.84889274661175E-32,9.86076131526265E-32,
-1.));
#10567=DIRECTION('ref_axis',(5.55111512312576E-17,-1.,-9.86076131526265E-32));
#10568=DIRECTION('',(-1.84889274661175E-32,9.86076131526265E-32,-1.));
#10569=DIRECTION('center_axis',(-1.84889274661175E-32,9.86076131526265E-32,
-1.));
#10570=DIRECTION('ref_axis',(8.93729534823226E-15,-1.,-9.86076131526267E-32));
#10571=DIRECTION('',(-1.84889274661175E-32,9.86076131526265E-32,-1.));
#10572=DIRECTION('center_axis',(-1.84889274661175E-32,9.86076131526265E-32,
-1.));
#10573=DIRECTION('ref_axis',(0.901030449373743,-0.433755840653876,-5.94307147611241E-32));
#10574=DIRECTION('',(1.84889274661175E-32,-9.86076131526265E-32,1.));
#10575=DIRECTION('',(1.84889274661175E-32,-9.86076131526265E-32,1.));
#10576=DIRECTION('center_axis',(-1.84889274661175E-32,9.86076131526265E-32,
-1.));
#10577=DIRECTION('ref_axis',(-0.999999999998304,-1.84180866020707E-6,1.84887458497302E-32));
#10578=DIRECTION('',(1.84889274661175E-32,-9.86076131526265E-32,1.));
#10579=DIRECTION('center_axis',(-1.84889274661175E-32,9.86076131526265E-32,
-1.));
#10580=DIRECTION('ref_axis',(0.504512505685048,-0.863404384751082,-9.44661406891762E-32));
#10581=DIRECTION('',(1.84889274661175E-32,-9.86076131526265E-32,1.));
#10582=DIRECTION('center_axis',(-1.,-5.55111512312576E-17,1.84889274661175E-32));
#10583=DIRECTION('ref_axis',(-5.55111512312576E-17,1.,9.86076131526265E-32));
#10584=DIRECTION('',(1.84889274661175E-32,-9.86076131526265E-32,1.));
#10585=DIRECTION('center_axis',(-6.29363849961364E-7,-0.999999999999802,
-9.86076015163444E-32));
#10586=DIRECTION('ref_axis',(-0.999999999999802,6.29363849961364E-7,1.84889895261808E-32));
#10587=DIRECTION('',(1.84889274661175E-32,-9.86076131526265E-32,1.));
#10588=DIRECTION('center_axis',(-1.84889274661175E-32,9.86076131526265E-32,
-1.));
#10589=DIRECTION('ref_axis',(-0.901027997795931,-0.433760933219967,-2.61130890074867E-32));
#10590=DIRECTION('',(1.84889274661175E-32,-9.86076131526265E-32,1.));
#10591=DIRECTION('center_axis',(-1.84889274661175E-32,9.86076131526265E-32,
-1.));
#10592=DIRECTION('ref_axis',(-5.31366276787386E-6,-0.999999999985882,-9.86075149073089E-32));
#10593=DIRECTION('',(1.84889274661175E-32,-9.86076131526265E-32,1.));
#10594=DIRECTION('center_axis',(-1.84889274661175E-32,9.86076131526265E-32,
-1.));
#10595=DIRECTION('ref_axis',(-0.504518364573895,-0.863400961203821,-7.58099045300613E-32));
#10596=DIRECTION('',(1.84889274661175E-32,-9.86076131526265E-32,1.));
#10597=DIRECTION('center_axis',(-1.84889274661175E-32,9.86076131526265E-32,
-1.));
#10598=DIRECTION('ref_axis',(0.504516781968886,0.863401885978806,7.58100249805845E-32));
#10599=DIRECTION('',(1.84889274661175E-32,-9.86076131526265E-32,1.));
#10600=DIRECTION('center_axis',(-1.84889274661175E-32,9.86076131526265E-32,
-1.));
#10601=DIRECTION('ref_axis',(3.31364931697187E-6,0.99999999999451,9.86075518862633E-32));
#10602=DIRECTION('',(1.84889274661175E-32,-9.86076131526265E-32,1.));
#10603=DIRECTION('center_axis',(-1.84889274661175E-32,9.86076131526265E-32,
-1.));
#10604=DIRECTION('ref_axis',(0.901027997795931,0.433760933219967,2.61130890074867E-32));
#10605=DIRECTION('',(1.84889274661175E-32,-9.86076131526265E-32,1.));
#10606=DIRECTION('center_axis',(-5.55111512312576E-17,1.,9.86076131526265E-32));
#10607=DIRECTION('ref_axis',(1.,5.55111512312576E-17,-1.84889274661175E-32));
#10608=DIRECTION('',(1.84889274661175E-32,-9.86076131526265E-32,1.));
#10609=DIRECTION('center_axis',(1.,5.55111512312576E-17,-1.84889274661175E-32));
#10610=DIRECTION('ref_axis',(5.55111512312576E-17,-1.,-9.86076131526265E-32));
#10611=DIRECTION('',(1.84889274661175E-32,-9.86076131526265E-32,1.));
#10612=DIRECTION('center_axis',(-1.84889274661175E-32,9.86076131526265E-32,
-1.));
#10613=DIRECTION('ref_axis',(-0.504512505685048,0.863404384751082,9.44661406891762E-32));
#10614=DIRECTION('',(1.84889274661175E-32,-9.86076131526265E-32,1.));
#10615=DIRECTION('center_axis',(-1.84889274661175E-32,9.86076131526265E-32,
-1.));
#10616=DIRECTION('ref_axis',(0.999999999998304,1.84180863889007E-6,-1.84887458497323E-32));
#10617=DIRECTION('',(1.84889274661175E-32,-9.86076131526265E-32,1.));
#10618=DIRECTION('center_axis',(-1.84889274661175E-32,9.86076131526265E-32,
-1.));
#10619=DIRECTION('ref_axis',(-0.901031864884234,0.433752900236113,5.94304509848175E-32));
#10620=DIRECTION('center_axis',(-1.84889274661175E-32,9.86076131526265E-32,
-1.));
#10621=DIRECTION('ref_axis',(5.55111512312576E-17,-1.,-9.86076131526265E-32));
#10622=DIRECTION('',(-1.84889274661175E-32,9.86076131526265E-32,-1.));
#10623=DIRECTION('center_axis',(-1.84889274661175E-32,9.86076131526265E-32,
-1.));
#10624=DIRECTION('ref_axis',(5.55111512312576E-17,-1.,-9.86076131526265E-32));
#10625=DIRECTION('',(-1.84889274661175E-32,9.86076131526265E-32,-1.));
#10626=DIRECTION('center_axis',(-1.84889274661175E-32,9.86076131526265E-32,
-1.));
#10627=DIRECTION('ref_axis',(-8.76035355368424E-17,-1.,-9.86076131526265E-32));
#10628=DIRECTION('',(-1.84889274661175E-32,9.86076131526265E-32,-1.));
#10629=DIRECTION('center_axis',(-1.84889274661175E-32,9.86076131526265E-32,
-1.));
#10630=DIRECTION('ref_axis',(5.55111512312576E-17,-1.,-9.86076131526265E-32));
#10631=DIRECTION('',(-1.84889274661175E-32,9.86076131526265E-32,-1.));
#10632=DIRECTION('center_axis',(-1.84889274661175E-32,9.86076131526265E-32,
-1.));
#10633=DIRECTION('ref_axis',(5.55111512312576E-17,-1.,-9.86076131526265E-32));
#10634=DIRECTION('',(-1.84889274661175E-32,9.86076131526265E-32,-1.));
#10635=DIRECTION('center_axis',(-1.84889274661175E-32,9.86076131526265E-32,
-1.));
#10636=DIRECTION('ref_axis',(5.55111512312576E-17,-1.,-9.86076131526265E-32));
#10637=DIRECTION('',(-1.84889274661175E-32,9.86076131526265E-32,-1.));
#10638=DIRECTION('center_axis',(-1.84889274661175E-32,9.86076131526265E-32,
-1.));
#10639=DIRECTION('ref_axis',(1.64798730217776E-17,-1.,-9.86076131526265E-32));
#10640=DIRECTION('',(-1.84889274661175E-32,9.86076131526265E-32,-1.));
#10641=DIRECTION('center_axis',(-1.84889274661175E-32,9.86076131526265E-32,
-1.));
#10642=DIRECTION('ref_axis',(0.901030449373743,-0.433755840653876,-5.94307147611241E-32));
#10643=DIRECTION('',(1.84889274661175E-32,-9.86076131526265E-32,1.));
#10644=DIRECTION('',(1.84889274661175E-32,-9.86076131526265E-32,1.));
#10645=DIRECTION('center_axis',(-1.84889274661175E-32,9.86076131526265E-32,
-1.));
#10646=DIRECTION('ref_axis',(-0.999999999998304,-1.84180860513907E-6,1.84887458497357E-32));
#10647=DIRECTION('',(1.84889274661175E-32,-9.86076131526265E-32,1.));
#10648=DIRECTION('center_axis',(-1.84889274661175E-32,9.86076131526265E-32,
-1.));
#10649=DIRECTION('ref_axis',(0.504512505685048,-0.863404384751082,-9.44661406891762E-32));
#10650=DIRECTION('',(1.84889274661175E-32,-9.86076131526265E-32,1.));
#10651=DIRECTION('center_axis',(-1.,-5.55111512312576E-17,1.84889274661175E-32));
#10652=DIRECTION('ref_axis',(-5.55111512312576E-17,1.,9.86076131526265E-32));
#10653=DIRECTION('',(1.84889274661175E-32,-9.86076131526265E-32,1.));
#10654=DIRECTION('center_axis',(-6.29363851638264E-7,-0.999999999999802,
-9.86076015163443E-32));
#10655=DIRECTION('ref_axis',(-0.999999999999802,6.29363851638264E-7,1.8488989526181E-32));
#10656=DIRECTION('',(1.84889274661175E-32,-9.86076131526265E-32,1.));
#10657=DIRECTION('center_axis',(-1.84889274661175E-32,9.86076131526265E-32,
-1.));
#10658=DIRECTION('ref_axis',(-0.901027997795931,-0.433760933219967,-2.61130890074867E-32));
#10659=DIRECTION('',(1.84889274661175E-32,-9.86076131526265E-32,1.));
#10660=DIRECTION('center_axis',(-1.84889274661175E-32,9.86076131526265E-32,
-1.));
#10661=DIRECTION('ref_axis',(-5.31366277497986E-6,-0.999999999985882,-9.86075149073087E-32));
#10662=DIRECTION('',(1.84889274661175E-32,-9.86076131526265E-32,1.));
#10663=DIRECTION('center_axis',(-1.84889274661175E-32,9.86076131526265E-32,
-1.));
#10664=DIRECTION('ref_axis',(-0.504518364573895,-0.863400961203821,-7.58099045300613E-32));
#10665=DIRECTION('',(1.84889274661175E-32,-9.86076131526265E-32,1.));
#10666=DIRECTION('center_axis',(-1.84889274661175E-32,9.86076131526265E-32,
-1.));
#10667=DIRECTION('ref_axis',(0.504516781968886,0.863401885978806,7.58100249805845E-32));
#10668=DIRECTION('',(1.84889274661175E-32,-9.86076131526265E-32,1.));
#10669=DIRECTION('center_axis',(-1.84889274661175E-32,9.86076131526265E-32,
-1.));
#10670=DIRECTION('ref_axis',(3.31364931697187E-6,0.99999999999451,9.86075518862633E-32));
#10671=DIRECTION('',(1.84889274661175E-32,-9.86076131526265E-32,1.));
#10672=DIRECTION('center_axis',(-1.84889274661175E-32,9.86076131526265E-32,
-1.));
#10673=DIRECTION('ref_axis',(0.901027997795931,0.433760933219967,2.61130890074867E-32));
#10674=DIRECTION('',(1.84889274661175E-32,-9.86076131526265E-32,1.));
#10675=DIRECTION('center_axis',(-5.55111512312576E-17,1.,9.86076131526265E-32));
#10676=DIRECTION('ref_axis',(1.,5.55111512312576E-17,-1.84889274661175E-32));
#10677=DIRECTION('',(1.84889274661175E-32,-9.86076131526265E-32,1.));
#10678=DIRECTION('center_axis',(1.,5.55111512312576E-17,-1.84889274661175E-32));
#10679=DIRECTION('ref_axis',(5.55111512312576E-17,-1.,-9.86076131526265E-32));
#10680=DIRECTION('',(1.84889274661175E-32,-9.86076131526265E-32,1.));
#10681=DIRECTION('center_axis',(-1.84889274661175E-32,9.86076131526265E-32,
-1.));
#10682=DIRECTION('ref_axis',(-0.504512505685048,0.863404384751082,9.44661406891762E-32));
#10683=DIRECTION('',(1.84889274661175E-32,-9.86076131526265E-32,1.));
#10684=DIRECTION('center_axis',(-1.84889274661175E-32,9.86076131526265E-32,
-1.));
#10685=DIRECTION('ref_axis',(0.999999999998304,1.84180865310207E-6,-1.84887458497309E-32));
#10686=DIRECTION('',(1.84889274661175E-32,-9.86076131526265E-32,1.));
#10687=DIRECTION('center_axis',(-1.84889274661175E-32,9.86076131526265E-32,
-1.));
#10688=DIRECTION('ref_axis',(-0.901031864884234,0.433752900236113,5.94304509848175E-32));
#10689=DIRECTION('center_axis',(-1.84889274661175E-32,9.86076131526265E-32,
-1.));
#10690=DIRECTION('ref_axis',(5.55111512312576E-17,-1.,-9.86076131526265E-32));
#10691=DIRECTION('',(-1.84889274661175E-32,9.86076131526265E-32,-1.));
#10692=DIRECTION('center_axis',(-1.84889274661175E-32,9.86076131526265E-32,
-1.));
#10693=DIRECTION('ref_axis',(5.55111512312576E-17,-1.,-9.86076131526265E-32));
#10694=DIRECTION('',(-1.84889274661175E-32,9.86076131526265E-32,-1.));
#10695=DIRECTION('center_axis',(-1.84889274661175E-32,9.86076131526265E-32,
-1.));
#10696=DIRECTION('ref_axis',(8.93729534823226E-15,-1.,-9.86076131526267E-32));
#10697=DIRECTION('',(-1.84889274661175E-32,9.86076131526265E-32,-1.));
#10698=DIRECTION('center_axis',(-1.84889274661175E-32,9.86076131526265E-32,
-1.));
#10699=DIRECTION('ref_axis',(4.23517430276126E-15,-1.,-9.86076131526266E-32));
#10700=DIRECTION('',(-1.84889274661175E-32,9.86076131526265E-32,-1.));
#10701=DIRECTION('center_axis',(-1.84889274661175E-32,9.86076131526265E-32,
-1.));
#10702=DIRECTION('ref_axis',(0.504516781968886,0.863401885978806,7.58100249805845E-32));
#10703=DIRECTION('',(1.84889274661175E-32,-9.86076131526265E-32,1.));
#10704=DIRECTION('',(1.84889274661175E-32,-9.86076131526265E-32,1.));
#10705=DIRECTION('center_axis',(-1.84889274661175E-32,9.86076131526265E-32,
-1.));
#10706=DIRECTION('ref_axis',(-1.45268932891915E-5,-0.999999999894485,-9.86073445555455E-32));
#10707=DIRECTION('',(1.84889274661175E-32,-9.86076131526265E-32,1.));
#10708=DIRECTION('center_axis',(-1.84889274661175E-32,9.86076131526265E-32,
-1.));
#10709=DIRECTION('ref_axis',(0.901027997795931,0.433760933219967,2.61130890074867E-32));
#10710=DIRECTION('',(1.84889274661175E-32,-9.86076131526265E-32,1.));
#10711=DIRECTION('center_axis',(5.55111512312576E-17,-1.,-9.86076131526265E-32));
#10712=DIRECTION('ref_axis',(-1.,-5.55111512312576E-17,1.84889274661175E-32));
#10713=DIRECTION('',(1.84889274661175E-32,-9.86076131526265E-32,1.));
#10714=DIRECTION('center_axis',(1.,5.55111512312576E-17,-1.84889274661175E-32));
#10715=DIRECTION('ref_axis',(5.55111512312576E-17,-1.,-9.86076131526265E-32));
#10716=DIRECTION('',(1.84889274661175E-32,-9.86076131526265E-32,1.));
#10717=DIRECTION('center_axis',(-1.84889274661175E-32,9.86076131526265E-32,
-1.));
#10718=DIRECTION('ref_axis',(0.504512505685048,-0.863404384751082,-9.44661406891762E-32));
#10719=DIRECTION('',(1.84889274661175E-32,-9.86076131526265E-32,1.));
#10720=DIRECTION('center_axis',(-1.84889274661175E-32,9.86076131526265E-32,
-1.));
#10721=DIRECTION('ref_axis',(0.99999999999262,3.84181140991505E-6,-1.84885486341277E-32));
#10722=DIRECTION('',(1.84889274661175E-32,-9.86076131526265E-32,1.));
#10723=DIRECTION('center_axis',(-1.84889274661175E-32,9.86076131526265E-32,
-1.));
#10724=DIRECTION('ref_axis',(0.901030449373743,-0.433755840653876,-5.94307147611241E-32));
#10725=DIRECTION('',(1.84889274661175E-32,-9.86076131526265E-32,1.));
#10726=DIRECTION('center_axis',(-1.84889274661175E-32,9.86076131526265E-32,
-1.));
#10727=DIRECTION('ref_axis',(-0.901030852831367,0.433755002560177,5.94306395782035E-32));
#10728=DIRECTION('',(1.84889274661175E-32,-9.86076131526265E-32,1.));
#10729=DIRECTION('center_axis',(-1.84889274661175E-32,9.86076131526265E-32,
-1.));
#10730=DIRECTION('ref_axis',(-0.99999999999262,-3.84181143656105E-6,1.84885486341251E-32));
#10731=DIRECTION('',(1.84889274661175E-32,-9.86076131526265E-32,1.));
#10732=DIRECTION('center_axis',(-1.84889274661175E-32,9.86076131526265E-32,
-1.));
#10733=DIRECTION('ref_axis',(-0.504490651279965,0.863417154549941,9.44669958240517E-32));
#10734=DIRECTION('',(1.84889274661175E-32,-9.86076131526265E-32,1.));
#10735=DIRECTION('center_axis',(-1.,-5.55111512312576E-17,1.84889274661175E-32));
#10736=DIRECTION('ref_axis',(-5.55111512312576E-17,1.,9.86076131526265E-32));
#10737=DIRECTION('',(1.84889274661175E-32,-9.86076131526265E-32,1.));
#10738=DIRECTION('center_axis',(-5.55111512312576E-17,1.,9.86076131526265E-32));
#10739=DIRECTION('ref_axis',(1.,5.55111512312576E-17,-1.84889274661175E-32));
#10740=DIRECTION('',(1.84889274661175E-32,-9.86076131526265E-32,1.));
#10741=DIRECTION('center_axis',(-1.84889274661175E-32,9.86076131526265E-32,
-1.));
#10742=DIRECTION('ref_axis',(-0.901026284456518,-0.433764492228768,-2.61134716306579E-32));
#10743=DIRECTION('',(1.84889274661175E-32,-9.86076131526265E-32,1.));
#10744=DIRECTION('center_axis',(-1.84889274661175E-32,9.86076131526265E-32,
-1.));
#10745=DIRECTION('ref_axis',(3.31364931697187E-6,0.99999999999451,9.86075518862633E-32));
#10746=DIRECTION('',(1.84889274661175E-32,-9.86076131526265E-32,1.));
#10747=DIRECTION('center_axis',(-1.84889274661175E-32,9.86076131526265E-32,
-1.));
#10748=DIRECTION('ref_axis',(-0.504517972959146,-0.863401190039251,-7.58099343355135E-32));
#10749=DIRECTION('center_axis',(-1.84889274661175E-32,9.86076131526265E-32,
-1.));
#10750=DIRECTION('ref_axis',(5.55111512312576E-17,-1.,-9.86076131526265E-32));
#10751=DIRECTION('',(-1.84889274661175E-32,9.86076131526265E-32,-1.));
#10752=DIRECTION('center_axis',(-1.84889274661175E-32,9.86076131526265E-32,
-1.));
#10753=DIRECTION('ref_axis',(5.55111512312576E-17,-1.,-9.86076131526265E-32));
#10754=DIRECTION('',(-1.84889274661175E-32,9.86076131526265E-32,-1.));
#10755=DIRECTION('center_axis',(-1.84889274661175E-32,9.86076131526265E-32,
-1.));
#10756=DIRECTION('ref_axis',(1.64798730217776E-17,-1.,-9.86076131526265E-32));
#10757=DIRECTION('',(-1.84889274661175E-32,9.86076131526265E-32,-1.));
#10758=DIRECTION('center_axis',(-1.84889274661175E-32,9.86076131526265E-32,
-1.));
#10759=DIRECTION('ref_axis',(5.55111512312576E-17,-1.,-9.86076131526265E-32));
#10760=DIRECTION('',(-1.84889274661175E-32,9.86076131526265E-32,-1.));
#10761=DIRECTION('center_axis',(-1.84889274661175E-32,9.86076131526265E-32,
-1.));
#10762=DIRECTION('ref_axis',(0.901030449373743,-0.433755840653876,-5.94307147611241E-32));
#10763=DIRECTION('',(1.84889274661175E-32,-9.86076131526265E-32,1.));
#10764=DIRECTION('',(1.84889274661175E-32,-9.86076131526265E-32,1.));
#10765=DIRECTION('center_axis',(-1.84889274661175E-32,9.86076131526265E-32,
-1.));
#10766=DIRECTION('ref_axis',(-0.999999999998304,-1.84180866731307E-6,1.84887458497295E-32));
#10767=DIRECTION('',(1.84889274661175E-32,-9.86076131526265E-32,1.));
#10768=DIRECTION('center_axis',(-1.84889274661175E-32,9.86076131526265E-32,
-1.));
#10769=DIRECTION('ref_axis',(0.504512505685048,-0.863404384751082,-9.44661406891762E-32));
#10770=DIRECTION('',(1.84889274661175E-32,-9.86076131526265E-32,1.));
#10771=DIRECTION('center_axis',(-1.,-5.55111512312576E-17,1.84889274661175E-32));
#10772=DIRECTION('ref_axis',(-5.55111512312576E-17,1.,9.86076131526265E-32));
#10773=DIRECTION('',(1.84889274661175E-32,-9.86076131526265E-32,1.));
#10774=DIRECTION('center_axis',(-6.29363849961364E-7,-0.999999999999802,
-9.86076015163444E-32));
#10775=DIRECTION('ref_axis',(-0.999999999999802,6.29363849961364E-7,1.84889895261808E-32));
#10776=DIRECTION('',(1.84889274661175E-32,-9.86076131526265E-32,1.));
#10777=DIRECTION('center_axis',(-1.84889274661175E-32,9.86076131526265E-32,
-1.));
#10778=DIRECTION('ref_axis',(-0.901027997795931,-0.433760933219967,-2.61130890074867E-32));
#10779=DIRECTION('',(1.84889274661175E-32,-9.86076131526265E-32,1.));
#10780=DIRECTION('center_axis',(-1.84889274661175E-32,9.86076131526265E-32,
-1.));
#10781=DIRECTION('ref_axis',(-5.31366277142687E-6,-0.999999999985882,-9.86075149073088E-32));
#10782=DIRECTION('',(1.84889274661175E-32,-9.86076131526265E-32,1.));
#10783=DIRECTION('center_axis',(-1.84889274661175E-32,9.86076131526265E-32,
-1.));
#10784=DIRECTION('ref_axis',(-0.504518364573895,-0.863400961203821,-7.58099045300613E-32));
#10785=DIRECTION('',(1.84889274661175E-32,-9.86076131526265E-32,1.));
#10786=DIRECTION('center_axis',(-1.84889274661175E-32,9.86076131526265E-32,
-1.));
#10787=DIRECTION('ref_axis',(0.504516781968886,0.863401885978806,7.58100249805845E-32));
#10788=DIRECTION('',(1.84889274661175E-32,-9.86076131526265E-32,1.));
#10789=DIRECTION('center_axis',(-1.84889274661175E-32,9.86076131526265E-32,
-1.));
#10790=DIRECTION('ref_axis',(3.31364930986687E-6,0.99999999999451,9.86075518862634E-32));
#10791=DIRECTION('',(1.84889274661175E-32,-9.86076131526265E-32,1.));
#10792=DIRECTION('center_axis',(-1.84889274661175E-32,9.86076131526265E-32,
-1.));
#10793=DIRECTION('ref_axis',(0.901027997795931,0.433760933219967,2.61130890074867E-32));
#10794=DIRECTION('',(1.84889274661175E-32,-9.86076131526265E-32,1.));
#10795=DIRECTION('center_axis',(-5.55111512312576E-17,1.,9.86076131526265E-32));
#10796=DIRECTION('ref_axis',(1.,5.55111512312576E-17,-1.84889274661175E-32));
#10797=DIRECTION('',(1.84889274661175E-32,-9.86076131526265E-32,1.));
#10798=DIRECTION('center_axis',(1.,5.55111512312576E-17,-1.84889274661175E-32));
#10799=DIRECTION('ref_axis',(5.55111512312576E-17,-1.,-9.86076131526265E-32));
#10800=DIRECTION('',(1.84889274661175E-32,-9.86076131526265E-32,1.));
#10801=DIRECTION('center_axis',(-1.84889274661175E-32,9.86076131526265E-32,
-1.));
#10802=DIRECTION('ref_axis',(-0.504512505685048,0.863404384751082,9.44661406891762E-32));
#10803=DIRECTION('',(1.84889274661175E-32,-9.86076131526265E-32,1.));
#10804=DIRECTION('center_axis',(-1.84889274661175E-32,9.86076131526265E-32,
-1.));
#10805=DIRECTION('ref_axis',(0.99999999999262,3.84181144189005E-6,-1.84885486341245E-32));
#10806=DIRECTION('',(1.84889274661175E-32,-9.86076131526265E-32,1.));
#10807=DIRECTION('center_axis',(-1.84889274661175E-32,9.86076131526265E-32,
-1.));
#10808=DIRECTION('ref_axis',(-0.901031864884234,0.433752900236113,5.94304509848175E-32));
#10809=DIRECTION('center_axis',(-1.84889274661175E-32,9.86076131526265E-32,
-1.));
#10810=DIRECTION('ref_axis',(5.55111512312576E-17,-1.,-9.86076131526265E-32));
#10811=DIRECTION('',(-1.84889274661175E-32,9.86076131526265E-32,-1.));
#10812=DIRECTION('center_axis',(-1.84889274661175E-32,9.86076131526265E-32,
-1.));
#10813=DIRECTION('ref_axis',(5.55111512312576E-17,-1.,-9.86076131526265E-32));
#10814=DIRECTION('',(-1.84889274661175E-32,9.86076131526265E-32,-1.));
#10815=DIRECTION('center_axis',(-1.84889274661175E-32,9.86076131526265E-32,
-1.));
#10816=DIRECTION('ref_axis',(5.55111512312576E-17,-1.,-9.86076131526265E-32));
#10817=DIRECTION('',(-1.84889274661175E-32,9.86076131526265E-32,-1.));
#10818=DIRECTION('center_axis',(-1.84889274661175E-32,9.86076131526265E-32,
-1.));
#10819=DIRECTION('ref_axis',(5.55111512312576E-17,-1.,-9.86076131526265E-32));
#10820=DIRECTION('',(-1.84889274661175E-32,9.86076131526265E-32,-1.));
#10821=DIRECTION('center_axis',(-1.84889274661175E-32,9.86076131526265E-32,
-1.));
#10822=DIRECTION('ref_axis',(5.55111512312576E-17,-1.,-9.86076131526265E-32));
#10823=DIRECTION('',(-1.84889274661175E-32,9.86076131526265E-32,-1.));
#10824=DIRECTION('center_axis',(-1.84889274661175E-32,9.86076131526265E-32,
-1.));
#10825=DIRECTION('ref_axis',(5.55111512312576E-17,-1.,-9.86076131526265E-32));
#10826=DIRECTION('',(-1.84889274661175E-32,9.86076131526265E-32,-1.));
#10827=DIRECTION('center_axis',(-1.84889274661175E-32,9.86076131526265E-32,
-1.));
#10828=DIRECTION('ref_axis',(5.55111512312576E-17,-1.,-9.86076131526265E-32));
#10829=DIRECTION('',(-1.84889274661175E-32,9.86076131526265E-32,-1.));
#10830=DIRECTION('center_axis',(-1.84889274661175E-32,9.86076131526265E-32,
-1.));
#10831=DIRECTION('ref_axis',(0.504516781968886,0.863401885978806,7.58100249805845E-32));
#10832=DIRECTION('',(1.84889274661175E-32,-9.86076131526265E-32,1.));
#10833=DIRECTION('',(1.84889274661175E-32,-9.86076131526265E-32,1.));
#10834=DIRECTION('center_axis',(-1.84889274661175E-32,9.86076131526265E-32,
-1.));
#10835=DIRECTION('ref_axis',(-5.31366276076886E-6,-0.999999999985882,-9.8607514907309E-32));
#10836=DIRECTION('',(1.84889274661175E-32,-9.86076131526265E-32,1.));
#10837=DIRECTION('center_axis',(-1.84889274661175E-32,9.86076131526265E-32,
-1.));
#10838=DIRECTION('ref_axis',(0.901027997795931,0.433760933219967,2.61130890074867E-32));
#10839=DIRECTION('',(1.84889274661175E-32,-9.86076131526265E-32,1.));
#10840=DIRECTION('center_axis',(-6.29363849961364E-7,-0.999999999999802,
-9.86076015163444E-32));
#10841=DIRECTION('ref_axis',(-0.999999999999802,6.29363849961364E-7,1.84889895261808E-32));
#10842=DIRECTION('',(1.84889274661175E-32,-9.86076131526265E-32,1.));
#10843=DIRECTION('center_axis',(1.,5.55111512312576E-17,-1.84889274661175E-32));
#10844=DIRECTION('ref_axis',(5.55111512312576E-17,-1.,-9.86076131526265E-32));
#10845=DIRECTION('',(1.84889274661175E-32,-9.86076131526265E-32,1.));
#10846=DIRECTION('center_axis',(-1.84889274661175E-32,9.86076131526265E-32,
-1.));
#10847=DIRECTION('ref_axis',(0.504512505685048,-0.863404384751082,-9.44661406891762E-32));
#10848=DIRECTION('',(1.84889274661175E-32,-9.86076131526265E-32,1.));
#10849=DIRECTION('center_axis',(-1.84889274661175E-32,9.86076131526265E-32,
-1.));
#10850=DIRECTION('ref_axis',(0.99999999999262,3.84181144899605E-6,-1.84885486341238E-32));
#10851=DIRECTION('',(1.84889274661175E-32,-9.86076131526265E-32,1.));
#10852=DIRECTION('center_axis',(-1.84889274661175E-32,9.86076131526265E-32,
-1.));
#10853=DIRECTION('ref_axis',(0.901030449373743,-0.433755840653876,-5.94307147611241E-32));
#10854=DIRECTION('',(1.84889274661175E-32,-9.86076131526265E-32,1.));
#10855=DIRECTION('center_axis',(-1.84889274661175E-32,9.86076131526265E-32,
-1.));
#10856=DIRECTION('ref_axis',(-0.901030852831367,0.433755002560177,5.94306395782035E-32));
#10857=DIRECTION('',(1.84889274661175E-32,-9.86076131526265E-32,1.));
#10858=DIRECTION('center_axis',(-1.84889274661175E-32,9.86076131526265E-32,
-1.));
#10859=DIRECTION('ref_axis',(-0.99999999999262,-3.84181144899605E-6,1.84885486341238E-32));
#10860=DIRECTION('',(1.84889274661175E-32,-9.86076131526265E-32,1.));
#10861=DIRECTION('center_axis',(-1.84889274661175E-32,9.86076131526265E-32,
-1.));
#10862=DIRECTION('ref_axis',(-0.504490651279965,0.863417154549941,9.44669958240517E-32));
#10863=DIRECTION('',(1.84889274661175E-32,-9.86076131526265E-32,1.));
#10864=DIRECTION('center_axis',(-1.,-5.55111512312576E-17,1.84889274661175E-32));
#10865=DIRECTION('ref_axis',(-5.55111512312576E-17,1.,9.86076131526265E-32));
#10866=DIRECTION('',(1.84889274661175E-32,-9.86076131526265E-32,1.));
#10867=DIRECTION('center_axis',(-5.55111512312576E-17,1.,9.86076131526265E-32));
#10868=DIRECTION('ref_axis',(1.,5.55111512312576E-17,-1.84889274661175E-32));
#10869=DIRECTION('',(1.84889274661175E-32,-9.86076131526265E-32,1.));
#10870=DIRECTION('center_axis',(-1.84889274661175E-32,9.86076131526265E-32,
-1.));
#10871=DIRECTION('ref_axis',(-0.901026284456518,-0.433764492228768,-2.61134716306579E-32));
#10872=DIRECTION('',(1.84889274661175E-32,-9.86076131526265E-32,1.));
#10873=DIRECTION('center_axis',(-1.84889274661175E-32,9.86076131526265E-32,
-1.));
#10874=DIRECTION('ref_axis',(3.31364931697187E-6,0.99999999999451,9.86075518862633E-32));
#10875=DIRECTION('',(1.84889274661175E-32,-9.86076131526265E-32,1.));
#10876=DIRECTION('center_axis',(-1.84889274661175E-32,9.86076131526265E-32,
-1.));
#10877=DIRECTION('ref_axis',(-0.504517972959146,-0.863401190039251,-7.58099343355135E-32));
#10878=DIRECTION('center_axis',(-1.84889274661175E-32,9.86076131526265E-32,
-1.));
#10879=DIRECTION('ref_axis',(5.55111512312576E-17,-1.,-9.86076131526265E-32));
#10880=DIRECTION('',(-1.84889274661175E-32,9.86076131526265E-32,-1.));
#10881=DIRECTION('center_axis',(-1.84889274661175E-32,9.86076131526265E-32,
-1.));
#10882=DIRECTION('ref_axis',(5.55111512312576E-17,-1.,-9.86076131526265E-32));
#10883=DIRECTION('',(-1.84889274661175E-32,9.86076131526265E-32,-1.));
#10884=DIRECTION('center_axis',(-1.84889274661175E-32,9.86076131526265E-32,
-1.));
#10885=DIRECTION('ref_axis',(5.55111512312576E-17,-1.,-9.86076131526265E-32));
#10886=DIRECTION('',(-1.84889274661175E-32,9.86076131526265E-32,-1.));
#10887=DIRECTION('center_axis',(-1.84889274661175E-32,9.86076131526265E-32,
-1.));
#10888=DIRECTION('ref_axis',(8.41483745429126E-15,-1.,-9.86076131526266E-32));
#10889=DIRECTION('',(-1.84889274661175E-32,9.86076131526265E-32,-1.));
#10890=DIRECTION('center_axis',(-1.84889274661175E-32,9.86076131526265E-32,
-1.));
#10891=DIRECTION('ref_axis',(5.55111512312576E-17,-1.,-9.86076131526265E-32));
#10892=DIRECTION('',(-1.84889274661175E-32,9.86076131526265E-32,-1.));
#10893=DIRECTION('center_axis',(-1.84889274661175E-32,9.86076131526265E-32,
-1.));
#10894=DIRECTION('ref_axis',(5.55111512312576E-17,-1.,-9.86076131526265E-32));
#10895=DIRECTION('',(-1.84889274661175E-32,9.86076131526265E-32,-1.));
#10896=DIRECTION('center_axis',(-1.84889274661175E-32,9.86076131526265E-32,
-1.));
#10897=DIRECTION('ref_axis',(5.55111512312576E-17,-1.,-9.86076131526265E-32));
#10898=DIRECTION('',(-1.84889274661175E-32,9.86076131526265E-32,-1.));
#10899=DIRECTION('center_axis',(-1.84889274661175E-32,9.86076131526265E-32,
-1.));
#10900=DIRECTION('ref_axis',(0.901030449373743,-0.433755840653876,-5.94307147611241E-32));
#10901=DIRECTION('',(1.84889274661175E-32,-9.86076131526265E-32,1.));
#10902=DIRECTION('',(1.84889274661175E-32,-9.86076131526265E-32,1.));
#10903=DIRECTION('center_axis',(-1.84889274661175E-32,9.86076131526265E-32,
-1.));
#10904=DIRECTION('ref_axis',(-0.999999999998304,-1.84180866642507E-6,1.84887458497296E-32));
#10905=DIRECTION('',(1.84889274661175E-32,-9.86076131526265E-32,1.));
#10906=DIRECTION('center_axis',(-1.84889274661175E-32,9.86076131526265E-32,
-1.));
#10907=DIRECTION('ref_axis',(0.504512505685048,-0.863404384751082,-9.44661406891762E-32));
#10908=DIRECTION('',(1.84889274661175E-32,-9.86076131526265E-32,1.));
#10909=DIRECTION('center_axis',(-1.,-5.55111512312576E-17,1.84889274661175E-32));
#10910=DIRECTION('ref_axis',(-5.55111512312576E-17,1.,9.86076131526265E-32));
#10911=DIRECTION('',(1.84889274661175E-32,-9.86076131526265E-32,1.));
#10912=DIRECTION('center_axis',(-6.29363851638264E-7,-0.999999999999802,
-9.86076015163443E-32));
#10913=DIRECTION('ref_axis',(-0.999999999999802,6.29363851638264E-7,1.8488989526181E-32));
#10914=DIRECTION('',(1.84889274661175E-32,-9.86076131526265E-32,1.));
#10915=DIRECTION('center_axis',(-1.84889274661175E-32,9.86076131526265E-32,
-1.));
#10916=DIRECTION('ref_axis',(-0.901027997795931,-0.433760933219967,-2.61130890074867E-32));
#10917=DIRECTION('',(1.84889274661175E-32,-9.86076131526265E-32,1.));
#10918=DIRECTION('center_axis',(-1.84889274661175E-32,9.86076131526265E-32,
-1.));
#10919=DIRECTION('ref_axis',(-5.31366277142687E-6,-0.999999999985882,-9.86075149073088E-32));
#10920=DIRECTION('',(1.84889274661175E-32,-9.86076131526265E-32,1.));
#10921=DIRECTION('center_axis',(-1.84889274661175E-32,9.86076131526265E-32,
-1.));
#10922=DIRECTION('ref_axis',(-0.504518364573895,-0.863400961203821,-7.58099045300613E-32));
#10923=DIRECTION('',(1.84889274661175E-32,-9.86076131526265E-32,1.));
#10924=DIRECTION('center_axis',(-1.84889274661175E-32,9.86076131526265E-32,
-1.));
#10925=DIRECTION('ref_axis',(0.504516781968886,0.863401885978806,7.58100249805845E-32));
#10926=DIRECTION('',(1.84889274661175E-32,-9.86076131526265E-32,1.));
#10927=DIRECTION('center_axis',(-1.84889274661175E-32,9.86076131526265E-32,
-1.));
#10928=DIRECTION('ref_axis',(3.31364931341987E-6,0.99999999999451,9.86075518862633E-32));
#10929=DIRECTION('',(1.84889274661175E-32,-9.86076131526265E-32,1.));
#10930=DIRECTION('center_axis',(-1.84889274661175E-32,9.86076131526265E-32,
-1.));
#10931=DIRECTION('ref_axis',(0.901027997795931,0.433760933219967,2.61130890074867E-32));
#10932=DIRECTION('',(1.84889274661175E-32,-9.86076131526265E-32,1.));
#10933=DIRECTION('center_axis',(-5.55111512312576E-17,1.,9.86076131526265E-32));
#10934=DIRECTION('ref_axis',(1.,5.55111512312576E-17,-1.84889274661175E-32));
#10935=DIRECTION('',(1.84889274661175E-32,-9.86076131526265E-32,1.));
#10936=DIRECTION('center_axis',(1.,5.55111512312576E-17,-1.84889274661175E-32));
#10937=DIRECTION('ref_axis',(5.55111512312576E-17,-1.,-9.86076131526265E-32));
#10938=DIRECTION('',(1.84889274661175E-32,-9.86076131526265E-32,1.));
#10939=DIRECTION('center_axis',(-1.84889274661175E-32,9.86076131526265E-32,
-1.));
#10940=DIRECTION('ref_axis',(-0.504490651279965,0.863417154549941,9.44669958240517E-32));
#10941=DIRECTION('',(1.84889274661175E-32,-9.86076131526265E-32,1.));
#10942=DIRECTION('center_axis',(-1.84889274661175E-32,9.86076131526265E-32,
-1.));
#10943=DIRECTION('ref_axis',(0.999999999998304,1.84180866198407E-6,-1.84887458497301E-32));
#10944=DIRECTION('',(1.84889274661175E-32,-9.86076131526265E-32,1.));
#10945=DIRECTION('center_axis',(-1.84889274661175E-32,9.86076131526265E-32,
-1.));
#10946=DIRECTION('ref_axis',(-0.901030852831367,0.433755002560177,5.94306395782035E-32));
#10947=DIRECTION('center_axis',(-1.84889274661175E-32,9.86076131526265E-32,
-1.));
#10948=DIRECTION('ref_axis',(5.55111512312576E-17,-1.,-9.86076131526265E-32));
#10949=DIRECTION('',(-1.84889274661175E-32,9.86076131526265E-32,-1.));
#10950=DIRECTION('center_axis',(-1.84889274661175E-32,9.86076131526265E-32,
-1.));
#10951=DIRECTION('ref_axis',(5.55111512312576E-17,-1.,-9.86076131526265E-32));
#10952=DIRECTION('',(-1.84889274661175E-32,9.86076131526265E-32,-1.));
#10953=DIRECTION('center_axis',(-1.84889274661175E-32,9.86076131526265E-32,
-1.));
#10954=DIRECTION('ref_axis',(5.55111512312576E-17,-1.,-9.86076131526265E-32));
#10955=DIRECTION('',(-1.84889274661175E-32,9.86076131526265E-32,-1.));
#10956=DIRECTION('center_axis',(-1.84889274661175E-32,9.86076131526265E-32,
-1.));
#10957=DIRECTION('ref_axis',(5.55111512312576E-17,-1.,-9.86076131526265E-32));
#10958=DIRECTION('',(-1.84889274661175E-32,9.86076131526265E-32,-1.));
#10959=DIRECTION('center_axis',(-1.84889274661175E-32,9.86076131526265E-32,
-1.));
#10960=DIRECTION('ref_axis',(0.901030449373743,-0.433755840653876,-5.94307147611241E-32));
#10961=DIRECTION('',(1.84889274661175E-32,-9.86076131526265E-32,1.));
#10962=DIRECTION('',(1.84889274661175E-32,-9.86076131526265E-32,1.));
#10963=DIRECTION('center_axis',(-1.84889274661175E-32,9.86076131526265E-32,
-1.));
#10964=DIRECTION('ref_axis',(-0.999999999998304,-1.84180866642507E-6,1.84887458497296E-32));
#10965=DIRECTION('',(1.84889274661175E-32,-9.86076131526265E-32,1.));
#10966=DIRECTION('center_axis',(-1.84889274661175E-32,9.86076131526265E-32,
-1.));
#10967=DIRECTION('ref_axis',(0.504512505685048,-0.863404384751082,-9.44661406891762E-32));
#10968=DIRECTION('',(1.84889274661175E-32,-9.86076131526265E-32,1.));
#10969=DIRECTION('center_axis',(-1.,-5.55111512312576E-17,1.84889274661175E-32));
#10970=DIRECTION('ref_axis',(-5.55111512312576E-17,1.,9.86076131526265E-32));
#10971=DIRECTION('',(1.84889274661175E-32,-9.86076131526265E-32,1.));
#10972=DIRECTION('center_axis',(-6.29363851638264E-7,-0.999999999999802,
-9.86076015163443E-32));
#10973=DIRECTION('ref_axis',(-0.999999999999802,6.29363851638264E-7,1.8488989526181E-32));
#10974=DIRECTION('',(1.84889274661175E-32,-9.86076131526265E-32,1.));
#10975=DIRECTION('center_axis',(-1.84889274661175E-32,9.86076131526265E-32,
-1.));
#10976=DIRECTION('ref_axis',(-0.901026284456518,-0.433764492228768,-2.61134716306579E-32));
#10977=DIRECTION('',(1.84889274661175E-32,-9.86076131526265E-32,1.));
#10978=DIRECTION('center_axis',(-1.84889274661175E-32,9.86076131526265E-32,
-1.));
#10979=DIRECTION('ref_axis',(-5.31366276787386E-6,-0.999999999985882,-9.86075149073089E-32));
#10980=DIRECTION('',(1.84889274661175E-32,-9.86076131526265E-32,1.));
#10981=DIRECTION('center_axis',(-1.84889274661175E-32,9.86076131526265E-32,
-1.));
#10982=DIRECTION('ref_axis',(-0.504517972959146,-0.863401190039251,-7.58099343355135E-32));
#10983=DIRECTION('',(1.84889274661175E-32,-9.86076131526265E-32,1.));
#10984=DIRECTION('center_axis',(-1.84889274661175E-32,9.86076131526265E-32,
-1.));
#10985=DIRECTION('ref_axis',(0.504516781968886,0.863401885978806,7.58100249805845E-32));
#10986=DIRECTION('',(1.84889274661175E-32,-9.86076131526265E-32,1.));
#10987=DIRECTION('center_axis',(-1.84889274661175E-32,9.86076131526265E-32,
-1.));
#10988=DIRECTION('ref_axis',(3.31364931697187E-6,0.99999999999451,9.86075518862633E-32));
#10989=DIRECTION('',(1.84889274661175E-32,-9.86076131526265E-32,1.));
#10990=DIRECTION('center_axis',(-1.84889274661175E-32,9.86076131526265E-32,
-1.));
#10991=DIRECTION('ref_axis',(0.901027997795931,0.433760933219967,2.61130890074867E-32));
#10992=DIRECTION('',(1.84889274661175E-32,-9.86076131526265E-32,1.));
#10993=DIRECTION('center_axis',(-5.55111512312576E-17,1.,9.86076131526265E-32));
#10994=DIRECTION('ref_axis',(1.,5.55111512312576E-17,-1.84889274661175E-32));
#10995=DIRECTION('',(1.84889274661175E-32,-9.86076131526265E-32,1.));
#10996=DIRECTION('center_axis',(1.,5.55111512312576E-17,-1.84889274661175E-32));
#10997=DIRECTION('ref_axis',(5.55111512312576E-17,-1.,-9.86076131526265E-32));
#10998=DIRECTION('',(1.84889274661175E-32,-9.86076131526265E-32,1.));
#10999=DIRECTION('center_axis',(-1.84889274661175E-32,9.86076131526265E-32,
-1.));
#11000=DIRECTION('ref_axis',(-0.504512505685048,0.863404384751082,9.44661406891762E-32));
#11001=DIRECTION('',(1.84889274661175E-32,-9.86076131526265E-32,1.));
#11002=DIRECTION('center_axis',(-1.84889274661175E-32,9.86076131526265E-32,
-1.));
#11003=DIRECTION('ref_axis',(0.999999999998304,1.84180866731307E-6,-1.84887458497295E-32));
#11004=DIRECTION('',(1.84889274661175E-32,-9.86076131526265E-32,1.));
#11005=DIRECTION('center_axis',(-1.84889274661175E-32,9.86076131526265E-32,
-1.));
#11006=DIRECTION('ref_axis',(-0.901031864884234,0.433752900236113,5.94304509848175E-32));
#11007=DIRECTION('center_axis',(-1.84889274661175E-32,9.86076131526265E-32,
-1.));
#11008=DIRECTION('ref_axis',(5.55111512312576E-17,-1.,-9.86076131526265E-32));
#11009=DIRECTION('',(-1.84889274661175E-32,9.86076131526265E-32,-1.));
#11010=DIRECTION('center_axis',(-1.84889274661175E-32,9.86076131526265E-32,
-1.));
#11011=DIRECTION('ref_axis',(5.55111512312576E-17,-1.,-9.86076131526265E-32));
#11012=DIRECTION('',(-1.84889274661175E-32,9.86076131526265E-32,-1.));
#11013=DIRECTION('center_axis',(-1.84889274661175E-32,9.86076131526265E-32,
-1.));
#11014=DIRECTION('ref_axis',(5.55111512312576E-17,-1.,-9.86076131526265E-32));
#11015=DIRECTION('',(-1.84889274661175E-32,9.86076131526265E-32,-1.));
#11016=DIRECTION('center_axis',(-1.84889274661175E-32,9.86076131526265E-32,
-1.));
#11017=DIRECTION('ref_axis',(8.41483745429126E-15,-1.,-9.86076131526266E-32));
#11018=DIRECTION('',(-1.84889274661175E-32,9.86076131526265E-32,-1.));
#11019=DIRECTION('center_axis',(-1.84889274661175E-32,9.86076131526265E-32,
-1.));
#11020=DIRECTION('ref_axis',(5.55111512312576E-17,-1.,-9.86076131526265E-32));
#11021=DIRECTION('',(-1.84889274661175E-32,9.86076131526265E-32,-1.));
#11022=DIRECTION('center_axis',(-1.84889274661175E-32,9.86076131526265E-32,
-1.));
#11023=DIRECTION('ref_axis',(5.55111512312576E-17,-1.,-9.86076131526265E-32));
#11024=DIRECTION('',(-1.84889274661175E-32,9.86076131526265E-32,-1.));
#11025=DIRECTION('center_axis',(-1.84889274661175E-32,9.86076131526265E-32,
-1.));
#11026=DIRECTION('ref_axis',(8.93729534823226E-15,-1.,-9.86076131526267E-32));
#11027=DIRECTION('',(-1.84889274661175E-32,9.86076131526265E-32,-1.));
#11028=DIRECTION('center_axis',(-1.84889274661175E-32,9.86076131526265E-32,
-1.));
#11029=DIRECTION('ref_axis',(5.55111512312576E-17,-1.,-9.86076131526265E-32));
#11030=DIRECTION('',(-1.84889274661175E-32,9.86076131526265E-32,-1.));
#11031=DIRECTION('center_axis',(-1.84889274661175E-32,9.86076131526265E-32,
-1.));
#11032=DIRECTION('ref_axis',(5.55111512312576E-17,-1.,-9.86076131526265E-32));
#11033=DIRECTION('',(-1.84889274661175E-32,9.86076131526265E-32,-1.));
#11034=DIRECTION('center_axis',(-1.84889274661175E-32,9.86076131526265E-32,
-1.));
#11035=DIRECTION('ref_axis',(-5.29090660173424E-17,-1.,-9.86076131526265E-32));
#11036=DIRECTION('',(-1.84889274661175E-32,9.86076131526265E-32,-1.));
#11037=DIRECTION('center_axis',(-1.84889274661175E-32,9.86076131526265E-32,
-1.));
#11038=DIRECTION('ref_axis',(5.55111512312576E-17,-1.,-9.86076131526265E-32));
#11039=DIRECTION('',(-1.84889274661175E-32,9.86076131526265E-32,-1.));
#11040=DIRECTION('center_axis',(-1.84889274661175E-32,9.86076131526265E-32,
-1.));
#11041=DIRECTION('ref_axis',(5.55111512312576E-17,-1.,-9.86076131526265E-32));
#11042=DIRECTION('',(-1.84889274661175E-32,9.86076131526265E-32,-1.));
#11043=DIRECTION('center_axis',(-1.84889274661175E-32,9.86076131526265E-32,
-1.));
#11044=DIRECTION('ref_axis',(5.55111512312576E-17,-1.,-9.86076131526265E-32));
#11045=DIRECTION('',(-1.84889274661175E-32,9.86076131526265E-32,-1.));
#11046=DIRECTION('center_axis',(-1.84889274661175E-32,9.86076131526265E-32,
-1.));
#11047=DIRECTION('ref_axis',(5.55111512312576E-17,-1.,-9.86076131526265E-32));
#11048=DIRECTION('',(-1.84889274661175E-32,9.86076131526265E-32,-1.));
#11049=DIRECTION('center_axis',(-1.84889274661175E-32,9.86076131526265E-32,
-1.));
#11050=DIRECTION('ref_axis',(5.55111512312576E-17,-1.,-9.86076131526265E-32));
#11051=DIRECTION('',(-1.84889274661175E-32,9.86076131526265E-32,-1.));
#11052=DIRECTION('center_axis',(-1.84889274661175E-32,9.86076131526265E-32,
-1.));
#11053=DIRECTION('ref_axis',(5.55111512312576E-17,-1.,-9.86076131526265E-32));
#11054=DIRECTION('',(-1.84889274661175E-32,9.86076131526265E-32,-1.));
#11055=DIRECTION('center_axis',(-1.84889274661175E-32,9.86076131526265E-32,
-1.));
#11056=DIRECTION('ref_axis',(5.55111512312576E-17,-1.,-9.86076131526265E-32));
#11057=DIRECTION('',(-1.84889274661175E-32,9.86076131526265E-32,-1.));
#11058=DIRECTION('center_axis',(-1.84889274661175E-32,9.86076131526265E-32,
-1.));
#11059=DIRECTION('ref_axis',(5.55111512312576E-17,-1.,-9.86076131526265E-32));
#11060=DIRECTION('',(-1.84889274661175E-32,9.86076131526265E-32,-1.));
#11061=DIRECTION('center_axis',(-1.84889274661175E-32,9.86076131526265E-32,
-1.));
#11062=DIRECTION('ref_axis',(5.55111512312576E-17,-1.,-9.86076131526265E-32));
#11063=DIRECTION('',(-1.84889274661175E-32,9.86076131526265E-32,-1.));
#11064=DIRECTION('center_axis',(-1.84889274661175E-32,9.86076131526265E-32,
-1.));
#11065=DIRECTION('ref_axis',(5.55111512312576E-17,-1.,-9.86076131526265E-32));
#11066=DIRECTION('',(-1.84889274661175E-32,9.86076131526265E-32,-1.));
#11067=DIRECTION('center_axis',(-1.84889274661175E-32,9.86076131526265E-32,
-1.));
#11068=DIRECTION('ref_axis',(5.55111512312576E-17,-1.,-9.86076131526265E-32));
#11069=DIRECTION('',(-1.84889274661175E-32,9.86076131526265E-32,-1.));
#11070=DIRECTION('center_axis',(-1.84889274661175E-32,9.86076131526265E-32,
-1.));
#11071=DIRECTION('ref_axis',(5.55111512312576E-17,-1.,-9.86076131526265E-32));
#11072=DIRECTION('',(-1.84889274661175E-32,9.86076131526265E-32,-1.));
#11073=DIRECTION('center_axis',(-1.84889274661175E-32,9.86076131526265E-32,
-1.));
#11074=DIRECTION('ref_axis',(5.55111512312576E-17,-1.,-9.86076131526265E-32));
#11075=DIRECTION('',(-1.84889274661175E-32,9.86076131526265E-32,-1.));
#11076=DIRECTION('center_axis',(-1.84889274661175E-32,9.86076131526265E-32,
-1.));
#11077=DIRECTION('ref_axis',(5.55111512312576E-17,-1.,-9.86076131526265E-32));
#11078=DIRECTION('',(-1.84889274661175E-32,9.86076131526265E-32,-1.));
#11079=DIRECTION('center_axis',(-1.84889274661175E-32,9.86076131526265E-32,
-1.));
#11080=DIRECTION('ref_axis',(5.55111512312576E-17,-1.,-9.86076131526265E-32));
#11081=DIRECTION('',(-1.84889274661175E-32,9.86076131526265E-32,-1.));
#11082=DIRECTION('center_axis',(-1.84889274661175E-32,9.86076131526265E-32,
-1.));
#11083=DIRECTION('ref_axis',(5.55111512312576E-17,-1.,-9.86076131526265E-32));
#11084=DIRECTION('',(-1.84889274661175E-32,9.86076131526265E-32,-1.));
#11085=DIRECTION('center_axis',(-1.84889274661175E-32,9.86076131526265E-32,
-1.));
#11086=DIRECTION('ref_axis',(5.55111512312576E-17,-1.,-9.86076131526265E-32));
#11087=DIRECTION('',(-1.84889274661175E-32,9.86076131526265E-32,-1.));
#11088=DIRECTION('center_axis',(-1.84889274661175E-32,9.86076131526265E-32,
-1.));
#11089=DIRECTION('ref_axis',(5.55111512312576E-17,-1.,-9.86076131526265E-32));
#11090=DIRECTION('',(-1.84889274661175E-32,9.86076131526265E-32,-1.));
#11091=DIRECTION('center_axis',(-1.84889274661175E-32,9.86076131526265E-32,
-1.));
#11092=DIRECTION('ref_axis',(5.55111512312576E-17,-1.,-9.86076131526265E-32));
#11093=DIRECTION('',(1.84889274661175E-32,-9.86076131526265E-32,1.));
#11094=DIRECTION('',(1.84889274661175E-32,-9.86076131526265E-32,1.));
#11095=DIRECTION('center_axis',(5.55111512312576E-17,-1.,-9.86076131526265E-32));
#11096=DIRECTION('ref_axis',(-1.,-5.55111512312576E-17,1.84889274661175E-32));
#11097=DIRECTION('',(1.84889274661175E-32,-9.86076131526265E-32,1.));
#11098=DIRECTION('center_axis',(-1.84889274661175E-32,9.86076131526265E-32,
-1.));
#11099=DIRECTION('ref_axis',(-5.55111512312576E-17,1.,9.86076131526265E-32));
#11100=DIRECTION('',(1.84889274661175E-32,-9.86076131526265E-32,1.));
#11101=DIRECTION('center_axis',(-5.55111512312576E-17,1.,9.86076131526265E-32));
#11102=DIRECTION('ref_axis',(1.,5.55111512312576E-17,-1.84889274661175E-32));
#11103=DIRECTION('center_axis',(-1.84889274661175E-32,9.86076131526265E-32,
-1.));
#11104=DIRECTION('ref_axis',(5.55111512312576E-17,-1.,-9.86076131526265E-32));
#11105=DIRECTION('',(-1.84889274661175E-32,9.86076131526265E-32,-1.));
#11106=DIRECTION('center_axis',(-1.84889274661175E-32,9.86076131526265E-32,
-1.));
#11107=DIRECTION('ref_axis',(5.55111512312576E-17,-1.,-9.86076131526265E-32));
#11108=DIRECTION('',(-1.84889274661175E-32,9.86076131526265E-32,-1.));
#11109=DIRECTION('center_axis',(-1.84889274661175E-32,9.86076131526265E-32,
-1.));
#11110=DIRECTION('ref_axis',(5.55111512312576E-17,-1.,-9.86076131526265E-32));
#11111=DIRECTION('',(-1.84889274661175E-32,9.86076131526265E-32,-1.));
#11112=DIRECTION('center_axis',(-1.84889274661175E-32,9.86076131526265E-32,
-1.));
#11113=DIRECTION('ref_axis',(5.55111512312576E-17,-1.,-9.86076131526265E-32));
#11114=DIRECTION('',(-1.84889274661175E-32,9.86076131526265E-32,-1.));
#11115=DIRECTION('center_axis',(-1.84889274661175E-32,9.86076131526265E-32,
-1.));
#11116=DIRECTION('ref_axis',(5.55111512312576E-17,-1.,-9.86076131526265E-32));
#11117=DIRECTION('',(-1.84889274661175E-32,9.86076131526265E-32,-1.));
#11118=DIRECTION('center_axis',(-1.84889274661175E-32,9.86076131526265E-32,
-1.));
#11119=DIRECTION('ref_axis',(5.55111512312576E-17,-1.,-9.86076131526265E-32));
#11120=DIRECTION('',(-1.84889274661175E-32,9.86076131526265E-32,-1.));
#11121=DIRECTION('center_axis',(-1.84889274661175E-32,9.86076131526265E-32,
-1.));
#11122=DIRECTION('ref_axis',(5.55111512312576E-17,-1.,-9.86076131526265E-32));
#11123=DIRECTION('',(-1.84889274661175E-32,9.86076131526265E-32,-1.));
#11124=DIRECTION('center_axis',(-1.84889274661175E-32,9.86076131526265E-32,
-1.));
#11125=DIRECTION('ref_axis',(5.55111512312576E-17,-1.,-9.86076131526265E-32));
#11126=DIRECTION('',(-1.84889274661175E-32,9.86076131526265E-32,-1.));
#11127=DIRECTION('center_axis',(-1.84889274661175E-32,9.86076131526265E-32,
-1.));
#11128=DIRECTION('ref_axis',(5.55111512312576E-17,-1.,-9.86076131526265E-32));
#11129=DIRECTION('',(-1.84889274661175E-32,9.86076131526265E-32,-1.));
#11130=DIRECTION('center_axis',(-1.84889274661175E-32,9.86076131526265E-32,
-1.));
#11131=DIRECTION('ref_axis',(5.55111512312576E-17,-1.,-9.86076131526265E-32));
#11132=DIRECTION('',(-1.84889274661175E-32,9.86076131526265E-32,-1.));
#11133=DIRECTION('center_axis',(-1.84889274661175E-32,9.86076131526265E-32,
-1.));
#11134=DIRECTION('ref_axis',(5.55111512312576E-17,-1.,-9.86076131526265E-32));
#11135=DIRECTION('',(-1.84889274661175E-32,9.86076131526265E-32,-1.));
#11136=DIRECTION('center_axis',(-1.84889274661175E-32,9.86076131526265E-32,
-1.));
#11137=DIRECTION('ref_axis',(5.55111512312576E-17,-1.,-9.86076131526265E-32));
#11138=DIRECTION('',(1.84889274661175E-32,-9.86076131526265E-32,1.));
#11139=DIRECTION('',(1.84889274661175E-32,-9.86076131526265E-32,1.));
#11140=DIRECTION('center_axis',(5.55111512312576E-17,-1.,-9.86076131526265E-32));
#11141=DIRECTION('ref_axis',(-1.,-5.55111512312576E-17,1.84889274661175E-32));
#11142=DIRECTION('',(1.84889274661175E-32,-9.86076131526265E-32,1.));
#11143=DIRECTION('center_axis',(-1.84889274661175E-32,9.86076131526265E-32,
-1.));
#11144=DIRECTION('ref_axis',(-5.55111512312576E-17,1.,9.86076131526265E-32));
#11145=DIRECTION('',(1.84889274661175E-32,-9.86076131526265E-32,1.));
#11146=DIRECTION('center_axis',(-5.55111512312576E-17,1.,9.86076131526265E-32));
#11147=DIRECTION('ref_axis',(1.,5.55111512312576E-17,-1.84889274661175E-32));
#11148=DIRECTION('',(9.57918872097043E-48,0.,1.));
#11149=DIRECTION('',(1.110223024625E-16,-1.,4.93038065763132E-32));
#11150=DIRECTION('',(9.57918872097043E-48,0.,1.));
#11151=DIRECTION('',(1.110223024625E-16,-1.,4.93038065763132E-32));
#11152=DIRECTION('',(9.57918872097043E-48,0.,1.));
#11153=DIRECTION('',(1.110223024625E-16,-1.,4.93038065763132E-32));
#11154=DIRECTION('',(9.57918872097043E-48,0.,1.));
#11155=DIRECTION('',(1.110223024625E-16,-1.,4.93038065763132E-32));
#11156=DIRECTION('',(9.57918872097043E-48,0.,1.));
#11157=DIRECTION('',(1.110223024625E-16,-1.,4.93038065763132E-32));
#11158=DIRECTION('',(9.57918872097043E-48,0.,1.));
#11159=DIRECTION('',(1.110223024625E-16,-1.,4.93038065763132E-32));
#11160=DIRECTION('',(9.57918872097043E-48,0.,1.));
#11161=DIRECTION('',(1.110223024625E-16,-1.,4.93038065763132E-32));
#11162=DIRECTION('',(9.57918872097043E-48,0.,1.));
#11163=DIRECTION('',(1.110223024625E-16,-1.,4.93038065763132E-32));
#11164=DIRECTION('',(9.57918872097043E-48,0.,1.));
#11165=DIRECTION('',(1.,0.,0.));
#11166=DIRECTION('center_axis',(0.,1.,0.));
#11167=DIRECTION('ref_axis',(-0.707106781186548,0.,0.707106781186548));
#11168=DIRECTION('center_axis',(0.,-1.,0.));
#11169=DIRECTION('ref_axis',(-0.707106781186548,0.,0.707106781186548));
#11170=DIRECTION('',(0.,-1.,0.));
#11171=DIRECTION('center_axis',(0.,1.,0.));
#11172=DIRECTION('ref_axis',(-1.,0.,0.));
#11173=DIRECTION('',(0.,1.,0.));
#11174=DIRECTION('center_axis',(0.,0.,1.));
#11175=DIRECTION('ref_axis',(-0.707106781186546,-0.707106781186549,0.));
#11176=DIRECTION('center_axis',(0.,0.,1.));
#11177=DIRECTION('ref_axis',(-1.,0.,0.));
#11178=DIRECTION('',(0.,0.,1.));
#11179=DIRECTION('center_axis',(0.,-8.88178419700125E-15,-1.));
#11180=DIRECTION('ref_axis',(0.,-1.,8.88178419700125E-15));
#11181=DIRECTION('',(0.,0.,-1.));
#11182=DIRECTION('center_axis',(0.,1.,0.));
#11183=DIRECTION('ref_axis',(-0.707106781186548,0.,-0.707106781186548));
#11184=DIRECTION('center_axis',(0.,-1.,0.));
#11185=DIRECTION('ref_axis',(-0.707106781186548,0.,-0.707106781186548));
#11186=DIRECTION('',(0.,-1.,0.));
#11187=DIRECTION('center_axis',(0.,1.,0.));
#11188=DIRECTION('ref_axis',(0.,0.,-1.));
#11189=DIRECTION('',(0.,1.,0.));
#11190=DIRECTION('center_axis',(-0.816496580927727,0.408248290463864,0.40824829046386));
#11191=DIRECTION('ref_axis',(-0.577350269189624,-0.577350269189629,-0.577350269189624));
#11192=DIRECTION('center_axis',(-1.,0.,0.));
#11193=DIRECTION('ref_axis',(0.,-0.707106781186549,-0.707106781186546));
#11194=DIRECTION('center_axis',(-0.816496580927727,0.408248290463864,-0.40824829046386));
#11195=DIRECTION('ref_axis',(-0.577350269189624,-0.577350269189629,0.577350269189624));
#11196=DIRECTION('center_axis',(-1.,0.,0.));
#11197=DIRECTION('ref_axis',(0.,-0.707106781186549,0.707106781186546));
#11198=DIRECTION('center_axis',(0.,0.,1.));
#11199=DIRECTION('ref_axis',(1.,0.,0.));
#11200=DIRECTION('',(-1.,0.,0.));
#11201=DIRECTION('',(0.,-1.,0.));
#11202=DIRECTION('',(1.,0.,0.));
#11203=DIRECTION('center_axis',(1.,0.,0.));
#11204=DIRECTION('ref_axis',(0.,-0.707106781186549,0.707106781186546));
#11205=DIRECTION('',(1.,0.,0.));
#11206=DIRECTION('center_axis',(1.,0.,0.));
#11207=DIRECTION('ref_axis',(0.,-1.,0.));
#11208=DIRECTION('center_axis',(0.,1.,0.));
#11209=DIRECTION('ref_axis',(1.,0.,0.));
#11210=DIRECTION('',(-1.,0.,0.));
#11211=DIRECTION('',(0.,0.,-1.));
#11212=DIRECTION('center_axis',(0.,-1.,0.));
#11213=DIRECTION('ref_axis',(1.,0.,0.));
#11214=DIRECTION('center_axis',(0.,-1.,0.));
#11215=DIRECTION('ref_axis',(1.,0.,0.));
#11216=DIRECTION('center_axis',(0.,-1.,0.));
#11217=DIRECTION('ref_axis',(1.,0.,0.));
#11218=DIRECTION('center_axis',(0.,-1.,0.));
#11219=DIRECTION('ref_axis',(1.,0.,0.));
#11220=DIRECTION('center_axis',(-1.,0.,0.));
#11221=DIRECTION('ref_axis',(0.,-0.707106781186549,-0.707106781186546));
#11222=DIRECTION('',(1.,0.,0.));
#11223=DIRECTION('center_axis',(-1.,0.,0.));
#11224=DIRECTION('ref_axis',(0.,0.,-1.));
#11225=DIRECTION('center_axis',(0.,0.,-1.));
#11226=DIRECTION('ref_axis',(-1.,0.,0.));
#11227=DIRECTION('',(-1.,0.,0.));
#11228=DIRECTION('',(0.,1.,0.));
#11229=DIRECTION('',(1.,0.,0.));
#11230=DIRECTION('center_axis',(0.,0.,1.));
#11231=DIRECTION('ref_axis',(1.,5.55111512312578E-16,0.));
#11232=DIRECTION('',(0.,1.,0.));
#11233=DIRECTION('center_axis',(0.,0.,1.));
#11234=DIRECTION('ref_axis',(2.77555756156289E-16,1.,0.));
#11235=DIRECTION('',(-1.,0.,0.));
#11236=DIRECTION('center_axis',(0.,0.,1.));
#11237=DIRECTION('ref_axis',(-1.,5.55111512312578E-16,0.));
#11238=DIRECTION('',(0.,-1.,0.));
#11239=DIRECTION('center_axis',(0.,0.,1.));
#11240=DIRECTION('ref_axis',(0.,-1.,0.));
#11241=DIRECTION('center_axis',(0.,1.,0.));
#11242=DIRECTION('ref_axis',(0.707106781186548,0.,-0.707106781186548));
#11243=DIRECTION('center_axis',(0.,-1.,0.));
#11244=DIRECTION('ref_axis',(0.707106781186548,0.,-0.707106781186548));
#11245=DIRECTION('',(0.,-1.,0.));
#11246=DIRECTION('center_axis',(0.,1.,0.));
#11247=DIRECTION('ref_axis',(1.,0.,8.88178419700128E-15));
#11248=DIRECTION('center_axis',(-0.408248290463859,-0.816496580927726,0.408248290463867));
#11249=DIRECTION('ref_axis',(0.577350269189623,-0.577350269189625,-0.57735026918963));
#11250=DIRECTION('center_axis',(0.,0.,-1.));
#11251=DIRECTION('ref_axis',(0.707106781186546,-0.707106781186549,0.));
#11252=DIRECTION('center_axis',(-1.,0.,0.));
#11253=DIRECTION('ref_axis',(0.,0.,1.));
#11254=DIRECTION('',(0.,0.,1.));
#11255=DIRECTION('center_axis',(0.,0.,-1.));
#11256=DIRECTION('ref_axis',(0.707106781186546,-0.707106781186549,0.));
#11257=DIRECTION('',(0.,0.,1.));
#11258=DIRECTION('center_axis',(0.,0.,1.));
#11259=DIRECTION('ref_axis',(1.,0.,0.));
#11260=DIRECTION('center_axis',(1.,0.,0.));
#11261=DIRECTION('ref_axis',(0.,0.,-1.));
#11262=DIRECTION('',(0.,0.,-1.));
#11263=DIRECTION('',(0.,1.,0.));
#11264=DIRECTION('center_axis',(-0.816496580927728,-0.408248290463863,0.40824829046386));
#11265=DIRECTION('ref_axis',(0.577350269189625,-0.577350269189628,0.577350269189625));
#11266=DIRECTION('center_axis',(0.,-1.,0.));
#11267=DIRECTION('ref_axis',(0.,0.,1.));
#11268=DIRECTION('center_axis',(0.,1.,0.));
#11269=DIRECTION('ref_axis',(0.707106781186548,0.,0.707106781186548));
#11270=DIRECTION('center_axis',(0.,-1.,0.));
#11271=DIRECTION('ref_axis',(0.707106781186548,0.,0.707106781186548));
#11272=DIRECTION('center_axis',(0.,1.,0.));
#11273=DIRECTION('ref_axis',(1.,0.,0.));
#11274=DIRECTION('center_axis',(0.,1.,0.));
#11275=DIRECTION('ref_axis',(1.,0.,0.));
#11276=DIRECTION('',(0.,-1.,0.));
#11277=DIRECTION('center_axis',(0.,-1.,0.));
#11278=DIRECTION('ref_axis',(1.,0.,0.));
#11279=DIRECTION('center_axis',(0.,1.,0.));
#11280=DIRECTION('ref_axis',(1.,0.,0.));
#11281=DIRECTION('center_axis',(0.,1.,0.));
#11282=DIRECTION('ref_axis',(1.,0.,0.));
#11283=DIRECTION('center_axis',(0.,1.,0.));
#11284=DIRECTION('ref_axis',(1.,0.,0.));
#11285=DIRECTION('',(0.,-1.,0.));
#11286=DIRECTION('center_axis',(0.,-1.,0.));
#11287=DIRECTION('ref_axis',(1.,0.,0.));
#11288=DIRECTION('center_axis',(0.,1.,0.));
#11289=DIRECTION('ref_axis',(1.,0.,0.));
#11290=DIRECTION('center_axis',(0.,1.,0.));
#11291=DIRECTION('ref_axis',(1.,0.,0.));
#11292=DIRECTION('center_axis',(0.,1.,0.));
#11293=DIRECTION('ref_axis',(1.,0.,0.));
#11294=DIRECTION('',(0.,-1.,0.));
#11295=DIRECTION('center_axis',(0.,-1.,0.));
#11296=DIRECTION('ref_axis',(1.,0.,0.));
#11297=DIRECTION('center_axis',(0.,1.,0.));
#11298=DIRECTION('ref_axis',(1.,0.,0.));
#11299=DIRECTION('center_axis',(0.,1.,0.));
#11300=DIRECTION('ref_axis',(1.,0.,0.));
#11301=DIRECTION('center_axis',(0.,1.,0.));
#11302=DIRECTION('ref_axis',(1.,0.,0.));
#11303=DIRECTION('',(0.,-1.,0.));
#11304=DIRECTION('center_axis',(0.,-1.,0.));
#11305=DIRECTION('ref_axis',(1.,0.,0.));
#11306=DIRECTION('center_axis',(0.,1.,0.));
#11307=DIRECTION('ref_axis',(1.,0.,0.));
#11308=DIRECTION('center_axis',(0.,-1.,0.));
#11309=DIRECTION('ref_axis',(1.,0.,0.));
#11310=DIRECTION('',(0.,0.,1.));
#11311=DIRECTION('',(-1.,0.,0.));
#11312=DIRECTION('',(0.,0.,1.));
#11313=DIRECTION('center_axis',(0.,0.,1.));
#11314=DIRECTION('ref_axis',(0.,-1.,0.));
#11315=DIRECTION('',(0.,0.,1.));
#11316=DIRECTION('center_axis',(0.,0.,-1.));
#11317=DIRECTION('ref_axis',(0.,-1.,0.));
#11318=DIRECTION('center_axis',(-1.,0.,0.));
#11319=DIRECTION('ref_axis',(0.,-1.,0.));
#11320=DIRECTION('',(0.,0.,1.));
#11321=DIRECTION('',(0.,1.,0.));
#11322=DIRECTION('center_axis',(0.,0.,1.));
#11323=DIRECTION('ref_axis',(-1.,5.55111512312578E-16,0.));
#11324=DIRECTION('',(0.,0.,1.));
#11325=DIRECTION('center_axis',(0.,0.,-1.));
#11326=DIRECTION('ref_axis',(-1.,5.55111512312578E-16,0.));
#11327=DIRECTION('center_axis',(0.,1.,0.));
#11328=DIRECTION('ref_axis',(-1.,0.,0.));
#11329=DIRECTION('',(0.,0.,1.));
#11330=DIRECTION('',(1.,0.,0.));
#11331=DIRECTION('center_axis',(0.,0.,1.));
#11332=DIRECTION('ref_axis',(2.77555756156289E-16,1.,0.));
#11333=DIRECTION('',(0.,0.,1.));
#11334=DIRECTION('center_axis',(0.,0.,-1.));
#11335=DIRECTION('ref_axis',(2.77555756156289E-16,1.,0.));
#11336=DIRECTION('center_axis',(1.,0.,0.));
#11337=DIRECTION('ref_axis',(0.,1.,0.));
#11338=DIRECTION('',(0.,0.,1.));
#11339=DIRECTION('',(0.,-1.,0.));
#11340=DIRECTION('center_axis',(0.,0.,1.));
#11341=DIRECTION('ref_axis',(1.,5.55111512312578E-16,0.));
#11342=DIRECTION('center_axis',(0.,0.,-1.));
#11343=DIRECTION('ref_axis',(1.,5.55111512312578E-16,0.));
#11344=DIRECTION('center_axis',(1.,0.,0.));
#11345=DIRECTION('ref_axis',(0.,0.,-1.));
#11346=DIRECTION('',(0.,0.,1.));
#11347=DIRECTION('',(0.,1.,0.));
#11348=DIRECTION('',(0.,0.,-1.));
#11349=DIRECTION('',(0.,1.,0.));
#11350=DIRECTION('center_axis',(0.,0.,1.));
#11351=DIRECTION('ref_axis',(1.,0.,0.));
#11352=DIRECTION('',(-1.,0.,0.));
#11353=DIRECTION('',(0.,1.,0.));
#11354=DIRECTION('',(1.,0.,0.));
#11355=DIRECTION('center_axis',(0.,1.,0.));
#11356=DIRECTION('ref_axis',(1.,0.,0.));
#11357=DIRECTION('center_axis',(0.,-1.,0.));
#11358=DIRECTION('ref_axis',(1.,0.,0.));
#11359=DIRECTION('',(0.,-1.,0.));
#11360=DIRECTION('center_axis',(0.,1.,0.));
#11361=DIRECTION('ref_axis',(1.,0.,0.));
#11362=DIRECTION('center_axis',(0.,-1.,0.));
#11363=DIRECTION('ref_axis',(1.,0.,0.));
#11364=DIRECTION('',(0.,-1.,0.));
#11365=DIRECTION('center_axis',(0.,1.,0.));
#11366=DIRECTION('ref_axis',(1.,0.,0.));
#11367=DIRECTION('center_axis',(0.,-1.,0.));
#11368=DIRECTION('ref_axis',(1.,0.,0.));
#11369=DIRECTION('',(0.,-1.,0.));
#11370=DIRECTION('center_axis',(0.,1.,0.));
#11371=DIRECTION('ref_axis',(1.,0.,0.));
#11372=DIRECTION('center_axis',(0.,-1.,0.));
#11373=DIRECTION('ref_axis',(1.,0.,0.));
#11374=DIRECTION('',(0.,-1.,0.));
#11375=DIRECTION('center_axis',(0.,0.,-1.));
#11376=DIRECTION('ref_axis',(-1.,0.,0.));
#11377=DIRECTION('',(1.,0.,0.));
#11378=DIRECTION('',(-1.,0.,0.));
#11379=DIRECTION('',(0.,1.,0.));
#11380=DIRECTION('center_axis',(-1.,0.,0.));
#11381=DIRECTION('ref_axis',(0.,0.,1.));
#11382=DIRECTION('',(0.,0.,-1.));
#11383=DIRECTION('',(0.,0.,1.));
#11384=DIRECTION('center_axis',(0.,1.,0.));
#11385=DIRECTION('ref_axis',(1.,0.,0.));
#11386=DIRECTION('center_axis',(0.,1.,0.));
#11387=DIRECTION('ref_axis',(0.,0.,1.));
#11388=DIRECTION('center_axis',(0.,1.,0.));
#11389=DIRECTION('ref_axis',(0.707106781186548,0.,0.707106781186548));
#11390=DIRECTION('center_axis',(-1.22464679914735E-16,1.,0.));
#11391=DIRECTION('ref_axis',(0.707106781186548,0.,0.707106781186548));
#11392=DIRECTION('',(0.,1.,0.));
#11393=DIRECTION('center_axis',(0.,-1.,0.));
#11394=DIRECTION('ref_axis',(1.,0.,0.));
#11395=DIRECTION('',(0.,-1.,0.));
#11396=DIRECTION('center_axis',(0.,0.,-1.));
#11397=DIRECTION('ref_axis',(0.707106781186544,0.707106781186551,0.));
#11398=DIRECTION('center_axis',(0.,0.,1.));
#11399=DIRECTION('ref_axis',(0.707106781186544,0.707106781186551,0.));
#11400=DIRECTION('',(0.,0.,1.));
#11401=DIRECTION('center_axis',(0.,0.,-1.));
#11402=DIRECTION('ref_axis',(0.,1.,0.));
#11403=DIRECTION('',(0.,0.,-1.));
#11404=DIRECTION('center_axis',(-0.816496580927727,0.408248290463864,0.40824829046386));
#11405=DIRECTION('ref_axis',(0.577350269189624,0.577350269189629,0.577350269189624));
#11406=DIRECTION('center_axis',(1.,1.22464679914735E-16,0.));
#11407=DIRECTION('ref_axis',(0.,0.707106781186549,0.707106781186546));
#11408=DIRECTION('center_axis',(1.22464679914735E-16,-1.,0.));
#11409=DIRECTION('ref_axis',(-1.,-1.22464679914735E-16,0.));
#11410=DIRECTION('',(-1.,0.,0.));
#11411=DIRECTION('',(0.,0.,-1.));
#11412=DIRECTION('',(1.,0.,0.));
#11413=DIRECTION('',(0.,0.,-1.));
#11414=DIRECTION('',(1.,1.22464679914735E-16,0.));
#11415=DIRECTION('',(0.,0.,1.));
#11416=DIRECTION('',(1.,0.,0.));
#11417=DIRECTION('',(0.,0.,1.));
#11418=DIRECTION('center_axis',(-1.22464679914735E-16,1.,0.));
#11419=DIRECTION('ref_axis',(1.,0.,0.));
#11420=DIRECTION('center_axis',(-1.22464679914735E-16,1.,0.));
#11421=DIRECTION('ref_axis',(1.,0.,0.));
#11422=DIRECTION('center_axis',(-1.22464679914735E-16,1.,0.));
#11423=DIRECTION('ref_axis',(0.,0.,-1.));
#11424=DIRECTION('',(-1.,-1.22464679914735E-16,0.));
#11425=DIRECTION('center_axis',(-1.22464679914735E-16,1.,0.));
#11426=DIRECTION('ref_axis',(-1.,-1.22464679914735E-16,0.));
#11427=DIRECTION('',(0.,0.,1.));
#11428=DIRECTION('center_axis',(-1.22464679914735E-16,1.,0.));
#11429=DIRECTION('ref_axis',(0.,0.,1.));
#11430=DIRECTION('',(1.,1.22464679914735E-16,0.));
#11431=DIRECTION('center_axis',(-1.22464679914735E-16,1.,0.));
#11432=DIRECTION('ref_axis',(1.,1.22464679914735E-16,0.));
#11433=DIRECTION('',(0.,0.,-1.));
#11434=DIRECTION('center_axis',(-1.22464679914735E-16,1.,0.));
#11435=DIRECTION('ref_axis',(0.,0.,-1.));
#11436=DIRECTION('',(-1.,-1.22464679914735E-16,0.));
#11437=DIRECTION('center_axis',(-1.22464679914735E-16,1.,0.));
#11438=DIRECTION('ref_axis',(-1.,-1.22464679914735E-16,0.));
#11439=DIRECTION('',(0.,0.,1.));
#11440=DIRECTION('center_axis',(-1.22464679914735E-16,1.,0.));
#11441=DIRECTION('ref_axis',(0.,0.,1.));
#11442=DIRECTION('',(1.,1.22464679914735E-16,0.));
#11443=DIRECTION('center_axis',(-1.22464679914735E-16,1.,0.));
#11444=DIRECTION('ref_axis',(1.,1.22464679914735E-16,0.));
#11445=DIRECTION('',(0.,0.,-1.));
#11446=DIRECTION('center_axis',(-1.22464679914735E-16,1.,0.));
#11447=DIRECTION('ref_axis',(0.,0.,-1.));
#11448=DIRECTION('',(-1.,-1.22464679914735E-16,0.));
#11449=DIRECTION('center_axis',(-1.22464679914735E-16,1.,0.));
#11450=DIRECTION('ref_axis',(-1.,-1.22464679914735E-16,0.));
#11451=DIRECTION('',(0.,0.,1.));
#11452=DIRECTION('center_axis',(-1.22464679914735E-16,1.,0.));
#11453=DIRECTION('ref_axis',(0.,0.,1.));
#11454=DIRECTION('',(1.,1.22464679914735E-16,0.));
#11455=DIRECTION('center_axis',(-1.22464679914735E-16,1.,0.));
#11456=DIRECTION('ref_axis',(1.,1.22464679914735E-16,0.));
#11457=DIRECTION('',(0.,0.,-1.));
#11458=DIRECTION('center_axis',(-1.22464679914735E-16,1.,0.));
#11459=DIRECTION('ref_axis',(0.,0.,-1.));
#11460=DIRECTION('',(-1.,-1.22464679914735E-16,0.));
#11461=DIRECTION('center_axis',(-1.22464679914735E-16,1.,0.));
#11462=DIRECTION('ref_axis',(-1.,-1.22464679914735E-16,0.));
#11463=DIRECTION('',(0.,0.,1.));
#11464=DIRECTION('center_axis',(-1.22464679914735E-16,1.,0.));
#11465=DIRECTION('ref_axis',(0.,0.,1.));
#11466=DIRECTION('',(1.,1.22464679914735E-16,0.));
#11467=DIRECTION('center_axis',(-1.22464679914735E-16,1.,0.));
#11468=DIRECTION('ref_axis',(1.,1.22464679914735E-16,0.));
#11469=DIRECTION('',(0.,0.,-1.));
#11470=DIRECTION('center_axis',(-1.22464679914735E-16,1.,0.));
#11471=DIRECTION('ref_axis',(0.,0.,-1.));
#11472=DIRECTION('',(-1.,-1.22464679914735E-16,0.));
#11473=DIRECTION('center_axis',(-1.22464679914735E-16,1.,0.));
#11474=DIRECTION('ref_axis',(-1.,-1.22464679914735E-16,0.));
#11475=DIRECTION('',(0.,0.,1.));
#11476=DIRECTION('center_axis',(-1.22464679914735E-16,1.,0.));
#11477=DIRECTION('ref_axis',(0.,0.,1.));
#11478=DIRECTION('',(1.,1.22464679914735E-16,0.));
#11479=DIRECTION('center_axis',(-1.22464679914735E-16,1.,0.));
#11480=DIRECTION('ref_axis',(1.,1.22464679914735E-16,0.));
#11481=DIRECTION('',(0.,0.,-1.));
#11482=DIRECTION('center_axis',(-1.22464679914735E-16,1.,0.));
#11483=DIRECTION('ref_axis',(0.,0.,-1.));
#11484=DIRECTION('',(-1.,-1.22464679914735E-16,0.));
#11485=DIRECTION('center_axis',(-1.22464679914735E-16,1.,0.));
#11486=DIRECTION('ref_axis',(-1.,-1.22464679914735E-16,0.));
#11487=DIRECTION('',(0.,0.,1.));
#11488=DIRECTION('center_axis',(-1.22464679914735E-16,1.,0.));
#11489=DIRECTION('ref_axis',(-3.55271367880051E-14,-4.35081943503007E-30,
1.));
#11490=DIRECTION('',(1.,1.22464679914735E-16,0.));
#11491=DIRECTION('center_axis',(-1.22464679914735E-16,1.,0.));
#11492=DIRECTION('ref_axis',(1.,1.22464679914735E-16,0.));
#11493=DIRECTION('',(0.,0.,-1.));
#11494=DIRECTION('center_axis',(-1.22464679914735E-16,1.,0.));
#11495=DIRECTION('ref_axis',(0.,0.,-1.));
#11496=DIRECTION('',(-1.,-1.22464679914735E-16,0.));
#11497=DIRECTION('center_axis',(-1.22464679914735E-16,1.,0.));
#11498=DIRECTION('ref_axis',(-1.,-1.22464679914735E-16,0.));
#11499=DIRECTION('',(0.,0.,1.));
#11500=DIRECTION('center_axis',(-1.22464679914735E-16,1.,0.));
#11501=DIRECTION('ref_axis',(0.,0.,1.));
#11502=DIRECTION('',(1.,1.22464679914735E-16,0.));
#11503=DIRECTION('center_axis',(-1.22464679914735E-16,1.,0.));
#11504=DIRECTION('ref_axis',(1.,1.22464679914735E-16,0.));
#11505=DIRECTION('',(0.,0.,-1.));
#11506=DIRECTION('center_axis',(-1.22464679914735E-16,1.,0.));
#11507=DIRECTION('ref_axis',(0.,0.,-1.));
#11508=DIRECTION('',(-1.,-1.22464679914735E-16,0.));
#11509=DIRECTION('center_axis',(-1.22464679914735E-16,1.,0.));
#11510=DIRECTION('ref_axis',(-1.,-1.22464679914735E-16,0.));
#11511=DIRECTION('',(0.,0.,1.));
#11512=DIRECTION('center_axis',(-1.22464679914735E-16,1.,0.));
#11513=DIRECTION('ref_axis',(-3.55271367880048E-14,-4.35081943503003E-30,
1.));
#11514=DIRECTION('',(1.,1.22464679914735E-16,0.));
#11515=DIRECTION('center_axis',(-1.22464679914735E-16,1.,0.));
#11516=DIRECTION('ref_axis',(1.,1.22464679914735E-16,0.));
#11517=DIRECTION('',(0.,0.,-1.));
#11518=DIRECTION('',(-2.12125890305267E-15,-2.59779292578628E-31,-1.));
#11519=DIRECTION('',(-1.,-1.22464679914735E-16,-1.75158734281446E-14));
#11520=DIRECTION('',(0.,0.,1.));
#11521=DIRECTION('',(1.,1.22464679914735E-16,0.));
#11522=DIRECTION('',(-1.,-1.22464679914735E-16,-1.75158734281445E-14));
#11523=DIRECTION('',(0.,0.,1.));
#11524=DIRECTION('',(1.,1.22464679914735E-16,0.));
#11525=DIRECTION('',(-2.12125890305267E-15,-2.59779292578628E-31,-1.));
#11526=DIRECTION('',(-1.,-1.22464679914735E-16,-1.75158734281445E-14));
#11527=DIRECTION('',(0.,0.,1.));
#11528=DIRECTION('',(1.,1.22464679914735E-16,0.));
#11529=DIRECTION('',(-2.12125890305267E-15,-2.59779292578628E-31,-1.));
#11530=DIRECTION('',(1.,1.22464679914735E-16,0.));
#11531=DIRECTION('',(-2.12125890305267E-15,-2.59779292578628E-31,-1.));
#11532=DIRECTION('',(-1.,-1.22464679914735E-16,-1.75158734281446E-14));
#11533=DIRECTION('',(0.,0.,1.));
#11534=DIRECTION('',(-1.,-1.22464679914735E-16,-1.75158734281446E-14));
#11535=DIRECTION('',(0.,0.,1.));
#11536=DIRECTION('',(1.,1.22464679914735E-16,0.));
#11537=DIRECTION('',(-2.12125890305267E-15,-2.59779292578628E-31,-1.));
#11538=DIRECTION('',(-1.,-1.22464679914735E-16,-1.75158734281445E-14));
#11539=DIRECTION('',(0.,0.,1.));
#11540=DIRECTION('',(1.,1.22464679914735E-16,0.));
#11541=DIRECTION('',(-2.12125890305267E-15,-2.59779292578628E-31,-1.));
#11542=DIRECTION('',(-1.,-1.22464679914735E-16,-1.75158734281445E-14));
#11543=DIRECTION('',(0.,0.,1.));
#11544=DIRECTION('',(1.,1.22464679914735E-16,0.));
#11545=DIRECTION('',(-2.12125890305267E-15,-2.59779292578628E-31,-1.));
#11546=DIRECTION('',(-1.,-1.22464679914735E-16,-1.75158734281446E-14));
#11547=DIRECTION('',(0.,0.,1.));
#11548=DIRECTION('',(1.,1.22464679914735E-16,0.));
#11549=DIRECTION('',(-2.12125890305267E-15,-2.59779292578628E-31,-1.));
#11550=DIRECTION('center_axis',(0.,0.,1.));
#11551=DIRECTION('ref_axis',(1.,0.,0.));
#11552=DIRECTION('',(1.,1.22464679914735E-16,0.));
#11553=DIRECTION('',(0.,1.,0.));
#11554=DIRECTION('center_axis',(1.,1.22464679914735E-16,0.));
#11555=DIRECTION('ref_axis',(0.,0.707106781186549,0.707106781186546));
#11556=DIRECTION('',(-1.,-1.22464679914735E-16,0.));
#11557=DIRECTION('center_axis',(0.707106781186548,0.,0.707106781186548));
#11558=DIRECTION('ref_axis',(-0.707106781186548,-1.73191211247099E-16,0.707106781186548));
#11559=DIRECTION('center_axis',(1.22464679914735E-16,-1.,0.));
#11560=DIRECTION('ref_axis',(0.,0.,1.));
#11561=DIRECTION('',(-1.,0.,0.));
#11562=DIRECTION('',(0.,0.,1.));
#11563=DIRECTION('',(1.,1.22464679914735E-16,0.));
#11564=DIRECTION('',(0.,0.,-1.));
#11565=DIRECTION('',(-1.,0.,0.));
#11566=DIRECTION('',(0.,0.,-1.));
#11567=DIRECTION('',(0.,0.,-1.));
#11568=DIRECTION('center_axis',(-1.22464679914735E-16,1.,0.));
#11569=DIRECTION('ref_axis',(1.,1.22464679914735E-16,0.));
#11570=DIRECTION('',(1.,1.22464679914735E-16,0.));
#11571=DIRECTION('center_axis',(-1.22464679914735E-16,1.,0.));
#11572=DIRECTION('ref_axis',(-3.55271367880048E-14,-4.35081943503003E-30,
1.));
#11573=DIRECTION('',(0.,0.,1.));
#11574=DIRECTION('center_axis',(-1.22464679914735E-16,1.,0.));
#11575=DIRECTION('ref_axis',(-1.,-1.22464679914735E-16,0.));
#11576=DIRECTION('',(-1.,-1.22464679914735E-16,0.));
#11577=DIRECTION('center_axis',(-1.22464679914735E-16,1.,0.));
#11578=DIRECTION('ref_axis',(0.,0.,-1.));
#11579=DIRECTION('',(0.,0.,-1.));
#11580=DIRECTION('center_axis',(-1.22464679914735E-16,1.,0.));
#11581=DIRECTION('ref_axis',(1.,1.22464679914735E-16,0.));
#11582=DIRECTION('',(1.,1.22464679914735E-16,0.));
#11583=DIRECTION('center_axis',(-1.22464679914735E-16,1.,0.));
#11584=DIRECTION('ref_axis',(0.,0.,1.));
#11585=DIRECTION('',(0.,0.,1.));
#11586=DIRECTION('center_axis',(-1.22464679914735E-16,1.,0.));
#11587=DIRECTION('ref_axis',(-1.,-1.22464679914735E-16,0.));
#11588=DIRECTION('',(-1.,-1.22464679914735E-16,0.));
#11589=DIRECTION('center_axis',(-1.22464679914735E-16,1.,0.));
#11590=DIRECTION('ref_axis',(0.,0.,-1.));
#11591=DIRECTION('',(0.,0.,-1.));
#11592=DIRECTION('center_axis',(-1.22464679914735E-16,1.,0.));
#11593=DIRECTION('ref_axis',(1.,1.22464679914735E-16,0.));
#11594=DIRECTION('',(1.,1.22464679914735E-16,0.));
#11595=DIRECTION('center_axis',(-1.22464679914735E-16,1.,0.));
#11596=DIRECTION('ref_axis',(-3.55271367880051E-14,-4.35081943503007E-30,
1.));
#11597=DIRECTION('',(0.,0.,1.));
#11598=DIRECTION('center_axis',(-1.22464679914735E-16,1.,0.));
#11599=DIRECTION('ref_axis',(-1.,-1.22464679914735E-16,0.));
#11600=DIRECTION('',(-1.,-1.22464679914735E-16,0.));
#11601=DIRECTION('center_axis',(-1.22464679914735E-16,1.,0.));
#11602=DIRECTION('ref_axis',(0.,0.,-1.));
#11603=DIRECTION('',(0.,0.,-1.));
#11604=DIRECTION('center_axis',(-1.22464679914735E-16,1.,0.));
#11605=DIRECTION('ref_axis',(1.,1.22464679914735E-16,0.));
#11606=DIRECTION('',(1.,1.22464679914735E-16,0.));
#11607=DIRECTION('center_axis',(-1.22464679914735E-16,1.,0.));
#11608=DIRECTION('ref_axis',(0.,0.,1.));
#11609=DIRECTION('',(0.,0.,1.));
#11610=DIRECTION('center_axis',(-1.22464679914735E-16,1.,0.));
#11611=DIRECTION('ref_axis',(-1.,-1.22464679914735E-16,0.));
#11612=DIRECTION('',(-1.,-1.22464679914735E-16,0.));
#11613=DIRECTION('center_axis',(-1.22464679914735E-16,1.,0.));
#11614=DIRECTION('ref_axis',(0.,0.,-1.));
#11615=DIRECTION('',(0.,0.,-1.));
#11616=DIRECTION('center_axis',(-1.22464679914735E-16,1.,0.));
#11617=DIRECTION('ref_axis',(1.,1.22464679914735E-16,0.));
#11618=DIRECTION('',(1.,1.22464679914735E-16,0.));
#11619=DIRECTION('center_axis',(-1.22464679914735E-16,1.,0.));
#11620=DIRECTION('ref_axis',(0.,0.,1.));
#11621=DIRECTION('',(0.,0.,1.));
#11622=DIRECTION('center_axis',(-1.22464679914735E-16,1.,0.));
#11623=DIRECTION('ref_axis',(-1.,-1.22464679914735E-16,0.));
#11624=DIRECTION('',(-1.,-1.22464679914735E-16,0.));
#11625=DIRECTION('center_axis',(-1.22464679914735E-16,1.,0.));
#11626=DIRECTION('ref_axis',(0.,0.,-1.));
#11627=DIRECTION('',(0.,0.,-1.));
#11628=DIRECTION('center_axis',(-1.22464679914735E-16,1.,0.));
#11629=DIRECTION('ref_axis',(1.,1.22464679914735E-16,0.));
#11630=DIRECTION('',(1.,1.22464679914735E-16,0.));
#11631=DIRECTION('center_axis',(-1.22464679914735E-16,1.,0.));
#11632=DIRECTION('ref_axis',(0.,0.,1.));
#11633=DIRECTION('',(0.,0.,1.));
#11634=DIRECTION('center_axis',(-1.22464679914735E-16,1.,0.));
#11635=DIRECTION('ref_axis',(-1.,-1.22464679914735E-16,0.));
#11636=DIRECTION('',(-1.,-1.22464679914735E-16,0.));
#11637=DIRECTION('center_axis',(-1.22464679914735E-16,1.,0.));
#11638=DIRECTION('ref_axis',(0.,0.,-1.));
#11639=DIRECTION('',(0.,0.,-1.));
#11640=DIRECTION('center_axis',(-1.22464679914735E-16,1.,0.));
#11641=DIRECTION('ref_axis',(1.,1.22464679914735E-16,0.));
#11642=DIRECTION('',(1.,1.22464679914735E-16,0.));
#11643=DIRECTION('center_axis',(-1.22464679914735E-16,1.,0.));
#11644=DIRECTION('ref_axis',(0.,0.,1.));
#11645=DIRECTION('',(0.,0.,1.));
#11646=DIRECTION('center_axis',(-1.22464679914735E-16,1.,0.));
#11647=DIRECTION('ref_axis',(-1.,-1.22464679914735E-16,0.));
#11648=DIRECTION('',(-1.,-1.22464679914735E-16,0.));
#11649=DIRECTION('center_axis',(-1.22464679914735E-16,1.,0.));
#11650=DIRECTION('ref_axis',(0.,0.,-1.));
#11651=DIRECTION('',(0.,0.,-1.));
#11652=DIRECTION('center_axis',(-1.22464679914735E-16,1.,0.));
#11653=DIRECTION('ref_axis',(1.,1.22464679914735E-16,0.));
#11654=DIRECTION('',(1.,1.22464679914735E-16,0.));
#11655=DIRECTION('center_axis',(-1.22464679914735E-16,1.,0.));
#11656=DIRECTION('ref_axis',(0.,0.,1.));
#11657=DIRECTION('',(0.,0.,1.));
#11658=DIRECTION('center_axis',(-1.22464679914735E-16,1.,0.));
#11659=DIRECTION('ref_axis',(-1.,-1.22464679914735E-16,0.));
#11660=DIRECTION('',(-1.,-1.22464679914735E-16,0.));
#11661=DIRECTION('center_axis',(-1.22464679914735E-16,1.,0.));
#11662=DIRECTION('ref_axis',(0.,0.,-1.));
#11663=DIRECTION('center_axis',(1.22464679914735E-16,-1.,0.));
#11664=DIRECTION('ref_axis',(1.,0.,0.));
#11665=DIRECTION('center_axis',(1.22464679914735E-16,-1.,0.));
#11666=DIRECTION('ref_axis',(1.,0.,0.));
#11667=DIRECTION('center_axis',(0.,0.,1.));
#11668=DIRECTION('ref_axis',(-0.707106781186548,0.707106781186548,0.));
#11669=DIRECTION('center_axis',(0.,0.,1.));
#11670=DIRECTION('ref_axis',(-0.707106781186548,0.707106781186548,0.));
#11671=DIRECTION('',(0.,0.,1.));
#11672=DIRECTION('center_axis',(1.,0.,0.));
#11673=DIRECTION('ref_axis',(0.,0.,-1.));
#11674=DIRECTION('',(0.,1.,0.));
#11675=DIRECTION('center_axis',(0.,1.,0.));
#11676=DIRECTION('ref_axis',(1.,0.,0.));
#11677=DIRECTION('',(0.,1.,0.));
#11678=DIRECTION('center_axis',(0.,1.,0.));
#11679=DIRECTION('ref_axis',(1.,0.,0.));
#11680=DIRECTION('',(0.,1.,0.));
#11681=DIRECTION('center_axis',(1.75158734281446E-14,0.,-1.));
#11682=DIRECTION('ref_axis',(1.,0.,1.75158734281446E-14));
#11683=DIRECTION('',(1.,0.,1.75158734281446E-14));
#11684=DIRECTION('',(0.,-1.,0.));
#11685=DIRECTION('',(0.,-1.,0.));
#11686=DIRECTION('center_axis',(-1.,0.,0.));
#11687=DIRECTION('ref_axis',(0.,0.,-1.));
#11688=DIRECTION('',(0.,0.,-1.));
#11689=DIRECTION('',(0.,-1.,0.));
#11690=DIRECTION('center_axis',(0.,0.,1.));
#11691=DIRECTION('ref_axis',(-1.,0.,0.));
#11692=DIRECTION('',(-1.,0.,0.));
#11693=DIRECTION('',(0.,-1.,0.));
#11694=DIRECTION('center_axis',(1.,0.,-2.12125890305267E-15));
#11695=DIRECTION('ref_axis',(2.12125890305267E-15,0.,1.));
#11696=DIRECTION('',(2.12125890305267E-15,0.,1.));
#11697=DIRECTION('center_axis',(0.,1.,0.));
#11698=DIRECTION('ref_axis',(-1.,0.,0.));
#11699=DIRECTION('center_axis',(1.75158734281445E-14,0.,-1.));
#11700=DIRECTION('ref_axis',(1.,0.,1.75158734281445E-14));
#11701=DIRECTION('',(1.,0.,1.75158734281445E-14));
#11702=DIRECTION('',(0.,-1.,0.));
#11703=DIRECTION('',(0.,-1.,0.));
#11704=DIRECTION('center_axis',(-1.,0.,0.));
#11705=DIRECTION('ref_axis',(0.,0.,-1.));
#11706=DIRECTION('',(0.,0.,-1.));
#11707=DIRECTION('',(0.,-1.,0.));
#11708=DIRECTION('center_axis',(0.,0.,1.));
#11709=DIRECTION('ref_axis',(-1.,0.,0.));
#11710=DIRECTION('',(-1.,0.,0.));
#11711=DIRECTION('',(0.,-1.,0.));
#11712=DIRECTION('center_axis',(1.,0.,-2.12125890305267E-15));
#11713=DIRECTION('ref_axis',(2.12125890305267E-15,0.,1.));
#11714=DIRECTION('',(2.12125890305267E-15,0.,1.));
#11715=DIRECTION('center_axis',(0.,1.,0.));
#11716=DIRECTION('ref_axis',(-1.,0.,0.));
#11717=DIRECTION('center_axis',(1.75158734281445E-14,0.,-1.));
#11718=DIRECTION('ref_axis',(1.,0.,1.75158734281445E-14));
#11719=DIRECTION('',(1.,0.,1.75158734281445E-14));
#11720=DIRECTION('',(0.,-1.,0.));
#11721=DIRECTION('',(0.,-1.,0.));
#11722=DIRECTION('center_axis',(-1.,0.,0.));
#11723=DIRECTION('ref_axis',(0.,0.,-1.));
#11724=DIRECTION('',(0.,0.,-1.));
#11725=DIRECTION('',(0.,-1.,0.));
#11726=DIRECTION('center_axis',(0.,0.,1.));
#11727=DIRECTION('ref_axis',(-1.,0.,0.));
#11728=DIRECTION('',(-1.,0.,0.));
#11729=DIRECTION('',(0.,-1.,0.));
#11730=DIRECTION('center_axis',(1.,0.,-2.12125890305267E-15));
#11731=DIRECTION('ref_axis',(2.12125890305267E-15,0.,1.));
#11732=DIRECTION('',(2.12125890305267E-15,0.,1.));
#11733=DIRECTION('center_axis',(0.,1.,0.));
#11734=DIRECTION('ref_axis',(-1.,0.,0.));
#11735=DIRECTION('center_axis',(1.75158734281446E-14,0.,-1.));
#11736=DIRECTION('ref_axis',(1.,0.,1.75158734281446E-14));
#11737=DIRECTION('',(1.,0.,1.75158734281446E-14));
#11738=DIRECTION('',(0.,-1.,0.));
#11739=DIRECTION('',(0.,-1.,0.));
#11740=DIRECTION('center_axis',(-1.,0.,0.));
#11741=DIRECTION('ref_axis',(0.,0.,-1.));
#11742=DIRECTION('',(0.,0.,-1.));
#11743=DIRECTION('',(0.,-1.,0.));
#11744=DIRECTION('center_axis',(0.,0.,1.));
#11745=DIRECTION('ref_axis',(-1.,0.,0.));
#11746=DIRECTION('',(-1.,0.,0.));
#11747=DIRECTION('',(0.,-1.,0.));
#11748=DIRECTION('center_axis',(1.,0.,-2.12125890305267E-15));
#11749=DIRECTION('ref_axis',(2.12125890305267E-15,0.,1.));
#11750=DIRECTION('',(2.12125890305267E-15,0.,1.));
#11751=DIRECTION('center_axis',(0.,1.,0.));
#11752=DIRECTION('ref_axis',(-1.,0.,0.));
#11753=DIRECTION('center_axis',(0.,0.,1.));
#11754=DIRECTION('ref_axis',(-1.,0.,0.));
#11755=DIRECTION('',(-1.,0.,0.));
#11756=DIRECTION('',(0.,-1.,0.));
#11757=DIRECTION('',(0.,-1.,0.));
#11758=DIRECTION('center_axis',(1.,0.,-2.12125890305267E-15));
#11759=DIRECTION('ref_axis',(2.12125890305267E-15,0.,1.));
#11760=DIRECTION('',(2.12125890305267E-15,0.,1.));
#11761=DIRECTION('',(0.,-1.,0.));
#11762=DIRECTION('center_axis',(1.75158734281446E-14,0.,-1.));
#11763=DIRECTION('ref_axis',(1.,0.,1.75158734281446E-14));
#11764=DIRECTION('',(1.,0.,1.75158734281446E-14));
#11765=DIRECTION('',(0.,-1.,0.));
#11766=DIRECTION('center_axis',(-1.,0.,0.));
#11767=DIRECTION('ref_axis',(0.,0.,-1.));
#11768=DIRECTION('',(0.,0.,-1.));
#11769=DIRECTION('center_axis',(0.,1.,0.));
#11770=DIRECTION('ref_axis',(-1.,0.,0.));
#11771=DIRECTION('center_axis',(1.75158734281445E-14,0.,-1.));
#11772=DIRECTION('ref_axis',(1.,0.,1.75158734281445E-14));
#11773=DIRECTION('',(1.,0.,1.75158734281445E-14));
#11774=DIRECTION('',(0.,-1.,0.));
#11775=DIRECTION('',(0.,-1.,0.));
#11776=DIRECTION('center_axis',(-1.,0.,0.));
#11777=DIRECTION('ref_axis',(0.,0.,-1.));
#11778=DIRECTION('',(0.,0.,-1.));
#11779=DIRECTION('',(0.,-1.,0.));
#11780=DIRECTION('center_axis',(0.,0.,1.));
#11781=DIRECTION('ref_axis',(-1.,0.,0.));
#11782=DIRECTION('',(-1.,0.,0.));
#11783=DIRECTION('',(0.,-1.,0.));
#11784=DIRECTION('center_axis',(1.,0.,-2.12125890305267E-15));
#11785=DIRECTION('ref_axis',(2.12125890305267E-15,0.,1.));
#11786=DIRECTION('',(2.12125890305267E-15,0.,1.));
#11787=DIRECTION('center_axis',(0.,1.,0.));
#11788=DIRECTION('ref_axis',(-1.,0.,0.));
#11789=DIRECTION('center_axis',(1.75158734281445E-14,0.,-1.));
#11790=DIRECTION('ref_axis',(1.,0.,1.75158734281445E-14));
#11791=DIRECTION('',(1.,0.,1.75158734281445E-14));
#11792=DIRECTION('',(0.,-1.,0.));
#11793=DIRECTION('',(0.,-1.,0.));
#11794=DIRECTION('center_axis',(-1.,0.,0.));
#11795=DIRECTION('ref_axis',(0.,0.,-1.));
#11796=DIRECTION('',(0.,0.,-1.));
#11797=DIRECTION('',(0.,-1.,0.));
#11798=DIRECTION('center_axis',(0.,0.,1.));
#11799=DIRECTION('ref_axis',(-1.,0.,0.));
#11800=DIRECTION('',(-1.,0.,0.));
#11801=DIRECTION('',(0.,-1.,0.));
#11802=DIRECTION('center_axis',(1.,0.,-2.12125890305267E-15));
#11803=DIRECTION('ref_axis',(2.12125890305267E-15,0.,1.));
#11804=DIRECTION('',(2.12125890305267E-15,0.,1.));
#11805=DIRECTION('center_axis',(0.,1.,0.));
#11806=DIRECTION('ref_axis',(-1.,0.,0.));
#11807=DIRECTION('center_axis',(1.,0.,-2.12125890305267E-15));
#11808=DIRECTION('ref_axis',(2.12125890305267E-15,0.,1.));
#11809=DIRECTION('',(2.12125890305267E-15,0.,1.));
#11810=DIRECTION('',(0.,-1.,0.));
#11811=DIRECTION('',(0.,-1.,0.));
#11812=DIRECTION('center_axis',(1.75158734281446E-14,0.,-1.));
#11813=DIRECTION('ref_axis',(1.,0.,1.75158734281446E-14));
#11814=DIRECTION('',(1.,0.,1.75158734281446E-14));
#11815=DIRECTION('',(0.,-1.,0.));
#11816=DIRECTION('center_axis',(-1.,0.,0.));
#11817=DIRECTION('ref_axis',(0.,0.,-1.));
#11818=DIRECTION('',(0.,0.,-1.));
#11819=DIRECTION('',(0.,-1.,0.));
#11820=DIRECTION('center_axis',(0.,0.,1.));
#11821=DIRECTION('ref_axis',(-1.,0.,0.));
#11822=DIRECTION('',(-1.,0.,0.));
#11823=DIRECTION('center_axis',(0.,1.,0.));
#11824=DIRECTION('ref_axis',(-1.,0.,0.));
#11825=DIRECTION('center_axis',(-1.,0.,0.));
#11826=DIRECTION('ref_axis',(0.,0.,1.));
#11827=DIRECTION('',(0.,1.,0.));
#11828=DIRECTION('center_axis',(0.,0.,-1.));
#11829=DIRECTION('ref_axis',(-1.,0.,0.));
#11830=DIRECTION('',(-1.22464679914735E-16,1.,0.));
#11831=DIRECTION('center_axis',(0.,0.,-1.));
#11832=DIRECTION('ref_axis',(-1.,0.,0.));
#11833=DIRECTION('',(1.22464679914735E-16,-1.,0.));
#11834=DIRECTION('center_axis',(1.,1.22464679914735E-16,0.));
#11835=DIRECTION('ref_axis',(0.,0.,1.));
#11836=DIRECTION('',(1.22464679914735E-16,-1.,0.));
#11837=DIRECTION('center_axis',(-1.,-1.22464679914735E-16,0.));
#11838=DIRECTION('ref_axis',(0.,0.,-1.));
#11839=DIRECTION('',(1.22464679914735E-16,-1.,0.));
#11840=DIRECTION('center_axis',(0.,0.,-1.));
#11841=DIRECTION('ref_axis',(1.,1.22464679914735E-16,0.));
#11842=DIRECTION('center_axis',(1.,1.22464679914735E-16,0.));
#11843=DIRECTION('ref_axis',(0.,0.,1.));
#11844=DIRECTION('',(1.22464679914735E-16,-1.,0.));
#11845=DIRECTION('',(1.22464679914735E-16,-1.,0.));
#11846=DIRECTION('center_axis',(1.22464679914735E-16,-1.,0.));
#11847=DIRECTION('ref_axis',(-3.55271367880048E-14,-4.35081943503003E-30,
1.));
#11848=DIRECTION('',(1.22464679914735E-16,-1.,0.));
#11849=DIRECTION('center_axis',(0.,0.,-1.));
#11850=DIRECTION('ref_axis',(1.,1.22464679914735E-16,0.));
#11851=DIRECTION('',(1.22464679914735E-16,-1.,0.));
#11852=DIRECTION('center_axis',(1.22464679914735E-16,-1.,0.));
#11853=DIRECTION('ref_axis',(1.,1.22464679914735E-16,0.));
#11854=DIRECTION('',(1.22464679914735E-16,-1.,0.));
#11855=DIRECTION('center_axis',(1.,1.22464679914735E-16,0.));
#11856=DIRECTION('ref_axis',(0.,0.,1.));
#11857=DIRECTION('',(1.22464679914735E-16,-1.,0.));
#11858=DIRECTION('',(1.22464679914735E-16,-1.,0.));
#11859=DIRECTION('center_axis',(1.22464679914735E-16,-1.,0.));
#11860=DIRECTION('ref_axis',(0.,0.,1.));
#11861=DIRECTION('',(1.22464679914735E-16,-1.,0.));
#11862=DIRECTION('center_axis',(0.,0.,-1.));
#11863=DIRECTION('ref_axis',(1.,1.22464679914735E-16,0.));
#11864=DIRECTION('',(1.22464679914735E-16,-1.,0.));
#11865=DIRECTION('center_axis',(1.22464679914735E-16,-1.,0.));
#11866=DIRECTION('ref_axis',(1.,1.22464679914735E-16,0.));
#11867=DIRECTION('',(1.22464679914735E-16,-1.,0.));
#11868=DIRECTION('center_axis',(1.,1.22464679914735E-16,0.));
#11869=DIRECTION('ref_axis',(0.,0.,1.));
#11870=DIRECTION('',(1.22464679914735E-16,-1.,0.));
#11871=DIRECTION('',(1.22464679914735E-16,-1.,0.));
#11872=DIRECTION('center_axis',(1.22464679914735E-16,-1.,0.));
#11873=DIRECTION('ref_axis',(-3.55271367880051E-14,-4.35081943503007E-30,
1.));
#11874=DIRECTION('',(1.22464679914735E-16,-1.,0.));
#11875=DIRECTION('center_axis',(0.,0.,-1.));
#11876=DIRECTION('ref_axis',(1.,1.22464679914735E-16,0.));
#11877=DIRECTION('',(1.22464679914735E-16,-1.,0.));
#11878=DIRECTION('center_axis',(1.22464679914735E-16,-1.,0.));
#11879=DIRECTION('ref_axis',(1.,1.22464679914735E-16,0.));
#11880=DIRECTION('',(1.22464679914735E-16,-1.,0.));
#11881=DIRECTION('center_axis',(1.,1.22464679914735E-16,0.));
#11882=DIRECTION('ref_axis',(0.,0.,1.));
#11883=DIRECTION('',(1.22464679914735E-16,-1.,0.));
#11884=DIRECTION('',(1.22464679914735E-16,-1.,0.));
#11885=DIRECTION('center_axis',(1.22464679914735E-16,-1.,0.));
#11886=DIRECTION('ref_axis',(0.,0.,1.));
#11887=DIRECTION('',(1.22464679914735E-16,-1.,0.));
#11888=DIRECTION('center_axis',(0.,0.,-1.));
#11889=DIRECTION('ref_axis',(1.,1.22464679914735E-16,0.));
#11890=DIRECTION('',(1.22464679914735E-16,-1.,0.));
#11891=DIRECTION('center_axis',(1.22464679914735E-16,-1.,0.));
#11892=DIRECTION('ref_axis',(1.,1.22464679914735E-16,0.));
#11893=DIRECTION('',(1.22464679914735E-16,-1.,0.));
#11894=DIRECTION('center_axis',(1.,1.22464679914735E-16,0.));
#11895=DIRECTION('ref_axis',(0.,0.,1.));
#11896=DIRECTION('',(1.22464679914735E-16,-1.,0.));
#11897=DIRECTION('',(1.22464679914735E-16,-1.,0.));
#11898=DIRECTION('center_axis',(1.22464679914735E-16,-1.,0.));
#11899=DIRECTION('ref_axis',(0.,0.,1.));
#11900=DIRECTION('',(1.22464679914735E-16,-1.,0.));
#11901=DIRECTION('center_axis',(0.,0.,-1.));
#11902=DIRECTION('ref_axis',(1.,1.22464679914735E-16,0.));
#11903=DIRECTION('',(1.22464679914735E-16,-1.,0.));
#11904=DIRECTION('center_axis',(1.22464679914735E-16,-1.,0.));
#11905=DIRECTION('ref_axis',(1.,1.22464679914735E-16,0.));
#11906=DIRECTION('',(1.22464679914735E-16,-1.,0.));
#11907=DIRECTION('center_axis',(1.,1.22464679914735E-16,0.));
#11908=DIRECTION('ref_axis',(0.,0.,1.));
#11909=DIRECTION('',(1.22464679914735E-16,-1.,0.));
#11910=DIRECTION('',(1.22464679914735E-16,-1.,0.));
#11911=DIRECTION('center_axis',(1.22464679914735E-16,-1.,0.));
#11912=DIRECTION('ref_axis',(0.,0.,1.));
#11913=DIRECTION('',(1.22464679914735E-16,-1.,0.));
#11914=DIRECTION('center_axis',(0.,0.,-1.));
#11915=DIRECTION('ref_axis',(1.,1.22464679914735E-16,0.));
#11916=DIRECTION('',(1.22464679914735E-16,-1.,0.));
#11917=DIRECTION('center_axis',(1.22464679914735E-16,-1.,0.));
#11918=DIRECTION('ref_axis',(1.,1.22464679914735E-16,0.));
#11919=DIRECTION('',(1.22464679914735E-16,-1.,0.));
#11920=DIRECTION('center_axis',(1.,1.22464679914735E-16,0.));
#11921=DIRECTION('ref_axis',(0.,0.,1.));
#11922=DIRECTION('',(1.22464679914735E-16,-1.,0.));
#11923=DIRECTION('',(1.22464679914735E-16,-1.,0.));
#11924=DIRECTION('center_axis',(1.22464679914735E-16,-1.,0.));
#11925=DIRECTION('ref_axis',(0.,0.,1.));
#11926=DIRECTION('',(1.22464679914735E-16,-1.,0.));
#11927=DIRECTION('center_axis',(0.,0.,-1.));
#11928=DIRECTION('ref_axis',(1.,1.22464679914735E-16,0.));
#11929=DIRECTION('',(1.22464679914735E-16,-1.,0.));
#11930=DIRECTION('center_axis',(1.22464679914735E-16,-1.,0.));
#11931=DIRECTION('ref_axis',(1.,1.22464679914735E-16,0.));
#11932=DIRECTION('',(1.22464679914735E-16,-1.,0.));
#11933=DIRECTION('center_axis',(1.,1.22464679914735E-16,0.));
#11934=DIRECTION('ref_axis',(0.,0.,1.));
#11935=DIRECTION('',(1.22464679914735E-16,-1.,0.));
#11936=DIRECTION('',(1.22464679914735E-16,-1.,0.));
#11937=DIRECTION('center_axis',(1.22464679914735E-16,-1.,0.));
#11938=DIRECTION('ref_axis',(0.,0.,1.));
#11939=DIRECTION('',(1.22464679914735E-16,-1.,0.));
#11940=DIRECTION('center_axis',(0.,0.,-1.));
#11941=DIRECTION('ref_axis',(1.,1.22464679914735E-16,0.));
#11942=DIRECTION('',(1.22464679914735E-16,-1.,0.));
#11943=DIRECTION('center_axis',(1.22464679914735E-16,-1.,0.));
#11944=DIRECTION('ref_axis',(1.,1.22464679914735E-16,0.));
#11945=DIRECTION('',(1.22464679914735E-16,-1.,0.));
#11946=DIRECTION('center_axis',(-1.,-1.22464679914735E-16,0.));
#11947=DIRECTION('ref_axis',(0.,0.,-1.));
#11948=DIRECTION('',(1.22464679914735E-16,-1.,0.));
#11949=DIRECTION('center_axis',(1.22464679914735E-16,-1.,0.));
#11950=DIRECTION('ref_axis',(0.,0.,-1.));
#11951=DIRECTION('',(1.22464679914735E-16,-1.,0.));
#11952=DIRECTION('center_axis',(0.,0.,1.));
#11953=DIRECTION('ref_axis',(-1.,-1.22464679914735E-16,0.));
#11954=DIRECTION('',(1.22464679914735E-16,-1.,0.));
#11955=DIRECTION('center_axis',(1.22464679914735E-16,-1.,0.));
#11956=DIRECTION('ref_axis',(-1.,-1.22464679914735E-16,0.));
#11957=DIRECTION('center_axis',(-1.,-1.22464679914735E-16,0.));
#11958=DIRECTION('ref_axis',(0.,0.,-1.));
#11959=DIRECTION('',(1.22464679914735E-16,-1.,0.));
#11960=DIRECTION('center_axis',(1.22464679914735E-16,-1.,0.));
#11961=DIRECTION('ref_axis',(0.,0.,-1.));
#11962=DIRECTION('',(1.22464679914735E-16,-1.,0.));
#11963=DIRECTION('center_axis',(0.,0.,1.));
#11964=DIRECTION('ref_axis',(-1.,-1.22464679914735E-16,0.));
#11965=DIRECTION('',(1.22464679914735E-16,-1.,0.));
#11966=DIRECTION('center_axis',(1.22464679914735E-16,-1.,0.));
#11967=DIRECTION('ref_axis',(-1.,-1.22464679914735E-16,0.));
#11968=DIRECTION('center_axis',(-1.,-1.22464679914735E-16,0.));
#11969=DIRECTION('ref_axis',(0.,0.,-1.));
#11970=DIRECTION('',(1.22464679914735E-16,-1.,0.));
#11971=DIRECTION('center_axis',(1.22464679914735E-16,-1.,0.));
#11972=DIRECTION('ref_axis',(0.,0.,-1.));
#11973=DIRECTION('',(1.22464679914735E-16,-1.,0.));
#11974=DIRECTION('center_axis',(0.,0.,1.));
#11975=DIRECTION('ref_axis',(-1.,-1.22464679914735E-16,0.));
#11976=DIRECTION('',(1.22464679914735E-16,-1.,0.));
#11977=DIRECTION('center_axis',(1.22464679914735E-16,-1.,0.));
#11978=DIRECTION('ref_axis',(-1.,-1.22464679914735E-16,0.));
#11979=DIRECTION('center_axis',(-1.,-1.22464679914735E-16,0.));
#11980=DIRECTION('ref_axis',(0.,0.,-1.));
#11981=DIRECTION('',(1.22464679914735E-16,-1.,0.));
#11982=DIRECTION('center_axis',(1.22464679914735E-16,-1.,0.));
#11983=DIRECTION('ref_axis',(0.,0.,-1.));
#11984=DIRECTION('',(1.22464679914735E-16,-1.,0.));
#11985=DIRECTION('center_axis',(0.,0.,1.));
#11986=DIRECTION('ref_axis',(-1.,-1.22464679914735E-16,0.));
#11987=DIRECTION('',(1.22464679914735E-16,-1.,0.));
#11988=DIRECTION('center_axis',(1.22464679914735E-16,-1.,0.));
#11989=DIRECTION('ref_axis',(-1.,-1.22464679914735E-16,0.));
#11990=DIRECTION('center_axis',(-1.,-1.22464679914735E-16,0.));
#11991=DIRECTION('ref_axis',(0.,0.,-1.));
#11992=DIRECTION('',(1.22464679914735E-16,-1.,0.));
#11993=DIRECTION('center_axis',(1.22464679914735E-16,-1.,0.));
#11994=DIRECTION('ref_axis',(0.,0.,-1.));
#11995=DIRECTION('',(1.22464679914735E-16,-1.,0.));
#11996=DIRECTION('center_axis',(0.,0.,1.));
#11997=DIRECTION('ref_axis',(-1.,-1.22464679914735E-16,0.));
#11998=DIRECTION('',(1.22464679914735E-16,-1.,0.));
#11999=DIRECTION('center_axis',(1.22464679914735E-16,-1.,0.));
#12000=DIRECTION('ref_axis',(-1.,-1.22464679914735E-16,0.));
#12001=DIRECTION('center_axis',(-1.,-1.22464679914735E-16,0.));
#12002=DIRECTION('ref_axis',(0.,0.,-1.));
#12003=DIRECTION('',(1.22464679914735E-16,-1.,0.));
#12004=DIRECTION('center_axis',(1.22464679914735E-16,-1.,0.));
#12005=DIRECTION('ref_axis',(0.,0.,-1.));
#12006=DIRECTION('',(1.22464679914735E-16,-1.,0.));
#12007=DIRECTION('center_axis',(0.,0.,1.));
#12008=DIRECTION('ref_axis',(-1.,-1.22464679914735E-16,0.));
#12009=DIRECTION('',(1.22464679914735E-16,-1.,0.));
#12010=DIRECTION('center_axis',(1.22464679914735E-16,-1.,0.));
#12011=DIRECTION('ref_axis',(-1.,-1.22464679914735E-16,0.));
#12012=DIRECTION('center_axis',(-1.,-1.22464679914735E-16,0.));
#12013=DIRECTION('ref_axis',(0.,0.,-1.));
#12014=DIRECTION('',(1.22464679914735E-16,-1.,0.));
#12015=DIRECTION('center_axis',(1.22464679914735E-16,-1.,0.));
#12016=DIRECTION('ref_axis',(0.,0.,-1.));
#12017=DIRECTION('',(1.22464679914735E-16,-1.,0.));
#12018=DIRECTION('center_axis',(0.,0.,1.));
#12019=DIRECTION('ref_axis',(-1.,-1.22464679914735E-16,0.));
#12020=DIRECTION('',(1.22464679914735E-16,-1.,0.));
#12021=DIRECTION('center_axis',(1.22464679914735E-16,-1.,0.));
#12022=DIRECTION('ref_axis',(-1.,-1.22464679914735E-16,0.));
#12023=DIRECTION('center_axis',(-1.,-1.22464679914735E-16,0.));
#12024=DIRECTION('ref_axis',(0.,0.,-1.));
#12025=DIRECTION('',(1.22464679914735E-16,-1.,0.));
#12026=DIRECTION('center_axis',(1.22464679914735E-16,-1.,0.));
#12027=DIRECTION('ref_axis',(0.,0.,-1.));
#12028=DIRECTION('',(1.22464679914735E-16,-1.,0.));
#12029=DIRECTION('center_axis',(0.,0.,1.));
#12030=DIRECTION('ref_axis',(-1.,-1.22464679914735E-16,0.));
#12031=DIRECTION('',(1.22464679914735E-16,-1.,0.));
#12032=DIRECTION('center_axis',(1.22464679914735E-16,-1.,0.));
#12033=DIRECTION('ref_axis',(-1.,-1.22464679914735E-16,0.));
#12034=DIRECTION('center_axis',(0.,1.,0.));
#12035=DIRECTION('ref_axis',(-0.707106781186546,0.,0.707106781186549));
#12036=DIRECTION('center_axis',(0.,1.,0.));
#12037=DIRECTION('ref_axis',(-0.707106781186546,0.,0.707106781186549));
#12038=DIRECTION('',(0.,1.,0.));
#12039=DIRECTION('center_axis',(0.,-1.,0.));
#12040=DIRECTION('ref_axis',(0.,0.,1.));
#12041=DIRECTION('',(0.,-1.,0.));
#12042=DIRECTION('center_axis',(-1.,0.,-8.34754153853501E-17));
#12043=DIRECTION('ref_axis',(0.,0.707106781186548,0.707106781186548));
#12044=DIRECTION('center_axis',(-1.,0.,0.));
#12045=DIRECTION('ref_axis',(0.,0.,1.));
#12046=DIRECTION('',(-1.,0.,-8.34754153853501E-17));
#12047=DIRECTION('center_axis',(1.,0.,0.));
#12048=DIRECTION('ref_axis',(0.,1.,0.));
#12049=DIRECTION('',(1.,0.,8.34754153853501E-17));
#12050=DIRECTION('center_axis',(0.,1.,0.));
#12051=DIRECTION('ref_axis',(0.707106781186546,0.,0.707106781186549));
#12052=DIRECTION('center_axis',(0.,1.,0.));
#12053=DIRECTION('ref_axis',(0.707106781186546,0.,0.707106781186549));
#12054=DIRECTION('',(0.,1.,0.));
#12055=DIRECTION('center_axis',(0.,-1.,0.));
#12056=DIRECTION('ref_axis',(1.,0.,0.));
#12057=DIRECTION('',(0.,-1.,0.));
#12058=DIRECTION('center_axis',(0.408248290463861,0.408248290463861,-0.816496580927728));
#12059=DIRECTION('ref_axis',(0.577350269189629,0.577350269189625,0.577350269189623));
#12060=DIRECTION('center_axis',(2.69144975666705E-16,0.,1.));
#12061=DIRECTION('ref_axis',(0.707106781186554,0.707106781186541,0.));
#12062=DIRECTION('center_axis',(-0.816496580927727,-0.408248290463863,-0.408248290463862));
#12063=DIRECTION('ref_axis',(-0.577350269189623,0.577350269189627,0.577350269189627));
#12064=DIRECTION('center_axis',(0.,0.,1.));
#12065=DIRECTION('ref_axis',(-0.707106781186546,0.707106781186549,0.));
#12066=DIRECTION('center_axis',(0.,0.,-1.));
#12067=DIRECTION('ref_axis',(-0.707106781186546,0.707106781186549,0.));
#12068=DIRECTION('',(0.,0.,-1.));
#12069=DIRECTION('center_axis',(0.,0.,-1.));
#12070=DIRECTION('ref_axis',(0.,1.,0.));
#12071=DIRECTION('',(0.,0.,1.));
#12072=DIRECTION('center_axis',(0.,-1.,0.));
#12073=DIRECTION('ref_axis',(0.,0.,-1.));
#12074=DIRECTION('',(2.69144975666705E-16,0.,1.));
#12075=DIRECTION('',(1.,0.,-1.669508307707E-16));
#12076=DIRECTION('center_axis',(0.,-1.,0.));
#12077=DIRECTION('ref_axis',(1.,0.,0.));
#12078=DIRECTION('center_axis',(0.,-1.,0.));
#12079=DIRECTION('ref_axis',(1.,0.,0.));
#12080=DIRECTION('',(0.,0.,1.));
#12081=DIRECTION('',(-1.,0.,3.17206578464331E-16));
#12082=DIRECTION('',(0.,0.,-1.));
#12083=DIRECTION('',(1.,0.,0.));
#12084=DIRECTION('',(-1.,0.,-9.02620345223703E-17));
#12085=DIRECTION('',(0.,0.,-1.));
#12086=DIRECTION('',(1.,0.,-3.61048138089481E-16));
#12087=DIRECTION('',(0.,0.,1.));
#12088=DIRECTION('center_axis',(2.69144975666705E-16,0.,1.));
#12089=DIRECTION('ref_axis',(0.707106781186552,0.707106781186543,0.));
#12090=DIRECTION('',(-2.69144975666705E-16,0.,-1.));
#12091=DIRECTION('center_axis',(0.,0.,1.));
#12092=DIRECTION('ref_axis',(1.,0.,0.));
#12093=DIRECTION('center_axis',(1.,0.,-2.69144975666705E-16));
#12094=DIRECTION('ref_axis',(-2.69144975666705E-16,0.,-1.));
#12095=DIRECTION('',(0.,0.,-1.));
#12096=DIRECTION('',(0.,-1.,0.));
#12097=DIRECTION('center_axis',(0.,1.,0.));
#12098=DIRECTION('ref_axis',(0.707106781186548,0.,-0.707106781186548));
#12099=DIRECTION('center_axis',(0.,1.,0.));
#12100=DIRECTION('ref_axis',(0.707106781186548,0.,-0.707106781186548));
#12101=DIRECTION('',(0.,1.,0.));
#12102=DIRECTION('center_axis',(0.,-1.,0.));
#12103=DIRECTION('ref_axis',(0.,0.,-1.));
#12104=DIRECTION('center_axis',(-0.816496580927731,0.408248290463858,-0.408248290463858));
#12105=DIRECTION('ref_axis',(0.577350269189616,0.577350269189631,-0.577350269189631));
#12106=DIRECTION('center_axis',(1.,0.,-1.669508307707E-16));
#12107=DIRECTION('ref_axis',(0.,0.707106781186549,-0.707106781186546));
#12108=DIRECTION('center_axis',(1.,0.,-1.669508307707E-16));
#12109=DIRECTION('ref_axis',(0.,0.707106781186549,-0.707106781186546));
#12110=DIRECTION('',(-1.,0.,1.669508307707E-16));
#12111=DIRECTION('center_axis',(-1.,0.,0.));
#12112=DIRECTION('ref_axis',(0.,0.,-1.));
#12113=DIRECTION('center_axis',(-1.669508307707E-16,0.,-1.));
#12114=DIRECTION('ref_axis',(-1.,0.,1.669508307707E-16));
#12115=DIRECTION('',(-1.,0.,0.));
#12116=DIRECTION('',(0.,-1.,0.));
#12117=DIRECTION('center_axis',(0.,1.,0.));
#12118=DIRECTION('ref_axis',(-1.,0.,0.));
#12119=DIRECTION('',(0.,0.,-1.));
#12120=DIRECTION('center_axis',(0.,1.,0.));
#12121=DIRECTION('ref_axis',(-0.707106781186548,0.,-0.707106781186548));
#12122=DIRECTION('',(1.,0.,0.));
#12123=DIRECTION('',(0.,0.,1.));
#12124=DIRECTION('',(1.,0.,0.));
#12125=DIRECTION('',(0.,0.,1.));
#12126=DIRECTION('',(-1.,0.,0.));
#12127=DIRECTION('center_axis',(0.,-1.,0.));
#12128=DIRECTION('ref_axis',(-1.,0.,0.));
#12129=DIRECTION('center_axis',(0.,-1.,0.));
#12130=DIRECTION('ref_axis',(-1.,0.,0.));
#12131=DIRECTION('center_axis',(-0.408248290463859,-0.816496580927726,-0.408248290463867));
#12132=DIRECTION('ref_axis',(-0.577350269189622,0.577350269189626,-0.577350269189629));
#12133=DIRECTION('center_axis',(0.,1.,0.));
#12134=DIRECTION('ref_axis',(-1.,0.,0.));
#12135=DIRECTION('center_axis',(0.,1.,0.));
#12136=DIRECTION('ref_axis',(-0.707106781186548,0.,-0.707106781186548));
#12137=DIRECTION('',(0.,1.,0.));
#12138=DIRECTION('center_axis',(-8.34754153853501E-17,0.,1.));
#12139=DIRECTION('ref_axis',(1.,-1.25213123078025E-16,8.34754153853501E-17));
#12140=DIRECTION('',(0.,1.,0.));
#12141=DIRECTION('',(-1.,0.,-1.02798428206033E-16));
#12142=DIRECTION('',(0.,1.,0.));
#12143=DIRECTION('center_axis',(-1.,0.,0.));
#12144=DIRECTION('ref_axis',(0.,4.03717463500057E-16,1.));
#12145=DIRECTION('center_axis',(0.,0.,-1.));
#12146=DIRECTION('ref_axis',(1.,0.,0.));
#12147=DIRECTION('',(-1.,0.,0.));
#12148=DIRECTION('',(0.,1.,0.));
#12149=DIRECTION('',(1.,0.,0.));
#12150=DIRECTION('',(0.,-1.,0.));
#12151=DIRECTION('center_axis',(0.,-1.,0.));
#12152=DIRECTION('ref_axis',(0.,0.,-1.));
#12153=DIRECTION('',(0.,0.,-1.));
#12154=DIRECTION('',(0.,0.,1.));
#12155=DIRECTION('center_axis',(1.,0.,0.));
#12156=DIRECTION('ref_axis',(0.,0.,-1.));
#12157=DIRECTION('',(0.,1.,0.));
#12158=DIRECTION('',(0.,0.,-1.));
#12159=DIRECTION('center_axis',(-1.,0.,0.));
#12160=DIRECTION('ref_axis',(0.,0.,1.));
#12161=DIRECTION('',(0.,0.,1.));
#12162=DIRECTION('',(0.,1.,0.));
#12163=DIRECTION('center_axis',(0.,0.,1.));
#12164=DIRECTION('ref_axis',(1.,0.,0.));
#12165=DIRECTION('',(1.,0.,0.));
#12166=DIRECTION('center_axis',(0.,1.,0.));
#12167=DIRECTION('ref_axis',(1.,0.,0.));
#12168=DIRECTION('',(0.,1.,0.));
#12169=DIRECTION('center_axis',(0.,1.,0.));
#12170=DIRECTION('ref_axis',(1.,0.,0.));
#12171=DIRECTION('',(0.,1.,0.));
#12172=DIRECTION('center_axis',(0.,1.,0.));
#12173=DIRECTION('ref_axis',(0.,0.,1.));
#12174=DIRECTION('',(0.,0.,-1.));
#12175=DIRECTION('',(-1.,0.,3.17206578464331E-16));
#12176=DIRECTION('',(0.,0.,1.));
#12177=DIRECTION('',(1.,0.,0.));
#12178=DIRECTION('',(1.,0.,-3.61048138089481E-16));
#12179=DIRECTION('',(0.,0.,-1.));
#12180=DIRECTION('',(-1.,0.,-9.02620345223703E-17));
#12181=DIRECTION('',(0.,0.,1.));
#12182=DIRECTION('center_axis',(1.,0.,0.));
#12183=DIRECTION('ref_axis',(0.,0.,-1.));
#12184=DIRECTION('',(0.,1.,0.));
#12185=DIRECTION('',(0.,1.,0.));
#12186=DIRECTION('center_axis',(3.17206578464331E-16,0.,1.));
#12187=DIRECTION('ref_axis',(1.,0.,-3.17206578464331E-16));
#12188=DIRECTION('',(0.,1.,0.));
#12189=DIRECTION('center_axis',(-9.02620345223703E-17,0.,1.));
#12190=DIRECTION('ref_axis',(1.,0.,9.02620345223703E-17));
#12191=DIRECTION('',(0.,1.,0.));
#12192=DIRECTION('',(0.,1.,0.));
#12193=DIRECTION('center_axis',(-1.,0.,0.));
#12194=DIRECTION('ref_axis',(0.,0.,1.));
#12195=DIRECTION('',(0.,1.,0.));
#12196=DIRECTION('center_axis',(-1.,0.,0.));
#12197=DIRECTION('ref_axis',(0.,0.,1.));
#12198=DIRECTION('',(0.,1.,0.));
#12199=DIRECTION('center_axis',(0.,0.,-1.));
#12200=DIRECTION('ref_axis',(-1.,0.,0.));
#12201=DIRECTION('center_axis',(-3.61048138089481E-16,0.,-1.));
#12202=DIRECTION('ref_axis',(-1.,0.,3.61048138089481E-16));
#12203=DIRECTION('',(0.,1.,0.));
#12204=DIRECTION('center_axis',(1.,0.,0.));
#12205=DIRECTION('ref_axis',(0.,0.,-1.));
#12206=DIRECTION('',(2.90622828602793E-31,1.,-1.11022302462516E-16));
#12207=DIRECTION('',(0.999999999999998,-1.63704044762492E-33,5.55111512312578E-17));
#12208=CARTESIAN_POINT('',(0.,0.,0.));
#12209=CARTESIAN_POINT('',(0.,0.,0.));
#12210=CARTESIAN_POINT('',(0.,0.,0.));
#12211=CARTESIAN_POINT('',(0.,0.,0.));
#12212=CARTESIAN_POINT('',(0.,0.,0.));
#12213=CARTESIAN_POINT('',(0.,0.,0.));
#12214=CARTESIAN_POINT('',(0.,0.,0.));
#12215=CARTESIAN_POINT('',(0.,0.,0.));
#12216=CARTESIAN_POINT('',(0.,0.,0.));
#12217=CARTESIAN_POINT('',(0.,0.,0.));
#12218=CARTESIAN_POINT('',(0.,0.,0.));
#12219=CARTESIAN_POINT('Origin',(6.14151418276836E-32,1.21860629927767E-15,
3.99999999999999));
#12220=CARTESIAN_POINT('',(0.25,1.56248408708548E-15,3.99999999999999));
#12221=CARTESIAN_POINT('',(-0.25,1.17411234149117E-15,3.99999999999999));
#12222=CARTESIAN_POINT('Origin',(6.14151418276836E-32,1.21860629927767E-15,
3.99999999999999));
#12223=CARTESIAN_POINT('Origin',(6.14151418276836E-32,1.21860629927767E-15,
3.99999999999999));
#12224=CARTESIAN_POINT('',(-0.25,4.04112341491167E-16,0.499999999999994));
#12225=CARTESIAN_POINT('',(-0.25,1.17411234149117E-15,3.99999999999999));
#12226=CARTESIAN_POINT('Origin',(-2.40412806246128E-31,4.38606299277665E-16,
0.499999999999994));
#12227=CARTESIAN_POINT('Origin',(0.5,1.24636187489329E-15,3.99999999999999));
#12228=CARTESIAN_POINT('',(0.5,1.57636187489329E-15,4.24999999999999));
#12229=CARTESIAN_POINT('',(0.5,1.38074570491461E-15,4.74999999999999));
#12230=CARTESIAN_POINT('Origin',(0.5,1.35636187489329E-15,4.49999999999999));
#12231=CARTESIAN_POINT('Origin',(0.5,1.35636187489329E-15,4.49999999999999));
#12232=CARTESIAN_POINT('Origin',(0.5,1.21574570491461E-15,3.99999999999999));
#12233=CARTESIAN_POINT('Origin',(0.5,1.35636187489329E-15,4.49999999999999));
#12234=CARTESIAN_POINT('',(7.12,1.94384569604422E-15,4.24999999999999));
#12235=CARTESIAN_POINT('',(7.12,1.74822952606554E-15,4.74999999999999));
#12236=CARTESIAN_POINT('Origin',(7.12,1.72384569604422E-15,4.49999999999999));
#12237=CARTESIAN_POINT('Origin',(7.12,1.72384569604422E-15,4.49999999999999));
#12238=CARTESIAN_POINT('',(0.5,1.38074570491461E-15,4.74999999999999));
#12239=CARTESIAN_POINT('Origin',(7.12,1.61384569604422E-15,3.99999999999999));
#12240=CARTESIAN_POINT('',(7.37,1.95772348385204E-15,3.99999999999999));
#12241=CARTESIAN_POINT('',(7.87,1.62486288948898E-15,3.99999999999999));
#12242=CARTESIAN_POINT('Origin',(7.62,1.64160127165985E-15,3.99999999999999));
#12243=CARTESIAN_POINT('Origin',(7.62,1.64160127165985E-15,3.99999999999999));
#12244=CARTESIAN_POINT('Origin',(7.12,1.58322952606554E-15,3.99999999999999));
#12245=CARTESIAN_POINT('Origin',(7.62,1.64160127165985E-15,3.99999999999999));
#12246=CARTESIAN_POINT('',(7.87,8.54862889488982E-16,0.499999999999994));
#12247=CARTESIAN_POINT('Origin',(7.62,8.61601271659852E-16,0.499999999999994));
#12248=CARTESIAN_POINT('',(7.87,1.62486288948898E-15,3.99999999999999));
#12249=CARTESIAN_POINT('Origin',(0.25,4.5248408708548E-16,0.499999999999994));
#12250=CARTESIAN_POINT('Origin',(7.37,8.47723483852037E-16,0.499999999999994));
#12251=CARTESIAN_POINT('Origin',(2.41,1.3454550811325E-15,4.49999999999999));
#12252=CARTESIAN_POINT('',(3.41,5.22690508103388E-16,3.48999999999999));
#12253=CARTESIAN_POINT('Origin',(3.41,1.40096623236376E-15,4.49999999999999));
#12254=CARTESIAN_POINT('',(2.41,4.6717935687213E-16,3.48999999999999));
#12255=CARTESIAN_POINT('',(2.41,4.6717935687213E-16,3.48999999999999));
#12256=CARTESIAN_POINT('Origin',(2.41,1.3454550811325E-15,4.49999999999999));
#12257=CARTESIAN_POINT('Origin',(2.41,1.3454550811325E-15,4.49999999999999));
#12258=CARTESIAN_POINT('',(2.41,4.65875156122232E-16,3.49999999999999));
#12259=CARTESIAN_POINT('Origin',(2.41,1.3454550811325E-15,4.49999999999999));
#12260=CARTESIAN_POINT('Origin',(3.41,1.40096623236376E-15,4.49999999999999));
#12261=CARTESIAN_POINT('',(3.41,5.2138630735349E-16,3.49999999999999));
#12262=CARTESIAN_POINT('Origin',(3.41,1.40096623236376E-15,4.49999999999999));
#12263=CARTESIAN_POINT('Origin',(1.81,1.31214839039374E-15,4.49999999999999));
#12264=CARTESIAN_POINT('',(2.21,4.54772925875981E-16,3.49999999999999));
#12265=CARTESIAN_POINT('',(1.81,4.32568465383478E-16,3.49999999999999));
#12266=CARTESIAN_POINT('Origin',(2.21,1.33435285088625E-15,4.49999999999999));
#12267=CARTESIAN_POINT('Origin',(1.81,1.31214839039374E-15,4.49999999999999));
#12268=CARTESIAN_POINT('',(5.41,6.32408609816006E-16,3.49999999999999));
#12269=CARTESIAN_POINT('Origin',(5.41,1.51198853482627E-15,4.49999999999999));
#12270=CARTESIAN_POINT('',(1.81,4.32568465383478E-16,3.49999999999999));
#12271=CARTESIAN_POINT('Origin',(2.21,1.33435285088625E-15,4.49999999999999));
#12272=CARTESIAN_POINT('',(1.81,6.37442819489901E-16,3.89999999999999));
#12273=CARTESIAN_POINT('Origin',(1.81,1.31214839039374E-15,4.49999999999999));
#12274=CARTESIAN_POINT('Origin',(2.21,6.59647279982404E-16,3.89999999999999));
#12275=CARTESIAN_POINT('Origin',(5.41,1.51198853482627E-15,4.49999999999999));
#12276=CARTESIAN_POINT('',(5.81,8.59487424414933E-16,3.89999999999999));
#12277=CARTESIAN_POINT('Origin',(5.41,8.3728296392243E-16,3.89999999999999));
#12278=CARTESIAN_POINT('Origin',(5.81,1.53419299531877E-15,4.49999999999999));
#12279=CARTESIAN_POINT('Origin',(1.81,1.31214839039374E-15,4.49999999999999));
#12280=CARTESIAN_POINT('Origin',(5.81,1.53419299531877E-15,4.49999999999999));
#12281=CARTESIAN_POINT('',(0.,0.,0.));
#12282=CARTESIAN_POINT('',(0.,0.,0.));
#12283=CARTESIAN_POINT('',(0.,0.,0.));
#12284=CARTESIAN_POINT('',(0.,0.,0.));
#12285=CARTESIAN_POINT('',(0.,0.,0.));
#12286=CARTESIAN_POINT('',(0.,0.,0.));
#12287=CARTESIAN_POINT('',(0.,0.,0.));
#12288=CARTESIAN_POINT('',(0.,0.,0.));
#12289=CARTESIAN_POINT('',(0.,0.,0.));
#12290=CARTESIAN_POINT('Origin',(43.,-32.1,2.99999999999999));
#12291=CARTESIAN_POINT('',(43.,-32.1,2.99999999999999));
#12292=CARTESIAN_POINT('',(43.,-32.1,4.50999999999999));
#12293=CARTESIAN_POINT('',(43.,-32.1,2.99999999999999));
#12294=CARTESIAN_POINT('',(-43.,-32.1,4.50999999999999));
#12295=CARTESIAN_POINT('',(43.,-32.1,4.50999999999999));
#12296=CARTESIAN_POINT('',(-43.,-32.1,2.99999999999999));
#12297=CARTESIAN_POINT('',(-43.,-32.1,2.99999999999999));
#12298=CARTESIAN_POINT('',(43.,-32.1,2.99999999999999));
#12299=CARTESIAN_POINT('Origin',(43.,32.1,2.99999999999999));
#12300=CARTESIAN_POINT('',(43.,32.1,2.99999999999999));
#12301=CARTESIAN_POINT('',(43.,32.1,4.50999999999999));
#12302=CARTESIAN_POINT('',(43.,32.1,2.99999999999999));
#12303=CARTESIAN_POINT('',(43.,32.1,4.50999999999999));
#12304=CARTESIAN_POINT('',(43.,32.1,2.99999999999999));
#12305=CARTESIAN_POINT('Origin',(-43.,-32.1,2.99999999999999));
#12306=CARTESIAN_POINT('',(-43.,32.1,4.50999999999999));
#12307=CARTESIAN_POINT('',(-43.,-32.1,4.50999999999999));
#12308=CARTESIAN_POINT('',(-43.,32.1,2.99999999999999));
#12309=CARTESIAN_POINT('',(-43.,32.1,2.99999999999999));
#12310=CARTESIAN_POINT('',(-43.,-32.1,2.99999999999999));
#12311=CARTESIAN_POINT('Origin',(8.32667268468867E-16,-3.33066907387544E-16,
2.99999999999999));
#12312=CARTESIAN_POINT('',(-43.,32.1,2.99999999999999));
#12313=CARTESIAN_POINT('',(-26.838515,-21.727438,2.99999999999999));
#12314=CARTESIAN_POINT('',(-27.541288,-21.07886,2.99999999999999));
#12315=CARTESIAN_POINT('Origin',(-27.28902970448,-21.51056033009,2.99999999999999));
#12316=CARTESIAN_POINT('',(-27.793546,-21.147159,2.99999999999999));
#12317=CARTESIAN_POINT('Origin',(-27.79354865687,-20.64715027071,2.99999999999999));
#12318=CARTESIAN_POINT('',(-29.382452,-21.147158,2.99999999999999));
#12319=CARTESIAN_POINT('',(-27.793546,-21.147159,2.99999999999999));
#12320=CARTESIAN_POINT('',(-29.63471,-21.078859,2.99999999999999));
#12321=CARTESIAN_POINT('Origin',(-29.38244934312,-20.64714927071,2.99999999999999));
#12322=CARTESIAN_POINT('',(-30.337483,-21.727438,2.99999999999999));
#12323=CARTESIAN_POINT('Origin',(-29.88696825432,-21.51055970911,2.99999999999999));
#12324=CARTESIAN_POINT('',(-30.287998,-21.944316,2.99999999999999));
#12325=CARTESIAN_POINT('Origin',(-30.78798788503,-21.94431407913,2.99999999999999));
#12326=CARTESIAN_POINT('',(-30.287998,-23.35,2.99999999999999));
#12327=CARTESIAN_POINT('',(-30.287998,-21.944316,2.99999999999999));
#12328=CARTESIAN_POINT('',(-30.337483,-23.566878,2.99999999999999));
#12329=CARTESIAN_POINT('Origin',(-30.78798788503,-23.35000192086,2.99999999999999));
#12330=CARTESIAN_POINT('',(-29.634709,-24.215457,2.99999999999999));
#12331=CARTESIAN_POINT('Origin',(-29.88696646449,-23.78375474043,2.99999999999999));
#12332=CARTESIAN_POINT('',(-29.382451,-24.147158,2.99999999999999));
#12333=CARTESIAN_POINT('Origin',(-29.38244834312,-24.64716672928,2.99999999999999));
#12334=CARTESIAN_POINT('',(-27.793547,-24.147158,2.99999999999999));
#12335=CARTESIAN_POINT('',(-29.382451,-24.147158,2.99999999999999));
#12336=CARTESIAN_POINT('',(-27.541288,-24.215457,2.99999999999999));
#12337=CARTESIAN_POINT('Origin',(-27.79354865685,-24.64716672922,2.99999999999999));
#12338=CARTESIAN_POINT('',(-26.838515,-23.566878,2.99999999999999));
#12339=CARTESIAN_POINT('Origin',(-27.28902909571,-23.78375699515,2.99999999999999));
#12340=CARTESIAN_POINT('',(-26.888,-23.35,2.99999999999999));
#12341=CARTESIAN_POINT('Origin',(-26.38801011496,-23.35000192086,2.99999999999999));
#12342=CARTESIAN_POINT('',(-26.888,-21.944315,2.99999999999999));
#12343=CARTESIAN_POINT('',(-26.888,-23.35,2.99999999999999));
#12344=CARTESIAN_POINT('Origin',(-26.38801011502,-21.94431407911,2.99999999999999));
#12345=CARTESIAN_POINT('',(-33.668,-17.38,2.99999999999999));
#12346=CARTESIAN_POINT('Origin',(-33.668,-18.23,2.99999999999999));
#12347=CARTESIAN_POINT('',(-28.588,-16.23,2.99999999999999));
#12348=CARTESIAN_POINT('Origin',(-28.588,-18.23,2.99999999999999));
#12349=CARTESIAN_POINT('',(-19.063,-21.17,2.99999999999999));
#12350=CARTESIAN_POINT('Origin',(-19.063,-21.57,2.99999999999999));
#12351=CARTESIAN_POINT('',(-23.508,-17.38,2.99999999999999));
#12352=CARTESIAN_POINT('Origin',(-23.508,-18.23,2.99999999999999));
#12353=CARTESIAN_POINT('',(-32.398,-14.94,2.99999999999999));
#12354=CARTESIAN_POINT('Origin',(-32.398,-15.69,2.99999999999999));
#12355=CARTESIAN_POINT('',(-26.048,-12.4,2.99999999999999));
#12356=CARTESIAN_POINT('Origin',(-26.048,-13.15,2.99999999999999));
#12357=CARTESIAN_POINT('',(-19.063,-13.55,2.99999999999999));
#12358=CARTESIAN_POINT('Origin',(-19.063,-13.95,2.99999999999999));
#12359=CARTESIAN_POINT('',(-7.788515,-21.727438,2.99999999999999));
#12360=CARTESIAN_POINT('',(-8.491288,-21.07886,2.99999999999999));
#12361=CARTESIAN_POINT('Origin',(-8.239029704487,-21.51056033009,2.99999999999999));
#12362=CARTESIAN_POINT('',(-8.743546,-21.147159,2.99999999999999));
#12363=CARTESIAN_POINT('Origin',(-8.743548656878,-20.64715027071,2.99999999999999));
#12364=CARTESIAN_POINT('',(-10.332452,-21.147158,2.99999999999999));
#12365=CARTESIAN_POINT('',(-8.743546,-21.147159,2.99999999999999));
#12366=CARTESIAN_POINT('',(-10.58471,-21.078859,2.99999999999999));
#12367=CARTESIAN_POINT('Origin',(-10.33244934312,-20.64714927071,2.99999999999999));
#12368=CARTESIAN_POINT('',(-11.287483,-21.727438,2.99999999999999));
#12369=CARTESIAN_POINT('Origin',(-10.83696825432,-21.51055970911,2.99999999999999));
#12370=CARTESIAN_POINT('',(-11.237998,-21.944316,2.99999999999999));
#12371=CARTESIAN_POINT('Origin',(-11.73798788503,-21.94431407913,2.99999999999999));
#12372=CARTESIAN_POINT('',(-11.237998,-23.350001,2.99999999999999));
#12373=CARTESIAN_POINT('',(-11.237998,-21.944316,2.99999999999999));
#12374=CARTESIAN_POINT('',(-11.287483,-23.566878,2.99999999999999));
#12375=CARTESIAN_POINT('Origin',(-11.73798788497,-23.35000192088,2.99999999999999));
#12376=CARTESIAN_POINT('',(-10.584709,-24.215457,2.99999999999999));
#12377=CARTESIAN_POINT('Origin',(-10.83696646449,-23.78375474043,2.99999999999999));
#12378=CARTESIAN_POINT('',(-10.332451,-24.147158,2.99999999999999));
#12379=CARTESIAN_POINT('Origin',(-10.33244834312,-24.64716672928,2.99999999999999));
#12380=CARTESIAN_POINT('',(-8.743547,-24.147158,2.99999999999999));
#12381=CARTESIAN_POINT('',(-10.332451,-24.147158,2.99999999999999));
#12382=CARTESIAN_POINT('',(-8.491288,-24.215457,2.99999999999999));
#12383=CARTESIAN_POINT('Origin',(-8.743548656854,-24.64716672922,2.99999999999999));
#12384=CARTESIAN_POINT('',(-7.788515,-23.566878,2.99999999999999));
#12385=CARTESIAN_POINT('Origin',(-8.239029095715,-23.78375699515,2.99999999999999));
#12386=CARTESIAN_POINT('',(-7.838,-23.35,2.99999999999999));
#12387=CARTESIAN_POINT('Origin',(-7.338010114969,-23.35000192086,2.99999999999999));
#12388=CARTESIAN_POINT('',(-7.838,-21.944315,2.99999999999999));
#12389=CARTESIAN_POINT('',(-7.838,-23.35,2.99999999999999));
#12390=CARTESIAN_POINT('Origin',(-7.338010115023,-21.94431407911,2.99999999999999));
#12391=CARTESIAN_POINT('',(-14.618,-17.38,2.99999999999999));
#12392=CARTESIAN_POINT('Origin',(-14.618,-18.23,2.99999999999999));
#12393=CARTESIAN_POINT('',(-9.538,-16.23,2.99999999999999));
#12394=CARTESIAN_POINT('Origin',(-9.538,-18.23,2.99999999999999));
#12395=CARTESIAN_POINT('',(-0.0129999999999979,-21.17,2.99999999999999));
#12396=CARTESIAN_POINT('Origin',(-0.012999999999998,-21.57,2.99999999999999));
#12397=CARTESIAN_POINT('',(-4.458,-17.38,2.99999999999999));
#12398=CARTESIAN_POINT('Origin',(-4.458,-18.23,2.99999999999999));
#12399=CARTESIAN_POINT('',(-13.348,-14.94,2.99999999999999));
#12400=CARTESIAN_POINT('Origin',(-13.348,-15.69,2.99999999999999));
#12401=CARTESIAN_POINT('',(-6.998,-12.4,2.99999999999999));
#12402=CARTESIAN_POINT('Origin',(-6.998,-13.15,2.99999999999999));
#12403=CARTESIAN_POINT('',(-0.0129999999999983,-13.55,2.99999999999999));
#12404=CARTESIAN_POINT('Origin',(-0.0129999999999984,-13.95,2.99999999999999));
#12405=CARTESIAN_POINT('',(-26.838515,-2.677438,2.99999999999999));
#12406=CARTESIAN_POINT('',(-27.541288,-2.02886,2.99999999999999));
#12407=CARTESIAN_POINT('Origin',(-27.28902970448,-2.460560330097,2.99999999999999));
#12408=CARTESIAN_POINT('',(-27.793546,-2.097159,2.99999999999999));
#12409=CARTESIAN_POINT('Origin',(-27.79354865687,-1.597150270719,2.99999999999999));
#12410=CARTESIAN_POINT('',(-29.382452,-2.097158,2.99999999999999));
#12411=CARTESIAN_POINT('',(-27.793546,-2.097159,2.99999999999999));
#12412=CARTESIAN_POINT('',(-29.63471,-2.028859,2.99999999999999));
#12413=CARTESIAN_POINT('Origin',(-29.38244934312,-1.597149270719,2.99999999999999));
#12414=CARTESIAN_POINT('',(-30.337483,-2.677438,2.99999999999999));
#12415=CARTESIAN_POINT('Origin',(-29.88696825432,-2.460559709117,2.99999999999999));
#12416=CARTESIAN_POINT('',(-30.287998,-2.894316,2.99999999999999));
#12417=CARTESIAN_POINT('Origin',(-30.78798788503,-2.894314079133,2.99999999999999));
#12418=CARTESIAN_POINT('',(-30.287998,-4.300001,2.99999999999999));
#12419=CARTESIAN_POINT('',(-30.287998,-2.894316,2.99999999999999));
#12420=CARTESIAN_POINT('',(-30.337483,-4.516878,2.99999999999999));
#12421=CARTESIAN_POINT('Origin',(-30.78798788497,-4.300001920886,2.99999999999999));
#12422=CARTESIAN_POINT('',(-29.634709,-5.165457,2.99999999999999));
#12423=CARTESIAN_POINT('Origin',(-29.88696646449,-4.733754740432,2.99999999999999));
#12424=CARTESIAN_POINT('',(-29.382451,-5.097158,2.99999999999999));
#12425=CARTESIAN_POINT('Origin',(-29.38244834312,-5.597166729281,2.99999999999999));
#12426=CARTESIAN_POINT('',(-27.793547,-5.097158,2.99999999999999));
#12427=CARTESIAN_POINT('',(-29.382451,-5.097158,2.99999999999999));
#12428=CARTESIAN_POINT('',(-27.541288,-5.165457,2.99999999999999));
#12429=CARTESIAN_POINT('Origin',(-27.79354865685,-5.597166729223,2.99999999999999));
#12430=CARTESIAN_POINT('',(-26.838515,-4.516878,2.99999999999999));
#12431=CARTESIAN_POINT('Origin',(-27.28902909571,-4.733756995153,2.99999999999999));
#12432=CARTESIAN_POINT('',(-26.888,-4.3,2.99999999999999));
#12433=CARTESIAN_POINT('Origin',(-26.38801011496,-4.300001920867,2.99999999999999));
#12434=CARTESIAN_POINT('',(-26.888,-2.894315,2.99999999999999));
#12435=CARTESIAN_POINT('',(-26.888,-4.3,2.99999999999999));
#12436=CARTESIAN_POINT('Origin',(-26.38801011502,-2.894314079114,2.99999999999999));
#12437=CARTESIAN_POINT('',(-33.668,1.67,2.99999999999999));
#12438=CARTESIAN_POINT('Origin',(-33.668,0.819999999999998,2.99999999999999));
#12439=CARTESIAN_POINT('',(-28.588,2.82,2.99999999999999));
#12440=CARTESIAN_POINT('Origin',(-28.588,0.819999999999998,2.99999999999999));
#12441=CARTESIAN_POINT('',(-19.063,-2.12,2.99999999999999));
#12442=CARTESIAN_POINT('Origin',(-19.063,-2.52,2.99999999999999));
#12443=CARTESIAN_POINT('',(-23.508,1.67,2.99999999999999));
#12444=CARTESIAN_POINT('Origin',(-23.508,0.819999999999999,2.99999999999999));
#12445=CARTESIAN_POINT('',(-10.58471,-2.028859,2.99999999999999));
#12446=CARTESIAN_POINT('',(-11.287483,-2.677438,2.99999999999999));
#12447=CARTESIAN_POINT('Origin',(-10.83696825432,-2.460559709117,2.99999999999999));
#12448=CARTESIAN_POINT('',(-11.237998,-2.894316,2.99999999999999));
#12449=CARTESIAN_POINT('Origin',(-11.73798788503,-2.894314079133,2.99999999999999));
#12450=CARTESIAN_POINT('',(-11.237998,-4.3,2.99999999999999));
#12451=CARTESIAN_POINT('',(-11.237998,-2.894316,2.99999999999999));
#12452=CARTESIAN_POINT('',(-11.287483,-4.516878,2.99999999999999));
#12453=CARTESIAN_POINT('Origin',(-11.73798788503,-4.300001920867,2.99999999999999));
#12454=CARTESIAN_POINT('',(-10.58471,-5.165455,2.99999999999999));
#12455=CARTESIAN_POINT('Origin',(-10.83696839101,-4.733755107771,2.99999999999999));
#12456=CARTESIAN_POINT('',(-10.332451,-5.097158,2.99999999999999));
#12457=CARTESIAN_POINT('Origin',(-10.33244407362,-5.597198834677,2.99999999999999));
#12458=CARTESIAN_POINT('',(-8.743547,-5.097158,2.99999999999999));
#12459=CARTESIAN_POINT('',(-10.332451,-5.097158,2.99999999999999));
#12460=CARTESIAN_POINT('',(-8.491288,-5.165457,2.99999999999999));
#12461=CARTESIAN_POINT('Origin',(-8.743548656854,-5.597166729223,2.99999999999999));
#12462=CARTESIAN_POINT('',(-7.788515,-4.516877,2.99999999999999));
#12463=CARTESIAN_POINT('Origin',(-8.239029136904,-4.733756616131,2.99999999999999));
#12464=CARTESIAN_POINT('',(-7.838,-4.3,2.99999999999999));
#12465=CARTESIAN_POINT('Origin',(-7.338018770278,-4.300002895762,2.99999999999999));
#12466=CARTESIAN_POINT('',(-7.838,-2.894316,2.99999999999999));
#12467=CARTESIAN_POINT('',(-7.838,-4.3,2.99999999999999));
#12468=CARTESIAN_POINT('',(-7.788515,-2.677438,2.99999999999999));
#12469=CARTESIAN_POINT('Origin',(-7.338010114969,-2.894314079133,2.99999999999999));
#12470=CARTESIAN_POINT('',(-8.491288,-2.02886,2.99999999999999));
#12471=CARTESIAN_POINT('Origin',(-8.239029704487,-2.460560330097,2.99999999999999));
#12472=CARTESIAN_POINT('',(-8.743546,-2.097159,2.99999999999999));
#12473=CARTESIAN_POINT('Origin',(-8.743548656878,-1.597150270719,2.99999999999999));
#12474=CARTESIAN_POINT('',(-10.332451,-2.097159,2.99999999999999));
#12475=CARTESIAN_POINT('',(-8.743546,-2.097159,2.99999999999999));
#12476=CARTESIAN_POINT('Origin',(-10.33244373621,-1.597135882943,2.99999999999999));
#12477=CARTESIAN_POINT('',(-14.618,1.67,2.99999999999999));
#12478=CARTESIAN_POINT('Origin',(-14.618,0.819999999999999,2.99999999999999));
#12479=CARTESIAN_POINT('',(-9.538,2.82,2.99999999999999));
#12480=CARTESIAN_POINT('Origin',(-9.538,0.819999999999999,2.99999999999999));
#12481=CARTESIAN_POINT('',(-0.012999999999999,-2.12,2.99999999999999));
#12482=CARTESIAN_POINT('Origin',(-0.012999999999999,-2.52,2.99999999999999));
#12483=CARTESIAN_POINT('',(-4.458,1.67,2.99999999999999));
#12484=CARTESIAN_POINT('Origin',(-4.458,0.82,2.99999999999999));
#12485=CARTESIAN_POINT('',(11.261485,-21.727438,2.99999999999999));
#12486=CARTESIAN_POINT('',(10.558712,-21.07886,2.99999999999999));
#12487=CARTESIAN_POINT('Origin',(10.810970295513,-21.51056033009,2.99999999999999));
#12488=CARTESIAN_POINT('',(10.306454,-21.147159,2.99999999999999));
#12489=CARTESIAN_POINT('Origin',(10.306451343122,-20.64715027071,2.99999999999999));
#12490=CARTESIAN_POINT('',(8.717548,-21.147158,2.99999999999999));
#12491=CARTESIAN_POINT('',(10.306454,-21.147159,2.99999999999999));
#12492=CARTESIAN_POINT('',(8.46529,-21.078859,2.99999999999999));
#12493=CARTESIAN_POINT('Origin',(8.717550656878,-20.64714927071,2.99999999999999));
#12494=CARTESIAN_POINT('',(7.762517,-21.727438,2.99999999999999));
#12495=CARTESIAN_POINT('Origin',(8.213031745676,-21.51055970911,2.99999999999999));
#12496=CARTESIAN_POINT('',(7.812002,-21.944316,2.99999999999999));
#12497=CARTESIAN_POINT('Origin',(7.312012114969,-21.94431407913,2.99999999999999));
#12498=CARTESIAN_POINT('',(7.812002,-23.35,2.99999999999999));
#12499=CARTESIAN_POINT('',(7.812002,-21.944316,2.99999999999999));
#12500=CARTESIAN_POINT('',(7.762517,-23.566878,2.99999999999999));
#12501=CARTESIAN_POINT('Origin',(7.312012114969,-23.35000192086,2.99999999999999));
#12502=CARTESIAN_POINT('',(8.465291,-24.215457,2.99999999999999));
#12503=CARTESIAN_POINT('Origin',(8.213033535509,-23.78375474043,2.99999999999999));
#12504=CARTESIAN_POINT('',(8.717549,-24.147158,2.99999999999999));
#12505=CARTESIAN_POINT('Origin',(8.717551656878,-24.64716672928,2.99999999999999));
#12506=CARTESIAN_POINT('',(10.306453,-24.147158,2.99999999999999));
#12507=CARTESIAN_POINT('',(8.717549,-24.147158,2.99999999999999));
#12508=CARTESIAN_POINT('',(10.558712,-24.215457,2.99999999999999));
#12509=CARTESIAN_POINT('Origin',(10.306451343146,-24.64716672922,2.99999999999999));
#12510=CARTESIAN_POINT('',(11.261485,-23.566878,2.99999999999999));
#12511=CARTESIAN_POINT('Origin',(10.810970904285,-23.78375699515,2.99999999999999));
#12512=CARTESIAN_POINT('',(11.212,-23.35,2.99999999999999));
#12513=CARTESIAN_POINT('Origin',(11.711989885031,-23.35000192086,2.99999999999999));
#12514=CARTESIAN_POINT('',(11.212,-21.944315,2.99999999999999));
#12515=CARTESIAN_POINT('',(11.212,-23.35,2.99999999999999));
#12516=CARTESIAN_POINT('Origin',(11.711989884977,-21.94431407911,2.99999999999999));
#12517=CARTESIAN_POINT('',(4.432,-17.38,2.99999999999999));
#12518=CARTESIAN_POINT('Origin',(4.432,-18.23,2.99999999999999));
#12519=CARTESIAN_POINT('',(9.512,-16.23,2.99999999999999));
#12520=CARTESIAN_POINT('Origin',(9.512,-18.23,2.99999999999999));
#12521=CARTESIAN_POINT('',(19.037,-21.17,2.99999999999999));
#12522=CARTESIAN_POINT('Origin',(19.037,-21.57,2.99999999999999));
#12523=CARTESIAN_POINT('',(14.592,-17.38,2.99999999999999));
#12524=CARTESIAN_POINT('Origin',(14.592,-18.23,2.99999999999999));
#12525=CARTESIAN_POINT('',(5.702,-14.94,2.99999999999999));
#12526=CARTESIAN_POINT('Origin',(5.702,-15.69,2.99999999999999));
#12527=CARTESIAN_POINT('',(12.052,-12.4,2.99999999999999));
#12528=CARTESIAN_POINT('Origin',(12.052,-13.15,2.99999999999999));
#12529=CARTESIAN_POINT('',(19.037,-13.55,2.99999999999999));
#12530=CARTESIAN_POINT('Origin',(19.037,-13.95,2.99999999999999));
#12531=CARTESIAN_POINT('',(27.51529,-21.078859,2.99999999999999));
#12532=CARTESIAN_POINT('',(26.812517,-21.727438,2.99999999999999));
#12533=CARTESIAN_POINT('Origin',(27.263031745676,-21.51055970911,2.99999999999999));
#12534=CARTESIAN_POINT('',(26.862002,-21.944316,2.99999999999999));
#12535=CARTESIAN_POINT('Origin',(26.362012114969,-21.94431407913,2.99999999999999));
#12536=CARTESIAN_POINT('',(26.862002,-23.35,2.99999999999999));
#12537=CARTESIAN_POINT('',(26.862002,-21.944316,2.99999999999999));
#12538=CARTESIAN_POINT('',(26.812517,-23.566878,2.99999999999999));
#12539=CARTESIAN_POINT('Origin',(26.362012114969,-23.35000192086,2.99999999999999));
#12540=CARTESIAN_POINT('',(27.51529,-24.215455,2.99999999999999));
#12541=CARTESIAN_POINT('Origin',(27.263031608988,-23.78375510777,2.99999999999999));
#12542=CARTESIAN_POINT('',(27.767549,-24.147158,2.99999999999999));
#12543=CARTESIAN_POINT('Origin',(27.767555926377,-24.64719883467,2.99999999999999));
#12544=CARTESIAN_POINT('',(29.356453,-24.147158,2.99999999999999));
#12545=CARTESIAN_POINT('',(27.767549,-24.147158,2.99999999999999));
#12546=CARTESIAN_POINT('',(29.608712,-24.215457,2.99999999999999));
#12547=CARTESIAN_POINT('Origin',(29.356451343146,-24.64716672922,2.99999999999999));
#12548=CARTESIAN_POINT('',(30.311485,-23.566877,2.99999999999999));
#12549=CARTESIAN_POINT('Origin',(29.860970863096,-23.78375661613,2.99999999999999));
#12550=CARTESIAN_POINT('',(30.262,-23.35,2.99999999999999));
#12551=CARTESIAN_POINT('Origin',(30.761981229722,-23.35000289576,2.99999999999999));
#12552=CARTESIAN_POINT('',(30.262,-21.944316,2.99999999999999));
#12553=CARTESIAN_POINT('',(30.262,-23.35,2.99999999999999));
#12554=CARTESIAN_POINT('',(30.311485,-21.727438,2.99999999999999));
#12555=CARTESIAN_POINT('Origin',(30.761989885031,-21.94431407913,2.99999999999999));
#12556=CARTESIAN_POINT('',(29.608712,-21.07886,2.99999999999999));
#12557=CARTESIAN_POINT('Origin',(29.860970295513,-21.51056033009,2.99999999999999));
#12558=CARTESIAN_POINT('',(29.356454,-21.147159,2.99999999999999));
#12559=CARTESIAN_POINT('Origin',(29.356451343122,-20.64715027071,2.99999999999999));
#12560=CARTESIAN_POINT('',(27.767548,-21.147158,2.99999999999999));
#12561=CARTESIAN_POINT('',(29.356454,-21.147159,2.99999999999999));
#12562=CARTESIAN_POINT('Origin',(27.767550656878,-20.64714927071,2.99999999999999));
#12563=CARTESIAN_POINT('',(23.482,-17.38,2.99999999999999));
#12564=CARTESIAN_POINT('Origin',(23.482,-18.23,2.99999999999999));
#12565=CARTESIAN_POINT('',(28.562,-16.23,2.99999999999999));
#12566=CARTESIAN_POINT('Origin',(28.562,-18.23,2.99999999999999));
#12567=CARTESIAN_POINT('',(38.087,-21.17,2.99999999999999));
#12568=CARTESIAN_POINT('Origin',(38.087,-21.57,2.99999999999999));
#12569=CARTESIAN_POINT('',(33.642,-17.38,2.99999999999999));
#12570=CARTESIAN_POINT('Origin',(33.642,-18.23,2.99999999999999));
#12571=CARTESIAN_POINT('',(24.752,-14.94,2.99999999999999));
#12572=CARTESIAN_POINT('Origin',(24.752,-15.69,2.99999999999999));
#12573=CARTESIAN_POINT('',(31.102,-12.4,2.99999999999999));
#12574=CARTESIAN_POINT('Origin',(31.102,-13.15,2.99999999999999));
#12575=CARTESIAN_POINT('',(38.087,-13.55,2.99999999999999));
#12576=CARTESIAN_POINT('Origin',(38.087,-13.95,2.99999999999999));
#12577=CARTESIAN_POINT('',(11.261485,-2.677438,2.99999999999999));
#12578=CARTESIAN_POINT('',(10.558712,-2.02886,2.99999999999999));
#12579=CARTESIAN_POINT('Origin',(10.810970295513,-2.460560330097,2.99999999999999));
#12580=CARTESIAN_POINT('',(10.306454,-2.097159,2.99999999999999));
#12581=CARTESIAN_POINT('Origin',(10.306451343122,-1.597150270719,2.99999999999999));
#12582=CARTESIAN_POINT('',(8.717548,-2.097158,2.99999999999999));
#12583=CARTESIAN_POINT('',(10.306454,-2.097159,2.99999999999999));
#12584=CARTESIAN_POINT('',(8.46529,-2.028859,2.99999999999999));
#12585=CARTESIAN_POINT('Origin',(8.717550656878,-1.597149270719,2.99999999999999));
#12586=CARTESIAN_POINT('',(7.762517,-2.677438,2.99999999999999));
#12587=CARTESIAN_POINT('Origin',(8.213031745676,-2.460559709117,2.99999999999999));
#12588=CARTESIAN_POINT('',(7.812002,-2.894316,2.99999999999999));
#12589=CARTESIAN_POINT('Origin',(7.312012114969,-2.894314079133,2.99999999999999));
#12590=CARTESIAN_POINT('',(7.812002,-4.300001,2.99999999999999));
#12591=CARTESIAN_POINT('',(7.812002,-2.894316,2.99999999999999));
#12592=CARTESIAN_POINT('',(7.762517,-4.516878,2.99999999999999));
#12593=CARTESIAN_POINT('Origin',(7.312012115023,-4.300001920886,2.99999999999999));
#12594=CARTESIAN_POINT('',(8.46529,-5.165455,2.99999999999999));
#12595=CARTESIAN_POINT('Origin',(8.213031608988,-4.733755107771,2.99999999999999));
#12596=CARTESIAN_POINT('',(8.717549,-5.097158,2.99999999999999));
#12597=CARTESIAN_POINT('Origin',(8.717555926377,-5.597198834677,2.99999999999999));
#12598=CARTESIAN_POINT('',(10.306453,-5.097158,2.99999999999999));
#12599=CARTESIAN_POINT('',(8.717549,-5.097158,2.99999999999999));
#12600=CARTESIAN_POINT('',(10.558712,-5.165457,2.99999999999999));
#12601=CARTESIAN_POINT('Origin',(10.306451343146,-5.597166729223,2.99999999999999));
#12602=CARTESIAN_POINT('',(11.261485,-4.516878,2.99999999999999));
#12603=CARTESIAN_POINT('Origin',(10.810970904285,-4.733756995153,2.99999999999999));
#12604=CARTESIAN_POINT('',(11.212,-4.3,2.99999999999999));
#12605=CARTESIAN_POINT('Origin',(11.711989885031,-4.300001920867,2.99999999999999));
#12606=CARTESIAN_POINT('',(11.212,-2.894315,2.99999999999999));
#12607=CARTESIAN_POINT('',(11.212,-4.3,2.99999999999999));
#12608=CARTESIAN_POINT('Origin',(11.711989884977,-2.894314079114,2.99999999999999));
#12609=CARTESIAN_POINT('',(4.432,1.67,2.99999999999999));
#12610=CARTESIAN_POINT('Origin',(4.432,0.82,2.99999999999999));
#12611=CARTESIAN_POINT('',(9.512,2.82,2.99999999999999));
#12612=CARTESIAN_POINT('Origin',(9.512,0.82,2.99999999999999));
#12613=CARTESIAN_POINT('',(19.037,-2.12,2.99999999999999));
#12614=CARTESIAN_POINT('Origin',(19.037,-2.52,2.99999999999999));
#12615=CARTESIAN_POINT('',(14.592,1.67,2.99999999999999));
#12616=CARTESIAN_POINT('Origin',(14.592,0.820000000000001,2.99999999999999));
#12617=CARTESIAN_POINT('',(30.311485,-2.677438,2.99999999999999));
#12618=CARTESIAN_POINT('',(29.608712,-2.02886,2.99999999999999));
#12619=CARTESIAN_POINT('Origin',(29.860970295513,-2.460560330097,2.99999999999999));
#12620=CARTESIAN_POINT('',(29.356454,-2.097159,2.99999999999999));
#12621=CARTESIAN_POINT('Origin',(29.356451343122,-1.597150270719,2.99999999999999));
#12622=CARTESIAN_POINT('',(27.767548,-2.097158,2.99999999999999));
#12623=CARTESIAN_POINT('',(29.356454,-2.097159,2.99999999999999));
#12624=CARTESIAN_POINT('',(27.51529,-2.028859,2.99999999999999));
#12625=CARTESIAN_POINT('Origin',(27.767550656878,-1.597149270719,2.99999999999999));
#12626=CARTESIAN_POINT('',(26.812517,-2.677438,2.99999999999999));
#12627=CARTESIAN_POINT('Origin',(27.263031745676,-2.460559709117,2.99999999999999));
#12628=CARTESIAN_POINT('',(26.862002,-2.894316,2.99999999999999));
#12629=CARTESIAN_POINT('Origin',(26.362012114969,-2.894314079133,2.99999999999999));
#12630=CARTESIAN_POINT('',(26.862002,-4.300001,2.99999999999999));
#12631=CARTESIAN_POINT('',(26.862002,-2.894316,2.99999999999999));
#12632=CARTESIAN_POINT('',(26.812517,-4.516878,2.99999999999999));
#12633=CARTESIAN_POINT('Origin',(26.362012115023,-4.300001920886,2.99999999999999));
#12634=CARTESIAN_POINT('',(27.515291,-5.165457,2.99999999999999));
#12635=CARTESIAN_POINT('Origin',(27.263033535509,-4.733754740432,2.99999999999999));
#12636=CARTESIAN_POINT('',(27.767549,-5.097158,2.99999999999999));
#12637=CARTESIAN_POINT('Origin',(27.767551656878,-5.597166729281,2.99999999999999));
#12638=CARTESIAN_POINT('',(29.356453,-5.097158,2.99999999999999));
#12639=CARTESIAN_POINT('',(27.767549,-5.097158,2.99999999999999));
#12640=CARTESIAN_POINT('',(29.608712,-5.165457,2.99999999999999));
#12641=CARTESIAN_POINT('Origin',(29.356451343146,-5.597166729223,2.99999999999999));
#12642=CARTESIAN_POINT('',(30.311485,-4.516877,2.99999999999999));
#12643=CARTESIAN_POINT('Origin',(29.860970863096,-4.733756616131,2.99999999999999));
#12644=CARTESIAN_POINT('',(30.262,-4.3,2.99999999999999));
#12645=CARTESIAN_POINT('Origin',(30.761981229722,-4.300002895762,2.99999999999999));
#12646=CARTESIAN_POINT('',(30.262,-2.894315,2.99999999999999));
#12647=CARTESIAN_POINT('',(30.262,-4.3,2.99999999999999));
#12648=CARTESIAN_POINT('Origin',(30.761989884977,-2.894314079114,2.99999999999999));
#12649=CARTESIAN_POINT('',(23.482,1.67,2.99999999999999));
#12650=CARTESIAN_POINT('Origin',(23.482,0.820000000000001,2.99999999999999));
#12651=CARTESIAN_POINT('',(28.562,2.82,2.99999999999999));
#12652=CARTESIAN_POINT('Origin',(28.562,0.820000000000001,2.99999999999999));
#12653=CARTESIAN_POINT('',(38.087,-2.12,2.99999999999999));
#12654=CARTESIAN_POINT('Origin',(38.087,-2.52,2.99999999999999));
#12655=CARTESIAN_POINT('',(33.642,1.67,2.99999999999999));
#12656=CARTESIAN_POINT('Origin',(33.642,0.820000000000002,2.99999999999999));
#12657=CARTESIAN_POINT('',(-32.398,4.11,2.99999999999999));
#12658=CARTESIAN_POINT('Origin',(-32.398,3.36,2.99999999999999));
#12659=CARTESIAN_POINT('',(-26.048,6.65,2.99999999999999));
#12660=CARTESIAN_POINT('Origin',(-26.048,5.9,2.99999999999999));
#12661=CARTESIAN_POINT('',(-19.063,5.5,2.99999999999999));
#12662=CARTESIAN_POINT('Origin',(-19.063,5.1,2.99999999999999));
#12663=CARTESIAN_POINT('',(-13.348,4.11,2.99999999999999));
#12664=CARTESIAN_POINT('Origin',(-13.348,3.36,2.99999999999999));
#12665=CARTESIAN_POINT('',(-6.998,6.65,2.99999999999999));
#12666=CARTESIAN_POINT('Origin',(-6.998,5.9,2.99999999999999));
#12667=CARTESIAN_POINT('',(-0.0129999999999994,5.5,2.99999999999999));
#12668=CARTESIAN_POINT('Origin',(-0.0129999999999995,5.1,2.99999999999999));
#12669=CARTESIAN_POINT('',(-7.638,14.48,2.99999999999999));
#12670=CARTESIAN_POINT('Origin',(-7.638,13.98,2.99999999999999));
#12671=CARTESIAN_POINT('',(-34.048,18.29,2.99999999999999));
#12672=CARTESIAN_POINT('Origin',(-34.048,17.79,2.99999999999999));
#12673=CARTESIAN_POINT('',(-34.048,20.83,2.99999999999999));
#12674=CARTESIAN_POINT('Origin',(-34.048,20.33,2.99999999999999));
#12675=CARTESIAN_POINT('',(-34.048,23.37,2.99999999999999));
#12676=CARTESIAN_POINT('Origin',(-34.048,22.87,2.99999999999999));
#12677=CARTESIAN_POINT('',(-34.048,25.91,2.99999999999999));
#12678=CARTESIAN_POINT('Origin',(-34.048,25.41,2.99999999999999));
#12679=CARTESIAN_POINT('',(-7.638,17.02,2.99999999999999));
#12680=CARTESIAN_POINT('Origin',(-7.638,16.52,2.99999999999999));
#12681=CARTESIAN_POINT('',(-7.638,19.56,2.99999999999999));
#12682=CARTESIAN_POINT('Origin',(-7.638,19.06,2.99999999999999));
#12683=CARTESIAN_POINT('',(-7.638,22.1,2.99999999999999));
#12684=CARTESIAN_POINT('Origin',(-7.638,21.6,2.99999999999999));
#12685=CARTESIAN_POINT('',(-7.638,24.64,2.99999999999999));
#12686=CARTESIAN_POINT('Origin',(-7.638,24.14,2.99999999999999));
#12687=CARTESIAN_POINT('',(-7.638,27.18,2.99999999999999));
#12688=CARTESIAN_POINT('Origin',(-7.638,26.68,2.99999999999999));
#12689=CARTESIAN_POINT('',(-7.638,29.72,2.99999999999999));
#12690=CARTESIAN_POINT('Origin',(-7.638,29.22,2.99999999999999));
#12691=CARTESIAN_POINT('',(5.702,4.11,2.99999999999999));
#12692=CARTESIAN_POINT('Origin',(5.702,3.36,2.99999999999999));
#12693=CARTESIAN_POINT('',(12.052,6.65,2.99999999999999));
#12694=CARTESIAN_POINT('Origin',(12.052,5.9,2.99999999999999));
#12695=CARTESIAN_POINT('',(19.037,5.5,2.99999999999999));
#12696=CARTESIAN_POINT('Origin',(19.037,5.1,2.99999999999999));
#12697=CARTESIAN_POINT('',(7.612,14.48,2.99999999999999));
#12698=CARTESIAN_POINT('Origin',(7.612,13.98,2.99999999999999));
#12699=CARTESIAN_POINT('',(24.752,4.11,2.99999999999999));
#12700=CARTESIAN_POINT('Origin',(24.752,3.36,2.99999999999999));
#12701=CARTESIAN_POINT('',(31.102,6.65,2.99999999999999));
#12702=CARTESIAN_POINT('Origin',(31.102,5.9,2.99999999999999));
#12703=CARTESIAN_POINT('',(38.087,5.5,2.99999999999999));
#12704=CARTESIAN_POINT('Origin',(38.087,5.1,2.99999999999999));
#12705=CARTESIAN_POINT('',(29.202,14.25,2.99999999999999));
#12706=CARTESIAN_POINT('',(29.202,12.75,2.99999999999999));
#12707=CARTESIAN_POINT('Origin',(29.202,13.5,2.99999999999999));
#12708=CARTESIAN_POINT('',(27.902,14.25,2.99999999999999));
#12709=CARTESIAN_POINT('',(14.601,14.25,2.99999999999999));
#12710=CARTESIAN_POINT('',(27.902,12.75,2.99999999999999));
#12711=CARTESIAN_POINT('Origin',(27.902,13.5,2.99999999999999));
#12712=CARTESIAN_POINT('',(13.951,12.75,2.99999999999999));
#12713=CARTESIAN_POINT('',(7.612,17.02,2.99999999999999));
#12714=CARTESIAN_POINT('Origin',(7.612,16.52,2.99999999999999));
#12715=CARTESIAN_POINT('',(7.612,19.56,2.99999999999999));
#12716=CARTESIAN_POINT('Origin',(7.612,19.06,2.99999999999999));
#12717=CARTESIAN_POINT('',(7.612,22.1,2.99999999999999));
#12718=CARTESIAN_POINT('Origin',(7.612,21.6,2.99999999999999));
#12719=CARTESIAN_POINT('',(7.612,24.64,2.99999999999999));
#12720=CARTESIAN_POINT('Origin',(7.612,24.14,2.99999999999999));
#12721=CARTESIAN_POINT('',(7.612,27.18,2.99999999999999));
#12722=CARTESIAN_POINT('Origin',(7.612,26.68,2.99999999999999));
#12723=CARTESIAN_POINT('',(7.612,29.72,2.99999999999999));
#12724=CARTESIAN_POINT('Origin',(7.612,29.22,2.99999999999999));
#12725=CARTESIAN_POINT('',(21.052,17.1,2.99999999999999));
#12726=CARTESIAN_POINT('Origin',(21.052,16.6,2.99999999999999));
#12727=CARTESIAN_POINT('',(21.052,19.6,2.99999999999999));
#12728=CARTESIAN_POINT('Origin',(21.052,19.1,2.99999999999999));
#12729=CARTESIAN_POINT('',(21.052,22.1,2.99999999999999));
#12730=CARTESIAN_POINT('Origin',(21.052,21.6,2.99999999999999));
#12731=CARTESIAN_POINT('',(35.552,17.1,2.99999999999999));
#12732=CARTESIAN_POINT('Origin',(35.552,16.6,2.99999999999999));
#12733=CARTESIAN_POINT('',(35.552,22.1,2.99999999999999));
#12734=CARTESIAN_POINT('Origin',(35.552,21.6,2.99999999999999));
#12735=CARTESIAN_POINT('',(29.202,25.45,2.99999999999999));
#12736=CARTESIAN_POINT('',(29.202,23.95,2.99999999999999));
#12737=CARTESIAN_POINT('Origin',(29.202,24.7,2.99999999999999));
#12738=CARTESIAN_POINT('',(27.902,25.45,2.99999999999999));
#12739=CARTESIAN_POINT('',(14.601,25.45,2.99999999999999));
#12740=CARTESIAN_POINT('',(27.902,23.95,2.99999999999999));
#12741=CARTESIAN_POINT('Origin',(27.902,24.7,2.99999999999999));
#12742=CARTESIAN_POINT('',(13.951,23.95,2.99999999999999));
#12743=CARTESIAN_POINT('Origin',(8.32667268468867E-16,-3.33066907387544E-16,
4.50999999999999));
#12744=CARTESIAN_POINT('',(-43.,32.1,4.50999999999999));
#12745=CARTESIAN_POINT('',(-26.838515,-21.727438,4.50999999999999));
#12746=CARTESIAN_POINT('',(-27.541288,-21.07886,4.50999999999999));
#12747=CARTESIAN_POINT('Origin',(-27.28902970448,-21.51056033009,4.50999999999999));
#12748=CARTESIAN_POINT('',(-26.888,-21.944315,4.50999999999999));
#12749=CARTESIAN_POINT('Origin',(-26.38801011502,-21.94431407911,4.50999999999999));
#12750=CARTESIAN_POINT('',(-26.888,-23.35,4.50999999999999));
#12751=CARTESIAN_POINT('',(-26.888,-23.35,4.50999999999999));
#12752=CARTESIAN_POINT('',(-26.838515,-23.566878,4.50999999999999));
#12753=CARTESIAN_POINT('Origin',(-26.38801011496,-23.35000192086,4.50999999999999));
#12754=CARTESIAN_POINT('',(-27.541288,-24.215457,4.50999999999999));
#12755=CARTESIAN_POINT('Origin',(-27.28902909571,-23.78375699515,4.50999999999999));
#12756=CARTESIAN_POINT('',(-27.793547,-24.147158,4.50999999999999));
#12757=CARTESIAN_POINT('Origin',(-27.79354865685,-24.64716672922,4.50999999999999));
#12758=CARTESIAN_POINT('',(-29.382451,-24.147158,4.50999999999999));
#12759=CARTESIAN_POINT('',(-29.382451,-24.147158,4.50999999999999));
#12760=CARTESIAN_POINT('',(-29.634709,-24.215457,4.50999999999999));
#12761=CARTESIAN_POINT('Origin',(-29.38244834312,-24.64716672928,4.50999999999999));
#12762=CARTESIAN_POINT('',(-30.337483,-23.566878,4.50999999999999));
#12763=CARTESIAN_POINT('Origin',(-29.88696646449,-23.78375474043,4.50999999999999));
#12764=CARTESIAN_POINT('',(-30.287998,-23.35,4.50999999999999));
#12765=CARTESIAN_POINT('Origin',(-30.78798788503,-23.35000192086,4.50999999999999));
#12766=CARTESIAN_POINT('',(-30.287998,-21.944316,4.50999999999999));
#12767=CARTESIAN_POINT('',(-30.287998,-21.944316,4.50999999999999));
#12768=CARTESIAN_POINT('',(-30.337483,-21.727438,4.50999999999999));
#12769=CARTESIAN_POINT('Origin',(-30.78798788503,-21.94431407913,4.50999999999999));
#12770=CARTESIAN_POINT('',(-29.63471,-21.078859,4.50999999999999));
#12771=CARTESIAN_POINT('Origin',(-29.88696825432,-21.51055970911,4.50999999999999));
#12772=CARTESIAN_POINT('',(-29.382452,-21.147158,4.50999999999999));
#12773=CARTESIAN_POINT('Origin',(-29.38244934312,-20.64714927071,4.50999999999999));
#12774=CARTESIAN_POINT('',(-27.793546,-21.147159,4.50999999999999));
#12775=CARTESIAN_POINT('',(-27.793546,-21.147159,4.50999999999999));
#12776=CARTESIAN_POINT('Origin',(-27.79354865687,-20.64715027071,4.50999999999999));
#12777=CARTESIAN_POINT('',(-33.668,-17.38,4.50999999999999));
#12778=CARTESIAN_POINT('Origin',(-33.668,-18.23,4.50999999999999));
#12779=CARTESIAN_POINT('',(-28.588,-16.23,4.50999999999999));
#12780=CARTESIAN_POINT('Origin',(-28.588,-18.23,4.50999999999999));
#12781=CARTESIAN_POINT('',(-19.063,-21.17,4.50999999999999));
#12782=CARTESIAN_POINT('Origin',(-19.063,-21.57,4.50999999999999));
#12783=CARTESIAN_POINT('',(-23.508,-17.38,4.50999999999999));
#12784=CARTESIAN_POINT('Origin',(-23.508,-18.23,4.50999999999999));
#12785=CARTESIAN_POINT('',(-32.398,-14.94,4.50999999999999));
#12786=CARTESIAN_POINT('Origin',(-32.398,-15.69,4.50999999999999));
#12787=CARTESIAN_POINT('',(-26.048,-12.4,4.50999999999999));
#12788=CARTESIAN_POINT('Origin',(-26.048,-13.15,4.50999999999999));
#12789=CARTESIAN_POINT('',(-19.063,-13.55,4.50999999999999));
#12790=CARTESIAN_POINT('Origin',(-19.063,-13.95,4.50999999999999));
#12791=CARTESIAN_POINT('',(-7.788515,-21.727438,4.50999999999999));
#12792=CARTESIAN_POINT('',(-8.491288,-21.07886,4.50999999999999));
#12793=CARTESIAN_POINT('Origin',(-8.239029704487,-21.51056033009,4.50999999999999));
#12794=CARTESIAN_POINT('',(-7.838,-21.944315,4.50999999999999));
#12795=CARTESIAN_POINT('Origin',(-7.338010115023,-21.94431407911,4.50999999999999));
#12796=CARTESIAN_POINT('',(-7.838,-23.35,4.50999999999999));
#12797=CARTESIAN_POINT('',(-7.838,-23.35,4.50999999999999));
#12798=CARTESIAN_POINT('',(-7.788515,-23.566878,4.50999999999999));
#12799=CARTESIAN_POINT('Origin',(-7.338010114969,-23.35000192086,4.50999999999999));
#12800=CARTESIAN_POINT('',(-8.491288,-24.215457,4.50999999999999));
#12801=CARTESIAN_POINT('Origin',(-8.239029095715,-23.78375699515,4.50999999999999));
#12802=CARTESIAN_POINT('',(-8.743547,-24.147158,4.50999999999999));
#12803=CARTESIAN_POINT('Origin',(-8.743548656854,-24.64716672922,4.50999999999999));
#12804=CARTESIAN_POINT('',(-10.332451,-24.147158,4.50999999999999));
#12805=CARTESIAN_POINT('',(-10.332451,-24.147158,4.50999999999999));
#12806=CARTESIAN_POINT('',(-10.584709,-24.215457,4.50999999999999));
#12807=CARTESIAN_POINT('Origin',(-10.33244834312,-24.64716672928,4.50999999999999));
#12808=CARTESIAN_POINT('',(-11.287483,-23.566878,4.50999999999999));
#12809=CARTESIAN_POINT('Origin',(-10.83696646449,-23.78375474043,4.50999999999999));
#12810=CARTESIAN_POINT('',(-11.237998,-23.350001,4.50999999999999));
#12811=CARTESIAN_POINT('Origin',(-11.73798788497,-23.35000192088,4.50999999999999));
#12812=CARTESIAN_POINT('',(-11.237998,-21.944316,4.50999999999999));
#12813=CARTESIAN_POINT('',(-11.237998,-21.944316,4.50999999999999));
#12814=CARTESIAN_POINT('',(-11.287483,-21.727438,4.50999999999999));
#12815=CARTESIAN_POINT('Origin',(-11.73798788503,-21.94431407913,4.50999999999999));
#12816=CARTESIAN_POINT('',(-10.58471,-21.078859,4.50999999999999));
#12817=CARTESIAN_POINT('Origin',(-10.83696825432,-21.51055970911,4.50999999999999));
#12818=CARTESIAN_POINT('',(-10.332452,-21.147158,4.50999999999999));
#12819=CARTESIAN_POINT('Origin',(-10.33244934312,-20.64714927071,4.50999999999999));
#12820=CARTESIAN_POINT('',(-8.743546,-21.147159,4.50999999999999));
#12821=CARTESIAN_POINT('',(-8.743546,-21.147159,4.50999999999999));
#12822=CARTESIAN_POINT('Origin',(-8.743548656878,-20.64715027071,4.50999999999999));
#12823=CARTESIAN_POINT('',(-14.618,-17.38,4.50999999999999));
#12824=CARTESIAN_POINT('Origin',(-14.618,-18.23,4.50999999999999));
#12825=CARTESIAN_POINT('',(-9.538,-16.23,4.50999999999999));
#12826=CARTESIAN_POINT('Origin',(-9.538,-18.23,4.50999999999999));
#12827=CARTESIAN_POINT('',(-0.0129999999999979,-21.17,4.50999999999999));
#12828=CARTESIAN_POINT('Origin',(-0.012999999999998,-21.57,4.50999999999999));
#12829=CARTESIAN_POINT('',(-4.458,-17.38,4.50999999999999));
#12830=CARTESIAN_POINT('Origin',(-4.458,-18.23,4.50999999999999));
#12831=CARTESIAN_POINT('',(-13.348,-14.94,4.50999999999999));
#12832=CARTESIAN_POINT('Origin',(-13.348,-15.69,4.50999999999999));
#12833=CARTESIAN_POINT('',(-6.998,-12.4,4.50999999999999));
#12834=CARTESIAN_POINT('Origin',(-6.998,-13.15,4.50999999999999));
#12835=CARTESIAN_POINT('',(-0.0129999999999983,-13.55,4.50999999999999));
#12836=CARTESIAN_POINT('Origin',(-0.0129999999999984,-13.95,4.50999999999999));
#12837=CARTESIAN_POINT('',(-26.838515,-2.677438,4.50999999999999));
#12838=CARTESIAN_POINT('',(-27.541288,-2.02886,4.50999999999999));
#12839=CARTESIAN_POINT('Origin',(-27.28902970448,-2.460560330097,4.50999999999999));
#12840=CARTESIAN_POINT('',(-26.888,-2.894315,4.50999999999999));
#12841=CARTESIAN_POINT('Origin',(-26.38801011502,-2.894314079114,4.50999999999999));
#12842=CARTESIAN_POINT('',(-26.888,-4.3,4.50999999999999));
#12843=CARTESIAN_POINT('',(-26.888,-4.3,4.50999999999999));
#12844=CARTESIAN_POINT('',(-26.838515,-4.516878,4.50999999999999));
#12845=CARTESIAN_POINT('Origin',(-26.38801011496,-4.300001920867,4.50999999999999));
#12846=CARTESIAN_POINT('',(-27.541288,-5.165457,4.50999999999999));
#12847=CARTESIAN_POINT('Origin',(-27.28902909571,-4.733756995153,4.50999999999999));
#12848=CARTESIAN_POINT('',(-27.793547,-5.097158,4.50999999999999));
#12849=CARTESIAN_POINT('Origin',(-27.79354865685,-5.597166729223,4.50999999999999));
#12850=CARTESIAN_POINT('',(-29.382451,-5.097158,4.50999999999999));
#12851=CARTESIAN_POINT('',(-29.382451,-5.097158,4.50999999999999));
#12852=CARTESIAN_POINT('',(-29.634709,-5.165457,4.50999999999999));
#12853=CARTESIAN_POINT('Origin',(-29.38244834312,-5.597166729281,4.50999999999999));
#12854=CARTESIAN_POINT('',(-30.337483,-4.516878,4.50999999999999));
#12855=CARTESIAN_POINT('Origin',(-29.88696646449,-4.733754740432,4.50999999999999));
#12856=CARTESIAN_POINT('',(-30.287998,-4.300001,4.50999999999999));
#12857=CARTESIAN_POINT('Origin',(-30.78798788497,-4.300001920886,4.50999999999999));
#12858=CARTESIAN_POINT('',(-30.287998,-2.894316,4.50999999999999));
#12859=CARTESIAN_POINT('',(-30.287998,-2.894316,4.50999999999999));
#12860=CARTESIAN_POINT('',(-30.337483,-2.677438,4.50999999999999));
#12861=CARTESIAN_POINT('Origin',(-30.78798788503,-2.894314079133,4.50999999999999));
#12862=CARTESIAN_POINT('',(-29.63471,-2.028859,4.50999999999999));
#12863=CARTESIAN_POINT('Origin',(-29.88696825432,-2.460559709117,4.50999999999999));
#12864=CARTESIAN_POINT('',(-29.382452,-2.097158,4.50999999999999));
#12865=CARTESIAN_POINT('Origin',(-29.38244934312,-1.597149270719,4.50999999999999));
#12866=CARTESIAN_POINT('',(-27.793546,-2.097159,4.50999999999999));
#12867=CARTESIAN_POINT('',(-27.793546,-2.097159,4.50999999999999));
#12868=CARTESIAN_POINT('Origin',(-27.79354865687,-1.597150270719,4.50999999999999));
#12869=CARTESIAN_POINT('',(-33.668,1.67,4.50999999999999));
#12870=CARTESIAN_POINT('Origin',(-33.668,0.819999999999998,4.50999999999999));
#12871=CARTESIAN_POINT('',(-28.588,2.82,4.50999999999999));
#12872=CARTESIAN_POINT('Origin',(-28.588,0.819999999999998,4.50999999999999));
#12873=CARTESIAN_POINT('',(-19.063,-2.12,4.50999999999999));
#12874=CARTESIAN_POINT('Origin',(-19.063,-2.52,4.50999999999999));
#12875=CARTESIAN_POINT('',(-23.508,1.67,4.50999999999999));
#12876=CARTESIAN_POINT('Origin',(-23.508,0.819999999999999,4.50999999999999));
#12877=CARTESIAN_POINT('',(-10.58471,-2.028859,4.50999999999999));
#12878=CARTESIAN_POINT('',(-11.287483,-2.677438,4.50999999999999));
#12879=CARTESIAN_POINT('Origin',(-10.83696825432,-2.460559709117,4.50999999999999));
#12880=CARTESIAN_POINT('',(-10.332451,-2.097159,4.50999999999999));
#12881=CARTESIAN_POINT('Origin',(-10.33244373621,-1.597135882943,4.50999999999999));
#12882=CARTESIAN_POINT('',(-8.743546,-2.097159,4.50999999999999));
#12883=CARTESIAN_POINT('',(-8.743546,-2.097159,4.50999999999999));
#12884=CARTESIAN_POINT('',(-8.491288,-2.02886,4.50999999999999));
#12885=CARTESIAN_POINT('Origin',(-8.743548656878,-1.597150270719,4.50999999999999));
#12886=CARTESIAN_POINT('',(-7.788515,-2.677438,4.50999999999999));
#12887=CARTESIAN_POINT('Origin',(-8.239029704487,-2.460560330097,4.50999999999999));
#12888=CARTESIAN_POINT('',(-7.838,-2.894316,4.50999999999999));
#12889=CARTESIAN_POINT('Origin',(-7.338010114969,-2.894314079133,4.50999999999999));
#12890=CARTESIAN_POINT('',(-7.838,-4.3,4.50999999999999));
#12891=CARTESIAN_POINT('',(-7.838,-4.3,4.50999999999999));
#12892=CARTESIAN_POINT('',(-7.788515,-4.516877,4.50999999999999));
#12893=CARTESIAN_POINT('Origin',(-7.338018770278,-4.300002895762,4.50999999999999));
#12894=CARTESIAN_POINT('',(-8.491288,-5.165457,4.50999999999999));
#12895=CARTESIAN_POINT('Origin',(-8.239029136904,-4.733756616131,4.50999999999999));
#12896=CARTESIAN_POINT('',(-8.743547,-5.097158,4.50999999999999));
#12897=CARTESIAN_POINT('Origin',(-8.743548656854,-5.597166729223,4.50999999999999));
#12898=CARTESIAN_POINT('',(-10.332451,-5.097158,4.50999999999999));
#12899=CARTESIAN_POINT('',(-10.332451,-5.097158,4.50999999999999));
#12900=CARTESIAN_POINT('',(-10.58471,-5.165455,4.50999999999999));
#12901=CARTESIAN_POINT('Origin',(-10.33244407362,-5.597198834677,4.50999999999999));
#12902=CARTESIAN_POINT('',(-11.287483,-4.516878,4.50999999999999));
#12903=CARTESIAN_POINT('Origin',(-10.83696839101,-4.733755107771,4.50999999999999));
#12904=CARTESIAN_POINT('',(-11.237998,-4.3,4.50999999999999));
#12905=CARTESIAN_POINT('Origin',(-11.73798788503,-4.300001920867,4.50999999999999));
#12906=CARTESIAN_POINT('',(-11.237998,-2.894316,4.50999999999999));
#12907=CARTESIAN_POINT('',(-11.237998,-2.894316,4.50999999999999));
#12908=CARTESIAN_POINT('Origin',(-11.73798788503,-2.894314079133,4.50999999999999));
#12909=CARTESIAN_POINT('',(-14.618,1.67,4.50999999999999));
#12910=CARTESIAN_POINT('Origin',(-14.618,0.819999999999999,4.50999999999999));
#12911=CARTESIAN_POINT('',(-9.538,2.82,4.50999999999999));
#12912=CARTESIAN_POINT('Origin',(-9.538,0.819999999999999,4.50999999999999));
#12913=CARTESIAN_POINT('',(-0.012999999999999,-2.12,4.50999999999999));
#12914=CARTESIAN_POINT('Origin',(-0.012999999999999,-2.52,4.50999999999999));
#12915=CARTESIAN_POINT('',(-4.458,1.67,4.50999999999999));
#12916=CARTESIAN_POINT('Origin',(-4.458,0.82,4.50999999999999));
#12917=CARTESIAN_POINT('',(11.261485,-21.727438,4.50999999999999));
#12918=CARTESIAN_POINT('',(10.558712,-21.07886,4.50999999999999));
#12919=CARTESIAN_POINT('Origin',(10.810970295513,-21.51056033009,4.50999999999999));
#12920=CARTESIAN_POINT('',(11.212,-21.944315,4.50999999999999));
#12921=CARTESIAN_POINT('Origin',(11.711989884977,-21.94431407911,4.50999999999999));
#12922=CARTESIAN_POINT('',(11.212,-23.35,4.50999999999999));
#12923=CARTESIAN_POINT('',(11.212,-23.35,4.50999999999999));
#12924=CARTESIAN_POINT('',(11.261485,-23.566878,4.50999999999999));
#12925=CARTESIAN_POINT('Origin',(11.711989885031,-23.35000192086,4.50999999999999));
#12926=CARTESIAN_POINT('',(10.558712,-24.215457,4.50999999999999));
#12927=CARTESIAN_POINT('Origin',(10.810970904285,-23.78375699515,4.50999999999999));
#12928=CARTESIAN_POINT('',(10.306453,-24.147158,4.50999999999999));
#12929=CARTESIAN_POINT('Origin',(10.306451343146,-24.64716672922,4.50999999999999));
#12930=CARTESIAN_POINT('',(8.717549,-24.147158,4.50999999999999));
#12931=CARTESIAN_POINT('',(8.717549,-24.147158,4.50999999999999));
#12932=CARTESIAN_POINT('',(8.465291,-24.215457,4.50999999999999));
#12933=CARTESIAN_POINT('Origin',(8.717551656878,-24.64716672928,4.50999999999999));
#12934=CARTESIAN_POINT('',(7.762517,-23.566878,4.50999999999999));
#12935=CARTESIAN_POINT('Origin',(8.213033535509,-23.78375474043,4.50999999999999));
#12936=CARTESIAN_POINT('',(7.812002,-23.35,4.50999999999999));
#12937=CARTESIAN_POINT('Origin',(7.312012114969,-23.35000192086,4.50999999999999));
#12938=CARTESIAN_POINT('',(7.812002,-21.944316,4.50999999999999));
#12939=CARTESIAN_POINT('',(7.812002,-21.944316,4.50999999999999));
#12940=CARTESIAN_POINT('',(7.762517,-21.727438,4.50999999999999));
#12941=CARTESIAN_POINT('Origin',(7.312012114969,-21.94431407913,4.50999999999999));
#12942=CARTESIAN_POINT('',(8.46529,-21.078859,4.50999999999999));
#12943=CARTESIAN_POINT('Origin',(8.213031745676,-21.51055970911,4.50999999999999));
#12944=CARTESIAN_POINT('',(8.717548,-21.147158,4.50999999999999));
#12945=CARTESIAN_POINT('Origin',(8.717550656878,-20.64714927071,4.50999999999999));
#12946=CARTESIAN_POINT('',(10.306454,-21.147159,4.50999999999999));
#12947=CARTESIAN_POINT('',(10.306454,-21.147159,4.50999999999999));
#12948=CARTESIAN_POINT('Origin',(10.306451343122,-20.64715027071,4.50999999999999));
#12949=CARTESIAN_POINT('',(4.432,-17.38,4.50999999999999));
#12950=CARTESIAN_POINT('Origin',(4.432,-18.23,4.50999999999999));
#12951=CARTESIAN_POINT('',(9.512,-16.23,4.50999999999999));
#12952=CARTESIAN_POINT('Origin',(9.512,-18.23,4.50999999999999));
#12953=CARTESIAN_POINT('',(19.037,-21.17,4.50999999999999));
#12954=CARTESIAN_POINT('Origin',(19.037,-21.57,4.50999999999999));
#12955=CARTESIAN_POINT('',(14.592,-17.38,4.50999999999999));
#12956=CARTESIAN_POINT('Origin',(14.592,-18.23,4.50999999999999));
#12957=CARTESIAN_POINT('',(5.702,-14.94,4.50999999999999));
#12958=CARTESIAN_POINT('Origin',(5.702,-15.69,4.50999999999999));
#12959=CARTESIAN_POINT('',(12.052,-12.4,4.50999999999999));
#12960=CARTESIAN_POINT('Origin',(12.052,-13.15,4.50999999999999));
#12961=CARTESIAN_POINT('',(19.037,-13.55,4.50999999999999));
#12962=CARTESIAN_POINT('Origin',(19.037,-13.95,4.50999999999999));
#12963=CARTESIAN_POINT('',(27.51529,-21.078859,4.50999999999999));
#12964=CARTESIAN_POINT('',(26.812517,-21.727438,4.50999999999999));
#12965=CARTESIAN_POINT('Origin',(27.263031745676,-21.51055970911,4.50999999999999));
#12966=CARTESIAN_POINT('',(27.767548,-21.147158,4.50999999999999));
#12967=CARTESIAN_POINT('Origin',(27.767550656878,-20.64714927071,4.50999999999999));
#12968=CARTESIAN_POINT('',(29.356454,-21.147159,4.50999999999999));
#12969=CARTESIAN_POINT('',(29.356454,-21.147159,4.50999999999999));
#12970=CARTESIAN_POINT('',(29.608712,-21.07886,4.50999999999999));
#12971=CARTESIAN_POINT('Origin',(29.356451343122,-20.64715027071,4.50999999999999));
#12972=CARTESIAN_POINT('',(30.311485,-21.727438,4.50999999999999));
#12973=CARTESIAN_POINT('Origin',(29.860970295513,-21.51056033009,4.50999999999999));
#12974=CARTESIAN_POINT('',(30.262,-21.944316,4.50999999999999));
#12975=CARTESIAN_POINT('Origin',(30.761989885031,-21.94431407913,4.50999999999999));
#12976=CARTESIAN_POINT('',(30.262,-23.35,4.50999999999999));
#12977=CARTESIAN_POINT('',(30.262,-23.35,4.50999999999999));
#12978=CARTESIAN_POINT('',(30.311485,-23.566877,4.50999999999999));
#12979=CARTESIAN_POINT('Origin',(30.761981229722,-23.35000289576,4.50999999999999));
#12980=CARTESIAN_POINT('',(29.608712,-24.215457,4.50999999999999));
#12981=CARTESIAN_POINT('Origin',(29.860970863096,-23.78375661613,4.50999999999999));
#12982=CARTESIAN_POINT('',(29.356453,-24.147158,4.50999999999999));
#12983=CARTESIAN_POINT('Origin',(29.356451343146,-24.64716672922,4.50999999999999));
#12984=CARTESIAN_POINT('',(27.767549,-24.147158,4.50999999999999));
#12985=CARTESIAN_POINT('',(27.767549,-24.147158,4.50999999999999));
#12986=CARTESIAN_POINT('',(27.51529,-24.215455,4.50999999999999));
#12987=CARTESIAN_POINT('Origin',(27.767555926377,-24.64719883467,4.50999999999999));
#12988=CARTESIAN_POINT('',(26.812517,-23.566878,4.50999999999999));
#12989=CARTESIAN_POINT('Origin',(27.263031608988,-23.78375510777,4.50999999999999));
#12990=CARTESIAN_POINT('',(26.862002,-23.35,4.50999999999999));
#12991=CARTESIAN_POINT('Origin',(26.362012114969,-23.35000192086,4.50999999999999));
#12992=CARTESIAN_POINT('',(26.862002,-21.944316,4.50999999999999));
#12993=CARTESIAN_POINT('',(26.862002,-21.944316,4.50999999999999));
#12994=CARTESIAN_POINT('Origin',(26.362012114969,-21.94431407913,4.50999999999999));
#12995=CARTESIAN_POINT('',(23.482,-17.38,4.50999999999999));
#12996=CARTESIAN_POINT('Origin',(23.482,-18.23,4.50999999999999));
#12997=CARTESIAN_POINT('',(28.562,-16.23,4.50999999999999));
#12998=CARTESIAN_POINT('Origin',(28.562,-18.23,4.50999999999999));
#12999=CARTESIAN_POINT('',(38.087,-21.17,4.50999999999999));
#13000=CARTESIAN_POINT('Origin',(38.087,-21.57,4.50999999999999));
#13001=CARTESIAN_POINT('',(33.642,-17.38,4.50999999999999));
#13002=CARTESIAN_POINT('Origin',(33.642,-18.23,4.50999999999999));
#13003=CARTESIAN_POINT('',(24.752,-14.94,4.50999999999999));
#13004=CARTESIAN_POINT('Origin',(24.752,-15.69,4.50999999999999));
#13005=CARTESIAN_POINT('',(31.102,-12.4,4.50999999999999));
#13006=CARTESIAN_POINT('Origin',(31.102,-13.15,4.50999999999999));
#13007=CARTESIAN_POINT('',(38.087,-13.55,4.50999999999999));
#13008=CARTESIAN_POINT('Origin',(38.087,-13.95,4.50999999999999));
#13009=CARTESIAN_POINT('',(11.261485,-2.677438,4.50999999999999));
#13010=CARTESIAN_POINT('',(10.558712,-2.02886,4.50999999999999));
#13011=CARTESIAN_POINT('Origin',(10.810970295513,-2.460560330097,4.50999999999999));
#13012=CARTESIAN_POINT('',(11.212,-2.894315,4.50999999999999));
#13013=CARTESIAN_POINT('Origin',(11.711989884977,-2.894314079114,4.50999999999999));
#13014=CARTESIAN_POINT('',(11.212,-4.3,4.50999999999999));
#13015=CARTESIAN_POINT('',(11.212,-4.3,4.50999999999999));
#13016=CARTESIAN_POINT('',(11.261485,-4.516878,4.50999999999999));
#13017=CARTESIAN_POINT('Origin',(11.711989885031,-4.300001920867,4.50999999999999));
#13018=CARTESIAN_POINT('',(10.558712,-5.165457,4.50999999999999));
#13019=CARTESIAN_POINT('Origin',(10.810970904285,-4.733756995153,4.50999999999999));
#13020=CARTESIAN_POINT('',(10.306453,-5.097158,4.50999999999999));
#13021=CARTESIAN_POINT('Origin',(10.306451343146,-5.597166729223,4.50999999999999));
#13022=CARTESIAN_POINT('',(8.717549,-5.097158,4.50999999999999));
#13023=CARTESIAN_POINT('',(8.717549,-5.097158,4.50999999999999));
#13024=CARTESIAN_POINT('',(8.46529,-5.165455,4.50999999999999));
#13025=CARTESIAN_POINT('Origin',(8.717555926377,-5.597198834677,4.50999999999999));
#13026=CARTESIAN_POINT('',(7.762517,-4.516878,4.50999999999999));
#13027=CARTESIAN_POINT('Origin',(8.213031608988,-4.733755107771,4.50999999999999));
#13028=CARTESIAN_POINT('',(7.812002,-4.300001,4.50999999999999));
#13029=CARTESIAN_POINT('Origin',(7.312012115023,-4.300001920886,4.50999999999999));
#13030=CARTESIAN_POINT('',(7.812002,-2.894316,4.50999999999999));
#13031=CARTESIAN_POINT('',(7.812002,-2.894316,4.50999999999999));
#13032=CARTESIAN_POINT('',(7.762517,-2.677438,4.50999999999999));
#13033=CARTESIAN_POINT('Origin',(7.312012114969,-2.894314079133,4.50999999999999));
#13034=CARTESIAN_POINT('',(8.46529,-2.028859,4.50999999999999));
#13035=CARTESIAN_POINT('Origin',(8.213031745676,-2.460559709117,4.50999999999999));
#13036=CARTESIAN_POINT('',(8.717548,-2.097158,4.50999999999999));
#13037=CARTESIAN_POINT('Origin',(8.717550656878,-1.597149270719,4.50999999999999));
#13038=CARTESIAN_POINT('',(10.306454,-2.097159,4.50999999999999));
#13039=CARTESIAN_POINT('',(10.306454,-2.097159,4.50999999999999));
#13040=CARTESIAN_POINT('Origin',(10.306451343122,-1.597150270719,4.50999999999999));
#13041=CARTESIAN_POINT('',(4.432,1.67,4.50999999999999));
#13042=CARTESIAN_POINT('Origin',(4.432,0.82,4.50999999999999));
#13043=CARTESIAN_POINT('',(9.512,2.82,4.50999999999999));
#13044=CARTESIAN_POINT('Origin',(9.512,0.82,4.50999999999999));
#13045=CARTESIAN_POINT('',(19.037,-2.12,4.50999999999999));
#13046=CARTESIAN_POINT('Origin',(19.037,-2.52,4.50999999999999));
#13047=CARTESIAN_POINT('',(14.592,1.67,4.50999999999999));
#13048=CARTESIAN_POINT('Origin',(14.592,0.820000000000001,4.50999999999999));
#13049=CARTESIAN_POINT('',(30.311485,-2.677438,4.50999999999999));
#13050=CARTESIAN_POINT('',(29.608712,-2.02886,4.50999999999999));
#13051=CARTESIAN_POINT('Origin',(29.860970295513,-2.460560330097,4.50999999999999));
#13052=CARTESIAN_POINT('',(30.262,-2.894315,4.50999999999999));
#13053=CARTESIAN_POINT('Origin',(30.761989884977,-2.894314079114,4.50999999999999));
#13054=CARTESIAN_POINT('',(30.262,-4.3,4.50999999999999));
#13055=CARTESIAN_POINT('',(30.262,-4.3,4.50999999999999));
#13056=CARTESIAN_POINT('',(30.311485,-4.516877,4.50999999999999));
#13057=CARTESIAN_POINT('Origin',(30.761981229722,-4.300002895762,4.50999999999999));
#13058=CARTESIAN_POINT('',(29.608712,-5.165457,4.50999999999999));
#13059=CARTESIAN_POINT('Origin',(29.860970863096,-4.733756616131,4.50999999999999));
#13060=CARTESIAN_POINT('',(29.356453,-5.097158,4.50999999999999));
#13061=CARTESIAN_POINT('Origin',(29.356451343146,-5.597166729223,4.50999999999999));
#13062=CARTESIAN_POINT('',(27.767549,-5.097158,4.50999999999999));
#13063=CARTESIAN_POINT('',(27.767549,-5.097158,4.50999999999999));
#13064=CARTESIAN_POINT('',(27.515291,-5.165457,4.50999999999999));
#13065=CARTESIAN_POINT('Origin',(27.767551656878,-5.597166729281,4.50999999999999));
#13066=CARTESIAN_POINT('',(26.812517,-4.516878,4.50999999999999));
#13067=CARTESIAN_POINT('Origin',(27.263033535509,-4.733754740432,4.50999999999999));
#13068=CARTESIAN_POINT('',(26.862002,-4.300001,4.50999999999999));
#13069=CARTESIAN_POINT('Origin',(26.362012115023,-4.300001920886,4.50999999999999));
#13070=CARTESIAN_POINT('',(26.862002,-2.894316,4.50999999999999));
#13071=CARTESIAN_POINT('',(26.862002,-2.894316,4.50999999999999));
#13072=CARTESIAN_POINT('',(26.812517,-2.677438,4.50999999999999));
#13073=CARTESIAN_POINT('Origin',(26.362012114969,-2.894314079133,4.50999999999999));
#13074=CARTESIAN_POINT('',(27.51529,-2.028859,4.50999999999999));
#13075=CARTESIAN_POINT('Origin',(27.263031745676,-2.460559709117,4.50999999999999));
#13076=CARTESIAN_POINT('',(27.767548,-2.097158,4.50999999999999));
#13077=CARTESIAN_POINT('Origin',(27.767550656878,-1.597149270719,4.50999999999999));
#13078=CARTESIAN_POINT('',(29.356454,-2.097159,4.50999999999999));
#13079=CARTESIAN_POINT('',(29.356454,-2.097159,4.50999999999999));
#13080=CARTESIAN_POINT('Origin',(29.356451343122,-1.597150270719,4.50999999999999));
#13081=CARTESIAN_POINT('',(23.482,1.67,4.50999999999999));
#13082=CARTESIAN_POINT('Origin',(23.482,0.820000000000001,4.50999999999999));
#13083=CARTESIAN_POINT('',(28.562,2.82,4.50999999999999));
#13084=CARTESIAN_POINT('Origin',(28.562,0.820000000000001,4.50999999999999));
#13085=CARTESIAN_POINT('',(38.087,-2.12,4.50999999999999));
#13086=CARTESIAN_POINT('Origin',(38.087,-2.52,4.50999999999999));
#13087=CARTESIAN_POINT('',(33.642,1.67,4.50999999999999));
#13088=CARTESIAN_POINT('Origin',(33.642,0.820000000000002,4.50999999999999));
#13089=CARTESIAN_POINT('',(-32.398,4.11,4.50999999999999));
#13090=CARTESIAN_POINT('Origin',(-32.398,3.36,4.50999999999999));
#13091=CARTESIAN_POINT('',(-26.048,6.65,4.50999999999999));
#13092=CARTESIAN_POINT('Origin',(-26.048,5.9,4.50999999999999));
#13093=CARTESIAN_POINT('',(-19.063,5.5,4.50999999999999));
#13094=CARTESIAN_POINT('Origin',(-19.063,5.1,4.50999999999999));
#13095=CARTESIAN_POINT('',(-13.348,4.11,4.50999999999999));
#13096=CARTESIAN_POINT('Origin',(-13.348,3.36,4.50999999999999));
#13097=CARTESIAN_POINT('',(-6.998,6.65,4.50999999999999));
#13098=CARTESIAN_POINT('Origin',(-6.998,5.9,4.50999999999999));
#13099=CARTESIAN_POINT('',(-0.0129999999999994,5.5,4.50999999999999));
#13100=CARTESIAN_POINT('Origin',(-0.0129999999999995,5.1,4.50999999999999));
#13101=CARTESIAN_POINT('',(-7.638,14.48,4.50999999999999));
#13102=CARTESIAN_POINT('Origin',(-7.638,13.98,4.50999999999999));
#13103=CARTESIAN_POINT('',(-34.048,18.29,4.50999999999999));
#13104=CARTESIAN_POINT('Origin',(-34.048,17.79,4.50999999999999));
#13105=CARTESIAN_POINT('',(-34.048,20.83,4.50999999999999));
#13106=CARTESIAN_POINT('Origin',(-34.048,20.33,4.50999999999999));
#13107=CARTESIAN_POINT('',(-34.048,23.37,4.50999999999999));
#13108=CARTESIAN_POINT('Origin',(-34.048,22.87,4.50999999999999));
#13109=CARTESIAN_POINT('',(-34.048,25.91,4.50999999999999));
#13110=CARTESIAN_POINT('Origin',(-34.048,25.41,4.50999999999999));
#13111=CARTESIAN_POINT('',(-7.638,17.02,4.50999999999999));
#13112=CARTESIAN_POINT('Origin',(-7.638,16.52,4.50999999999999));
#13113=CARTESIAN_POINT('',(-7.638,19.56,4.50999999999999));
#13114=CARTESIAN_POINT('Origin',(-7.638,19.06,4.50999999999999));
#13115=CARTESIAN_POINT('',(-7.638,22.1,4.50999999999999));
#13116=CARTESIAN_POINT('Origin',(-7.638,21.6,4.50999999999999));
#13117=CARTESIAN_POINT('',(-7.638,24.64,4.50999999999999));
#13118=CARTESIAN_POINT('Origin',(-7.638,24.14,4.50999999999999));
#13119=CARTESIAN_POINT('',(-7.638,27.18,4.50999999999999));
#13120=CARTESIAN_POINT('Origin',(-7.638,26.68,4.50999999999999));
#13121=CARTESIAN_POINT('',(-7.638,29.72,4.50999999999999));
#13122=CARTESIAN_POINT('Origin',(-7.638,29.22,4.50999999999999));
#13123=CARTESIAN_POINT('',(5.702,4.11,4.50999999999999));
#13124=CARTESIAN_POINT('Origin',(5.702,3.36,4.50999999999999));
#13125=CARTESIAN_POINT('',(12.052,6.65,4.50999999999999));
#13126=CARTESIAN_POINT('Origin',(12.052,5.9,4.50999999999999));
#13127=CARTESIAN_POINT('',(19.037,5.5,4.50999999999999));
#13128=CARTESIAN_POINT('Origin',(19.037,5.1,4.50999999999999));
#13129=CARTESIAN_POINT('',(7.612,14.48,4.50999999999999));
#13130=CARTESIAN_POINT('Origin',(7.612,13.98,4.50999999999999));
#13131=CARTESIAN_POINT('',(24.752,4.11,4.50999999999999));
#13132=CARTESIAN_POINT('Origin',(24.752,3.36,4.50999999999999));
#13133=CARTESIAN_POINT('',(31.102,6.65,4.50999999999999));
#13134=CARTESIAN_POINT('Origin',(31.102,5.9,4.50999999999999));
#13135=CARTESIAN_POINT('',(38.087,5.5,4.50999999999999));
#13136=CARTESIAN_POINT('Origin',(38.087,5.1,4.50999999999999));
#13137=CARTESIAN_POINT('',(29.202,14.25,4.50999999999999));
#13138=CARTESIAN_POINT('',(29.202,12.75,4.50999999999999));
#13139=CARTESIAN_POINT('Origin',(29.202,13.5,4.50999999999999));
#13140=CARTESIAN_POINT('',(27.902,12.75,4.50999999999999));
#13141=CARTESIAN_POINT('',(13.951,12.75,4.50999999999999));
#13142=CARTESIAN_POINT('',(27.902,14.25,4.50999999999999));
#13143=CARTESIAN_POINT('Origin',(27.902,13.5,4.50999999999999));
#13144=CARTESIAN_POINT('',(14.601,14.25,4.50999999999999));
#13145=CARTESIAN_POINT('',(7.612,17.02,4.50999999999999));
#13146=CARTESIAN_POINT('Origin',(7.612,16.52,4.50999999999999));
#13147=CARTESIAN_POINT('',(7.612,19.56,4.50999999999999));
#13148=CARTESIAN_POINT('Origin',(7.612,19.06,4.50999999999999));
#13149=CARTESIAN_POINT('',(7.612,22.1,4.50999999999999));
#13150=CARTESIAN_POINT('Origin',(7.612,21.6,4.50999999999999));
#13151=CARTESIAN_POINT('',(7.612,24.64,4.50999999999999));
#13152=CARTESIAN_POINT('Origin',(7.612,24.14,4.50999999999999));
#13153=CARTESIAN_POINT('',(7.612,27.18,4.50999999999999));
#13154=CARTESIAN_POINT('Origin',(7.612,26.68,4.50999999999999));
#13155=CARTESIAN_POINT('',(7.612,29.72,4.50999999999999));
#13156=CARTESIAN_POINT('Origin',(7.612,29.22,4.50999999999999));
#13157=CARTESIAN_POINT('',(21.052,17.1,4.50999999999999));
#13158=CARTESIAN_POINT('Origin',(21.052,16.6,4.50999999999999));
#13159=CARTESIAN_POINT('',(21.052,19.6,4.50999999999999));
#13160=CARTESIAN_POINT('Origin',(21.052,19.1,4.50999999999999));
#13161=CARTESIAN_POINT('',(21.052,22.1,4.50999999999999));
#13162=CARTESIAN_POINT('Origin',(21.052,21.6,4.50999999999999));
#13163=CARTESIAN_POINT('',(35.552,17.1,4.50999999999999));
#13164=CARTESIAN_POINT('Origin',(35.552,16.6,4.50999999999999));
#13165=CARTESIAN_POINT('',(35.552,22.1,4.50999999999999));
#13166=CARTESIAN_POINT('Origin',(35.552,21.6,4.50999999999999));
#13167=CARTESIAN_POINT('',(29.202,25.45,4.50999999999999));
#13168=CARTESIAN_POINT('',(29.202,23.95,4.50999999999999));
#13169=CARTESIAN_POINT('Origin',(29.202,24.7,4.50999999999999));
#13170=CARTESIAN_POINT('',(27.902,23.95,4.50999999999999));
#13171=CARTESIAN_POINT('',(13.951,23.95,4.50999999999999));
#13172=CARTESIAN_POINT('',(27.902,25.45,4.50999999999999));
#13173=CARTESIAN_POINT('Origin',(27.902,24.7,4.50999999999999));
#13174=CARTESIAN_POINT('',(14.601,25.45,4.50999999999999));
#13175=CARTESIAN_POINT('Origin',(-43.,32.1,2.99999999999999));
#13176=CARTESIAN_POINT('Origin',(-27.28902970448,-21.51056033009,2.99999999999999));
#13177=CARTESIAN_POINT('',(-26.838515,-21.727438,2.99999999999999));
#13178=CARTESIAN_POINT('',(-27.541288,-21.07886,2.99999999999999));
#13179=CARTESIAN_POINT('Origin',(-26.38801011502,-21.94431407911,2.99999999999999));
#13180=CARTESIAN_POINT('',(-26.888,-21.944315,2.99999999999999));
#13181=CARTESIAN_POINT('Origin',(-27.79354865687,-20.64715027071,2.99999999999999));
#13182=CARTESIAN_POINT('',(-27.793546,-21.147159,2.99999999999999));
#13183=CARTESIAN_POINT('Origin',(-26.888,-23.35,2.99999999999999));
#13184=CARTESIAN_POINT('',(-26.888,-23.35,2.99999999999999));
#13185=CARTESIAN_POINT('Origin',(-27.793546,-21.147159,2.99999999999999));
#13186=CARTESIAN_POINT('',(-29.382452,-21.147158,2.99999999999999));
#13187=CARTESIAN_POINT('Origin',(-26.38801011496,-23.35000192086,2.99999999999999));
#13188=CARTESIAN_POINT('',(-26.838515,-23.566878,2.99999999999999));
#13189=CARTESIAN_POINT('Origin',(-29.38244934312,-20.64714927071,2.99999999999999));
#13190=CARTESIAN_POINT('',(-29.63471,-21.078859,2.99999999999999));
#13191=CARTESIAN_POINT('Origin',(-27.28902909571,-23.78375699515,2.99999999999999));
#13192=CARTESIAN_POINT('',(-27.541288,-24.215457,2.99999999999999));
#13193=CARTESIAN_POINT('Origin',(-29.88696825432,-21.51055970911,2.99999999999999));
#13194=CARTESIAN_POINT('',(-30.337483,-21.727438,2.99999999999999));
#13195=CARTESIAN_POINT('Origin',(-27.79354865685,-24.64716672922,2.99999999999999));
#13196=CARTESIAN_POINT('',(-27.793547,-24.147158,2.99999999999999));
#13197=CARTESIAN_POINT('Origin',(-30.78798788503,-21.94431407913,2.99999999999999));
#13198=CARTESIAN_POINT('',(-30.287998,-21.944316,2.99999999999999));
#13199=CARTESIAN_POINT('Origin',(-29.382451,-24.147158,2.99999999999999));
#13200=CARTESIAN_POINT('',(-29.382451,-24.147158,2.99999999999999));
#13201=CARTESIAN_POINT('Origin',(-30.287998,-21.944316,2.99999999999999));
#13202=CARTESIAN_POINT('',(-30.287998,-23.35,2.99999999999999));
#13203=CARTESIAN_POINT('Origin',(-29.38244834312,-24.64716672928,2.99999999999999));
#13204=CARTESIAN_POINT('',(-29.634709,-24.215457,2.99999999999999));
#13205=CARTESIAN_POINT('Origin',(-30.78798788503,-23.35000192086,2.99999999999999));
#13206=CARTESIAN_POINT('',(-30.337483,-23.566878,2.99999999999999));
#13207=CARTESIAN_POINT('Origin',(-29.88696646449,-23.78375474043,2.99999999999999));
#13208=CARTESIAN_POINT('Origin',(-33.668,-18.23,2.95399999999999));
#13209=CARTESIAN_POINT('',(-33.668,-17.38,2.95399999999999));
#13210=CARTESIAN_POINT('Origin',(-28.588,-18.23,2.95399999999999));
#13211=CARTESIAN_POINT('',(-28.588,-16.23,2.95399999999999));
#13212=CARTESIAN_POINT('Origin',(-19.063,-21.57,2.95399999999999));
#13213=CARTESIAN_POINT('',(-19.063,-21.17,2.95399999999999));
#13214=CARTESIAN_POINT('Origin',(-23.508,-18.23,2.95399999999999));
#13215=CARTESIAN_POINT('',(-23.508,-17.38,2.95399999999999));
#13216=CARTESIAN_POINT('Origin',(-32.398,-15.69,2.95399999999999));
#13217=CARTESIAN_POINT('',(-32.398,-14.94,2.95399999999999));
#13218=CARTESIAN_POINT('Origin',(-26.048,-13.15,2.95399999999999));
#13219=CARTESIAN_POINT('',(-26.048,-12.4,2.95399999999999));
#13220=CARTESIAN_POINT('Origin',(-19.063,-13.95,2.95399999999999));
#13221=CARTESIAN_POINT('',(-19.063,-13.55,2.95399999999999));
#13222=CARTESIAN_POINT('Origin',(-8.239029704487,-21.51056033009,2.99999999999999));
#13223=CARTESIAN_POINT('',(-7.788515,-21.727438,2.99999999999999));
#13224=CARTESIAN_POINT('',(-8.491288,-21.07886,2.99999999999999));
#13225=CARTESIAN_POINT('Origin',(-7.338010115023,-21.94431407911,2.99999999999999));
#13226=CARTESIAN_POINT('',(-7.838,-21.944315,2.99999999999999));
#13227=CARTESIAN_POINT('Origin',(-8.743548656878,-20.64715027071,2.99999999999999));
#13228=CARTESIAN_POINT('',(-8.743546,-21.147159,2.99999999999999));
#13229=CARTESIAN_POINT('Origin',(-7.838,-23.35,2.99999999999999));
#13230=CARTESIAN_POINT('',(-7.838,-23.35,2.99999999999999));
#13231=CARTESIAN_POINT('Origin',(-8.743546,-21.147159,2.99999999999999));
#13232=CARTESIAN_POINT('',(-10.332452,-21.147158,2.99999999999999));
#13233=CARTESIAN_POINT('Origin',(-7.338010114969,-23.35000192086,2.99999999999999));
#13234=CARTESIAN_POINT('',(-7.788515,-23.566878,2.99999999999999));
#13235=CARTESIAN_POINT('Origin',(-10.33244934312,-20.64714927071,2.99999999999999));
#13236=CARTESIAN_POINT('',(-10.58471,-21.078859,2.99999999999999));
#13237=CARTESIAN_POINT('Origin',(-8.239029095715,-23.78375699515,2.99999999999999));
#13238=CARTESIAN_POINT('',(-8.491288,-24.215457,2.99999999999999));
#13239=CARTESIAN_POINT('Origin',(-10.83696825432,-21.51055970911,2.99999999999999));
#13240=CARTESIAN_POINT('',(-11.287483,-21.727438,2.99999999999999));
#13241=CARTESIAN_POINT('Origin',(-8.743548656854,-24.64716672922,2.99999999999999));
#13242=CARTESIAN_POINT('',(-8.743547,-24.147158,2.99999999999999));
#13243=CARTESIAN_POINT('Origin',(-11.73798788503,-21.94431407913,2.99999999999999));
#13244=CARTESIAN_POINT('',(-11.237998,-21.944316,2.99999999999999));
#13245=CARTESIAN_POINT('Origin',(-10.332451,-24.147158,2.99999999999999));
#13246=CARTESIAN_POINT('',(-10.332451,-24.147158,2.99999999999999));
#13247=CARTESIAN_POINT('Origin',(-11.237998,-21.944316,2.99999999999999));
#13248=CARTESIAN_POINT('',(-11.237998,-23.350001,2.99999999999999));
#13249=CARTESIAN_POINT('Origin',(-10.33244834312,-24.64716672928,2.99999999999999));
#13250=CARTESIAN_POINT('',(-10.584709,-24.215457,2.99999999999999));
#13251=CARTESIAN_POINT('Origin',(-11.73798788497,-23.35000192088,2.99999999999999));
#13252=CARTESIAN_POINT('',(-11.287483,-23.566878,2.99999999999999));
#13253=CARTESIAN_POINT('Origin',(-10.83696646449,-23.78375474043,2.99999999999999));
#13254=CARTESIAN_POINT('Origin',(-14.618,-18.23,2.95399999999999));
#13255=CARTESIAN_POINT('',(-14.618,-17.38,2.95399999999999));
#13256=CARTESIAN_POINT('Origin',(-9.538,-18.23,2.95399999999999));
#13257=CARTESIAN_POINT('',(-9.538,-16.23,2.95399999999999));
#13258=CARTESIAN_POINT('Origin',(-0.012999999999998,-21.57,2.95399999999999));
#13259=CARTESIAN_POINT('',(-0.0129999999999979,-21.17,2.95399999999999));
#13260=CARTESIAN_POINT('Origin',(-4.458,-18.23,2.95399999999999));
#13261=CARTESIAN_POINT('',(-4.458,-17.38,2.95399999999999));
#13262=CARTESIAN_POINT('Origin',(-13.348,-15.69,2.95399999999999));
#13263=CARTESIAN_POINT('',(-13.348,-14.94,2.95399999999999));
#13264=CARTESIAN_POINT('Origin',(-6.998,-13.15,2.95399999999999));
#13265=CARTESIAN_POINT('',(-6.998,-12.4,2.95399999999999));
#13266=CARTESIAN_POINT('Origin',(-0.0129999999999984,-13.95,2.95399999999999));
#13267=CARTESIAN_POINT('',(-0.0129999999999983,-13.55,2.95399999999999));
#13268=CARTESIAN_POINT('Origin',(-27.28902970448,-2.460560330097,2.99999999999999));
#13269=CARTESIAN_POINT('',(-26.838515,-2.677438,2.99999999999999));
#13270=CARTESIAN_POINT('',(-27.541288,-2.02886,2.99999999999999));
#13271=CARTESIAN_POINT('Origin',(-26.38801011502,-2.894314079114,2.99999999999999));
#13272=CARTESIAN_POINT('',(-26.888,-2.894315,2.99999999999999));
#13273=CARTESIAN_POINT('Origin',(-27.79354865687,-1.597150270719,2.99999999999999));
#13274=CARTESIAN_POINT('',(-27.793546,-2.097159,2.99999999999999));
#13275=CARTESIAN_POINT('Origin',(-26.888,-4.3,2.99999999999999));
#13276=CARTESIAN_POINT('',(-26.888,-4.3,2.99999999999999));
#13277=CARTESIAN_POINT('Origin',(-27.793546,-2.097159,2.99999999999999));
#13278=CARTESIAN_POINT('',(-29.382452,-2.097158,2.99999999999999));
#13279=CARTESIAN_POINT('Origin',(-26.38801011496,-4.300001920867,2.99999999999999));
#13280=CARTESIAN_POINT('',(-26.838515,-4.516878,2.99999999999999));
#13281=CARTESIAN_POINT('Origin',(-29.38244934312,-1.597149270719,2.99999999999999));
#13282=CARTESIAN_POINT('',(-29.63471,-2.028859,2.99999999999999));
#13283=CARTESIAN_POINT('Origin',(-27.28902909571,-4.733756995153,2.99999999999999));
#13284=CARTESIAN_POINT('',(-27.541288,-5.165457,2.99999999999999));
#13285=CARTESIAN_POINT('Origin',(-29.88696825432,-2.460559709117,2.99999999999999));
#13286=CARTESIAN_POINT('',(-30.337483,-2.677438,2.99999999999999));
#13287=CARTESIAN_POINT('Origin',(-27.79354865685,-5.597166729223,2.99999999999999));
#13288=CARTESIAN_POINT('',(-27.793547,-5.097158,2.99999999999999));
#13289=CARTESIAN_POINT('Origin',(-30.78798788503,-2.894314079133,2.99999999999999));
#13290=CARTESIAN_POINT('',(-30.287998,-2.894316,2.99999999999999));
#13291=CARTESIAN_POINT('Origin',(-29.382451,-5.097158,2.99999999999999));
#13292=CARTESIAN_POINT('',(-29.382451,-5.097158,2.99999999999999));
#13293=CARTESIAN_POINT('Origin',(-30.287998,-2.894316,2.99999999999999));
#13294=CARTESIAN_POINT('',(-30.287998,-4.300001,2.99999999999999));
#13295=CARTESIAN_POINT('Origin',(-29.38244834312,-5.597166729281,2.99999999999999));
#13296=CARTESIAN_POINT('',(-29.634709,-5.165457,2.99999999999999));
#13297=CARTESIAN_POINT('Origin',(-30.78798788497,-4.300001920886,2.99999999999999));
#13298=CARTESIAN_POINT('',(-30.337483,-4.516878,2.99999999999999));
#13299=CARTESIAN_POINT('Origin',(-29.88696646449,-4.733754740432,2.99999999999999));
#13300=CARTESIAN_POINT('Origin',(-33.668,0.819999999999998,2.95399999999999));
#13301=CARTESIAN_POINT('',(-33.668,1.67,2.95399999999999));
#13302=CARTESIAN_POINT('Origin',(-28.588,0.819999999999998,2.95399999999999));
#13303=CARTESIAN_POINT('',(-28.588,2.82,2.95399999999999));
#13304=CARTESIAN_POINT('Origin',(-19.063,-2.52,2.95399999999999));
#13305=CARTESIAN_POINT('',(-19.063,-2.12,2.95399999999999));
#13306=CARTESIAN_POINT('Origin',(-23.508,0.819999999999999,2.95399999999999));
#13307=CARTESIAN_POINT('',(-23.508,1.67,2.95399999999999));
#13308=CARTESIAN_POINT('Origin',(-10.83696825432,-2.460559709117,2.99999999999999));
#13309=CARTESIAN_POINT('',(-10.58471,-2.028859,2.99999999999999));
#13310=CARTESIAN_POINT('',(-11.287483,-2.677438,2.99999999999999));
#13311=CARTESIAN_POINT('Origin',(-10.33244373621,-1.597135882943,2.99999999999999));
#13312=CARTESIAN_POINT('',(-10.332451,-2.097159,2.99999999999999));
#13313=CARTESIAN_POINT('Origin',(-11.73798788503,-2.894314079133,2.99999999999999));
#13314=CARTESIAN_POINT('',(-11.237998,-2.894316,2.99999999999999));
#13315=CARTESIAN_POINT('Origin',(-8.743546,-2.097159,2.99999999999999));
#13316=CARTESIAN_POINT('',(-8.743546,-2.097159,2.99999999999999));
#13317=CARTESIAN_POINT('Origin',(-11.237998,-2.894316,2.99999999999999));
#13318=CARTESIAN_POINT('',(-11.237998,-4.3,2.99999999999999));
#13319=CARTESIAN_POINT('Origin',(-8.743548656878,-1.597150270719,2.99999999999999));
#13320=CARTESIAN_POINT('',(-8.491288,-2.02886,2.99999999999999));
#13321=CARTESIAN_POINT('Origin',(-11.73798788503,-4.300001920867,2.99999999999999));
#13322=CARTESIAN_POINT('',(-11.287483,-4.516878,2.99999999999999));
#13323=CARTESIAN_POINT('Origin',(-8.239029704487,-2.460560330097,2.99999999999999));
#13324=CARTESIAN_POINT('',(-7.788515,-2.677438,2.99999999999999));
#13325=CARTESIAN_POINT('Origin',(-10.83696839101,-4.733755107771,2.99999999999999));
#13326=CARTESIAN_POINT('',(-10.58471,-5.165455,2.99999999999999));
#13327=CARTESIAN_POINT('Origin',(-7.338010114969,-2.894314079133,2.99999999999999));
#13328=CARTESIAN_POINT('',(-7.838,-2.894316,2.99999999999999));
#13329=CARTESIAN_POINT('Origin',(-10.33244407362,-5.597198834677,2.99999999999999));
#13330=CARTESIAN_POINT('',(-10.332451,-5.097158,2.99999999999999));
#13331=CARTESIAN_POINT('Origin',(-7.838,-4.3,2.99999999999999));
#13332=CARTESIAN_POINT('',(-7.838,-4.3,2.99999999999999));
#13333=CARTESIAN_POINT('Origin',(-10.332451,-5.097158,2.99999999999999));
#13334=CARTESIAN_POINT('',(-8.743547,-5.097158,2.99999999999999));
#13335=CARTESIAN_POINT('Origin',(-7.338018770278,-4.300002895762,2.99999999999999));
#13336=CARTESIAN_POINT('',(-7.788515,-4.516877,2.99999999999999));
#13337=CARTESIAN_POINT('Origin',(-8.743548656854,-5.597166729223,2.99999999999999));
#13338=CARTESIAN_POINT('',(-8.491288,-5.165457,2.99999999999999));
#13339=CARTESIAN_POINT('Origin',(-8.239029136904,-4.733756616131,2.99999999999999));
#13340=CARTESIAN_POINT('Origin',(-14.618,0.819999999999999,2.95399999999999));
#13341=CARTESIAN_POINT('',(-14.618,1.67,2.95399999999999));
#13342=CARTESIAN_POINT('Origin',(-9.538,0.819999999999999,2.95399999999999));
#13343=CARTESIAN_POINT('',(-9.538,2.82,2.95399999999999));
#13344=CARTESIAN_POINT('Origin',(-0.012999999999999,-2.52,2.95399999999999));
#13345=CARTESIAN_POINT('',(-0.012999999999999,-2.12,2.95399999999999));
#13346=CARTESIAN_POINT('Origin',(-4.458,0.82,2.95399999999999));
#13347=CARTESIAN_POINT('',(-4.458,1.67,2.95399999999999));
#13348=CARTESIAN_POINT('Origin',(10.810970295513,-21.51056033009,2.99999999999999));
#13349=CARTESIAN_POINT('',(11.261485,-21.727438,2.99999999999999));
#13350=CARTESIAN_POINT('',(10.558712,-21.07886,2.99999999999999));
#13351=CARTESIAN_POINT('Origin',(11.711989884977,-21.94431407911,2.99999999999999));
#13352=CARTESIAN_POINT('',(11.212,-21.944315,2.99999999999999));
#13353=CARTESIAN_POINT('Origin',(10.306451343122,-20.64715027071,2.99999999999999));
#13354=CARTESIAN_POINT('',(10.306454,-21.147159,2.99999999999999));
#13355=CARTESIAN_POINT('Origin',(11.212,-23.35,2.99999999999999));
#13356=CARTESIAN_POINT('',(11.212,-23.35,2.99999999999999));
#13357=CARTESIAN_POINT('Origin',(10.306454,-21.147159,2.99999999999999));
#13358=CARTESIAN_POINT('',(8.717548,-21.147158,2.99999999999999));
#13359=CARTESIAN_POINT('Origin',(11.711989885031,-23.35000192086,2.99999999999999));
#13360=CARTESIAN_POINT('',(11.261485,-23.566878,2.99999999999999));
#13361=CARTESIAN_POINT('Origin',(8.717550656878,-20.64714927071,2.99999999999999));
#13362=CARTESIAN_POINT('',(8.46529,-21.078859,2.99999999999999));
#13363=CARTESIAN_POINT('Origin',(10.810970904285,-23.78375699515,2.99999999999999));
#13364=CARTESIAN_POINT('',(10.558712,-24.215457,2.99999999999999));
#13365=CARTESIAN_POINT('Origin',(8.213031745676,-21.51055970911,2.99999999999999));
#13366=CARTESIAN_POINT('',(7.762517,-21.727438,2.99999999999999));
#13367=CARTESIAN_POINT('Origin',(10.306451343146,-24.64716672922,2.99999999999999));
#13368=CARTESIAN_POINT('',(10.306453,-24.147158,2.99999999999999));
#13369=CARTESIAN_POINT('Origin',(7.312012114969,-21.94431407913,2.99999999999999));
#13370=CARTESIAN_POINT('',(7.812002,-21.944316,2.99999999999999));
#13371=CARTESIAN_POINT('Origin',(8.717549,-24.147158,2.99999999999999));
#13372=CARTESIAN_POINT('',(8.717549,-24.147158,2.99999999999999));
#13373=CARTESIAN_POINT('Origin',(7.812002,-21.944316,2.99999999999999));
#13374=CARTESIAN_POINT('',(7.812002,-23.35,2.99999999999999));
#13375=CARTESIAN_POINT('Origin',(8.717551656878,-24.64716672928,2.99999999999999));
#13376=CARTESIAN_POINT('',(8.465291,-24.215457,2.99999999999999));
#13377=CARTESIAN_POINT('Origin',(7.312012114969,-23.35000192086,2.99999999999999));
#13378=CARTESIAN_POINT('',(7.762517,-23.566878,2.99999999999999));
#13379=CARTESIAN_POINT('Origin',(8.213033535509,-23.78375474043,2.99999999999999));
#13380=CARTESIAN_POINT('Origin',(4.432,-18.23,2.95399999999999));
#13381=CARTESIAN_POINT('',(4.432,-17.38,2.95399999999999));
#13382=CARTESIAN_POINT('Origin',(9.512,-18.23,2.95399999999999));
#13383=CARTESIAN_POINT('',(9.512,-16.23,2.95399999999999));
#13384=CARTESIAN_POINT('Origin',(19.037,-21.57,2.95399999999999));
#13385=CARTESIAN_POINT('',(19.037,-21.17,2.95399999999999));
#13386=CARTESIAN_POINT('Origin',(14.592,-18.23,2.95399999999999));
#13387=CARTESIAN_POINT('',(14.592,-17.38,2.95399999999999));
#13388=CARTESIAN_POINT('Origin',(5.702,-15.69,2.95399999999999));
#13389=CARTESIAN_POINT('',(5.702,-14.94,2.95399999999999));
#13390=CARTESIAN_POINT('Origin',(12.052,-13.15,2.95399999999999));
#13391=CARTESIAN_POINT('',(12.052,-12.4,2.95399999999999));
#13392=CARTESIAN_POINT('Origin',(19.037,-13.95,2.95399999999999));
#13393=CARTESIAN_POINT('',(19.037,-13.55,2.95399999999999));
#13394=CARTESIAN_POINT('Origin',(27.263031745676,-21.51055970911,2.99999999999999));
#13395=CARTESIAN_POINT('',(27.51529,-21.078859,2.99999999999999));
#13396=CARTESIAN_POINT('',(26.812517,-21.727438,2.99999999999999));
#13397=CARTESIAN_POINT('Origin',(27.767550656878,-20.64714927071,2.99999999999999));
#13398=CARTESIAN_POINT('',(27.767548,-21.147158,2.99999999999999));
#13399=CARTESIAN_POINT('Origin',(26.362012114969,-21.94431407913,2.99999999999999));
#13400=CARTESIAN_POINT('',(26.862002,-21.944316,2.99999999999999));
#13401=CARTESIAN_POINT('Origin',(29.356454,-21.147159,2.99999999999999));
#13402=CARTESIAN_POINT('',(29.356454,-21.147159,2.99999999999999));
#13403=CARTESIAN_POINT('Origin',(26.862002,-21.944316,2.99999999999999));
#13404=CARTESIAN_POINT('',(26.862002,-23.35,2.99999999999999));
#13405=CARTESIAN_POINT('Origin',(29.356451343122,-20.64715027071,2.99999999999999));
#13406=CARTESIAN_POINT('',(29.608712,-21.07886,2.99999999999999));
#13407=CARTESIAN_POINT('Origin',(26.362012114969,-23.35000192086,2.99999999999999));
#13408=CARTESIAN_POINT('',(26.812517,-23.566878,2.99999999999999));
#13409=CARTESIAN_POINT('Origin',(29.860970295513,-21.51056033009,2.99999999999999));
#13410=CARTESIAN_POINT('',(30.311485,-21.727438,2.99999999999999));
#13411=CARTESIAN_POINT('Origin',(27.263031608988,-23.78375510777,2.99999999999999));
#13412=CARTESIAN_POINT('',(27.51529,-24.215455,2.99999999999999));
#13413=CARTESIAN_POINT('Origin',(30.761989885031,-21.94431407913,2.99999999999999));
#13414=CARTESIAN_POINT('',(30.262,-21.944316,2.99999999999999));
#13415=CARTESIAN_POINT('Origin',(27.767555926377,-24.64719883467,2.99999999999999));
#13416=CARTESIAN_POINT('',(27.767549,-24.147158,2.99999999999999));
#13417=CARTESIAN_POINT('Origin',(30.262,-23.35,2.99999999999999));
#13418=CARTESIAN_POINT('',(30.262,-23.35,2.99999999999999));
#13419=CARTESIAN_POINT('Origin',(27.767549,-24.147158,2.99999999999999));
#13420=CARTESIAN_POINT('',(29.356453,-24.147158,2.99999999999999));
#13421=CARTESIAN_POINT('Origin',(30.761981229722,-23.35000289576,2.99999999999999));
#13422=CARTESIAN_POINT('',(30.311485,-23.566877,2.99999999999999));
#13423=CARTESIAN_POINT('Origin',(29.356451343146,-24.64716672922,2.99999999999999));
#13424=CARTESIAN_POINT('',(29.608712,-24.215457,2.99999999999999));
#13425=CARTESIAN_POINT('Origin',(29.860970863096,-23.78375661613,2.99999999999999));
#13426=CARTESIAN_POINT('Origin',(23.482,-18.23,2.95399999999999));
#13427=CARTESIAN_POINT('',(23.482,-17.38,2.95399999999999));
#13428=CARTESIAN_POINT('Origin',(28.562,-18.23,2.95399999999999));
#13429=CARTESIAN_POINT('',(28.562,-16.23,2.95399999999999));
#13430=CARTESIAN_POINT('Origin',(38.087,-21.57,2.95399999999999));
#13431=CARTESIAN_POINT('',(38.087,-21.17,2.95399999999999));
#13432=CARTESIAN_POINT('Origin',(33.642,-18.23,2.95399999999999));
#13433=CARTESIAN_POINT('',(33.642,-17.38,2.95399999999999));
#13434=CARTESIAN_POINT('Origin',(24.752,-15.69,2.95399999999999));
#13435=CARTESIAN_POINT('',(24.752,-14.94,2.95399999999999));
#13436=CARTESIAN_POINT('Origin',(31.102,-13.15,2.95399999999999));
#13437=CARTESIAN_POINT('',(31.102,-12.4,2.95399999999999));
#13438=CARTESIAN_POINT('Origin',(38.087,-13.95,2.95399999999999));
#13439=CARTESIAN_POINT('',(38.087,-13.55,2.95399999999999));
#13440=CARTESIAN_POINT('Origin',(10.810970295513,-2.460560330097,2.99999999999999));
#13441=CARTESIAN_POINT('',(11.261485,-2.677438,2.99999999999999));
#13442=CARTESIAN_POINT('',(10.558712,-2.02886,2.99999999999999));
#13443=CARTESIAN_POINT('Origin',(11.711989884977,-2.894314079114,2.99999999999999));
#13444=CARTESIAN_POINT('',(11.212,-2.894315,2.99999999999999));
#13445=CARTESIAN_POINT('Origin',(10.306451343122,-1.597150270719,2.99999999999999));
#13446=CARTESIAN_POINT('',(10.306454,-2.097159,2.99999999999999));
#13447=CARTESIAN_POINT('Origin',(11.212,-4.3,2.99999999999999));
#13448=CARTESIAN_POINT('',(11.212,-4.3,2.99999999999999));
#13449=CARTESIAN_POINT('Origin',(10.306454,-2.097159,2.99999999999999));
#13450=CARTESIAN_POINT('',(8.717548,-2.097158,2.99999999999999));
#13451=CARTESIAN_POINT('Origin',(11.711989885031,-4.300001920867,2.99999999999999));
#13452=CARTESIAN_POINT('',(11.261485,-4.516878,2.99999999999999));
#13453=CARTESIAN_POINT('Origin',(8.717550656878,-1.597149270719,2.99999999999999));
#13454=CARTESIAN_POINT('',(8.46529,-2.028859,2.99999999999999));
#13455=CARTESIAN_POINT('Origin',(10.810970904285,-4.733756995153,2.99999999999999));
#13456=CARTESIAN_POINT('',(10.558712,-5.165457,2.99999999999999));
#13457=CARTESIAN_POINT('Origin',(8.213031745676,-2.460559709117,2.99999999999999));
#13458=CARTESIAN_POINT('',(7.762517,-2.677438,2.99999999999999));
#13459=CARTESIAN_POINT('Origin',(10.306451343146,-5.597166729223,2.99999999999999));
#13460=CARTESIAN_POINT('',(10.306453,-5.097158,2.99999999999999));
#13461=CARTESIAN_POINT('Origin',(7.312012114969,-2.894314079133,2.99999999999999));
#13462=CARTESIAN_POINT('',(7.812002,-2.894316,2.99999999999999));
#13463=CARTESIAN_POINT('Origin',(8.717549,-5.097158,2.99999999999999));
#13464=CARTESIAN_POINT('',(8.717549,-5.097158,2.99999999999999));
#13465=CARTESIAN_POINT('Origin',(7.812002,-2.894316,2.99999999999999));
#13466=CARTESIAN_POINT('',(7.812002,-4.300001,2.99999999999999));
#13467=CARTESIAN_POINT('Origin',(8.717555926377,-5.597198834677,2.99999999999999));
#13468=CARTESIAN_POINT('',(8.46529,-5.165455,2.99999999999999));
#13469=CARTESIAN_POINT('Origin',(7.312012115023,-4.300001920886,2.99999999999999));
#13470=CARTESIAN_POINT('',(7.762517,-4.516878,2.99999999999999));
#13471=CARTESIAN_POINT('Origin',(8.213031608988,-4.733755107771,2.99999999999999));
#13472=CARTESIAN_POINT('Origin',(4.432,0.82,2.95399999999999));
#13473=CARTESIAN_POINT('',(4.432,1.67,2.95399999999999));
#13474=CARTESIAN_POINT('Origin',(9.512,0.82,2.95399999999999));
#13475=CARTESIAN_POINT('',(9.512,2.82,2.95399999999999));
#13476=CARTESIAN_POINT('Origin',(19.037,-2.52,2.95399999999999));
#13477=CARTESIAN_POINT('',(19.037,-2.12,2.95399999999999));
#13478=CARTESIAN_POINT('Origin',(14.592,0.820000000000001,2.95399999999999));
#13479=CARTESIAN_POINT('',(14.592,1.67,2.95399999999999));
#13480=CARTESIAN_POINT('Origin',(29.860970295513,-2.460560330097,2.99999999999999));
#13481=CARTESIAN_POINT('',(30.311485,-2.677438,2.99999999999999));
#13482=CARTESIAN_POINT('',(29.608712,-2.02886,2.99999999999999));
#13483=CARTESIAN_POINT('Origin',(30.761989884977,-2.894314079114,2.99999999999999));
#13484=CARTESIAN_POINT('',(30.262,-2.894315,2.99999999999999));
#13485=CARTESIAN_POINT('Origin',(29.356451343122,-1.597150270719,2.99999999999999));
#13486=CARTESIAN_POINT('',(29.356454,-2.097159,2.99999999999999));
#13487=CARTESIAN_POINT('Origin',(30.262,-4.3,2.99999999999999));
#13488=CARTESIAN_POINT('',(30.262,-4.3,2.99999999999999));
#13489=CARTESIAN_POINT('Origin',(29.356454,-2.097159,2.99999999999999));
#13490=CARTESIAN_POINT('',(27.767548,-2.097158,2.99999999999999));
#13491=CARTESIAN_POINT('Origin',(30.761981229722,-4.300002895762,2.99999999999999));
#13492=CARTESIAN_POINT('',(30.311485,-4.516877,2.99999999999999));
#13493=CARTESIAN_POINT('Origin',(27.767550656878,-1.597149270719,2.99999999999999));
#13494=CARTESIAN_POINT('',(27.51529,-2.028859,2.99999999999999));
#13495=CARTESIAN_POINT('Origin',(29.860970863096,-4.733756616131,2.99999999999999));
#13496=CARTESIAN_POINT('',(29.608712,-5.165457,2.99999999999999));
#13497=CARTESIAN_POINT('Origin',(27.263031745676,-2.460559709117,2.99999999999999));
#13498=CARTESIAN_POINT('',(26.812517,-2.677438,2.99999999999999));
#13499=CARTESIAN_POINT('Origin',(29.356451343146,-5.597166729223,2.99999999999999));
#13500=CARTESIAN_POINT('',(29.356453,-5.097158,2.99999999999999));
#13501=CARTESIAN_POINT('Origin',(26.362012114969,-2.894314079133,2.99999999999999));
#13502=CARTESIAN_POINT('',(26.862002,-2.894316,2.99999999999999));
#13503=CARTESIAN_POINT('Origin',(27.767549,-5.097158,2.99999999999999));
#13504=CARTESIAN_POINT('',(27.767549,-5.097158,2.99999999999999));
#13505=CARTESIAN_POINT('Origin',(26.862002,-2.894316,2.99999999999999));
#13506=CARTESIAN_POINT('',(26.862002,-4.300001,2.99999999999999));
#13507=CARTESIAN_POINT('Origin',(27.767551656878,-5.597166729281,2.99999999999999));
#13508=CARTESIAN_POINT('',(27.515291,-5.165457,2.99999999999999));
#13509=CARTESIAN_POINT('Origin',(26.362012115023,-4.300001920886,2.99999999999999));
#13510=CARTESIAN_POINT('',(26.812517,-4.516878,2.99999999999999));
#13511=CARTESIAN_POINT('Origin',(27.263033535509,-4.733754740432,2.99999999999999));
#13512=CARTESIAN_POINT('Origin',(23.482,0.820000000000001,2.95399999999999));
#13513=CARTESIAN_POINT('',(23.482,1.67,2.95399999999999));
#13514=CARTESIAN_POINT('Origin',(28.562,0.820000000000001,2.95399999999999));
#13515=CARTESIAN_POINT('',(28.562,2.82,2.95399999999999));
#13516=CARTESIAN_POINT('Origin',(38.087,-2.52,2.95399999999999));
#13517=CARTESIAN_POINT('',(38.087,-2.12,2.95399999999999));
#13518=CARTESIAN_POINT('Origin',(33.642,0.820000000000002,2.95399999999999));
#13519=CARTESIAN_POINT('',(33.642,1.67,2.95399999999999));
#13520=CARTESIAN_POINT('Origin',(-32.398,3.36,2.95399999999999));
#13521=CARTESIAN_POINT('',(-32.398,4.11,2.95399999999999));
#13522=CARTESIAN_POINT('Origin',(-26.048,5.9,2.95399999999999));
#13523=CARTESIAN_POINT('',(-26.048,6.65,2.95399999999999));
#13524=CARTESIAN_POINT('Origin',(-19.063,5.1,2.95399999999999));
#13525=CARTESIAN_POINT('',(-19.063,5.5,2.95399999999999));
#13526=CARTESIAN_POINT('Origin',(-13.348,3.36,2.95399999999999));
#13527=CARTESIAN_POINT('',(-13.348,4.11,2.95399999999999));
#13528=CARTESIAN_POINT('Origin',(-6.998,5.9,2.95399999999999));
#13529=CARTESIAN_POINT('',(-6.998,6.65,2.95399999999999));
#13530=CARTESIAN_POINT('Origin',(-0.0129999999999995,5.1,2.95399999999999));
#13531=CARTESIAN_POINT('',(-0.0129999999999994,5.5,2.95399999999999));
#13532=CARTESIAN_POINT('Origin',(-7.638,13.98,2.95399999999999));
#13533=CARTESIAN_POINT('',(-7.638,14.48,2.95399999999999));
#13534=CARTESIAN_POINT('Origin',(-34.048,17.79,2.95399999999999));
#13535=CARTESIAN_POINT('',(-34.048,18.29,2.95399999999999));
#13536=CARTESIAN_POINT('Origin',(-34.048,20.33,2.95399999999999));
#13537=CARTESIAN_POINT('',(-34.048,20.83,2.95399999999999));
#13538=CARTESIAN_POINT('Origin',(-34.048,22.87,2.95399999999999));
#13539=CARTESIAN_POINT('',(-34.048,23.37,2.95399999999999));
#13540=CARTESIAN_POINT('Origin',(-34.048,25.41,2.95399999999999));
#13541=CARTESIAN_POINT('',(-34.048,25.91,2.95399999999999));
#13542=CARTESIAN_POINT('Origin',(-7.638,16.52,2.95399999999999));
#13543=CARTESIAN_POINT('',(-7.638,17.02,2.95399999999999));
#13544=CARTESIAN_POINT('Origin',(-7.638,19.06,2.95399999999999));
#13545=CARTESIAN_POINT('',(-7.638,19.56,2.95399999999999));
#13546=CARTESIAN_POINT('Origin',(-7.638,21.6,2.95399999999999));
#13547=CARTESIAN_POINT('',(-7.638,22.1,2.95399999999999));
#13548=CARTESIAN_POINT('Origin',(-7.638,24.14,2.95399999999999));
#13549=CARTESIAN_POINT('',(-7.638,24.64,2.95399999999999));
#13550=CARTESIAN_POINT('Origin',(-7.638,26.68,2.95399999999999));
#13551=CARTESIAN_POINT('',(-7.638,27.18,2.95399999999999));
#13552=CARTESIAN_POINT('Origin',(-7.638,29.22,2.95399999999999));
#13553=CARTESIAN_POINT('',(-7.638,29.72,2.95399999999999));
#13554=CARTESIAN_POINT('Origin',(5.702,3.36,2.95399999999999));
#13555=CARTESIAN_POINT('',(5.702,4.11,2.95399999999999));
#13556=CARTESIAN_POINT('Origin',(12.052,5.9,2.95399999999999));
#13557=CARTESIAN_POINT('',(12.052,6.65,2.95399999999999));
#13558=CARTESIAN_POINT('Origin',(19.037,5.1,2.95399999999999));
#13559=CARTESIAN_POINT('',(19.037,5.5,2.95399999999999));
#13560=CARTESIAN_POINT('Origin',(7.612,13.98,2.95399999999999));
#13561=CARTESIAN_POINT('',(7.612,14.48,2.95399999999999));
#13562=CARTESIAN_POINT('Origin',(24.752,3.36,2.95399999999999));
#13563=CARTESIAN_POINT('',(24.752,4.11,2.95399999999999));
#13564=CARTESIAN_POINT('Origin',(31.102,5.9,2.95399999999999));
#13565=CARTESIAN_POINT('',(31.102,6.65,2.95399999999999));
#13566=CARTESIAN_POINT('Origin',(38.087,5.1,2.95399999999999));
#13567=CARTESIAN_POINT('',(38.087,5.5,2.95399999999999));
#13568=CARTESIAN_POINT('Origin',(29.202,13.5,2.95399999999999));
#13569=CARTESIAN_POINT('',(29.202,12.75,2.95399999999999));
#13570=CARTESIAN_POINT('',(29.202,14.25,2.95399999999999));
#13571=CARTESIAN_POINT('Origin',(29.202,14.25,2.95399999999999));
#13572=CARTESIAN_POINT('',(27.902,14.25,2.95399999999999));
#13573=CARTESIAN_POINT('Origin',(27.902,13.5,2.95399999999999));
#13574=CARTESIAN_POINT('',(27.902,12.75,2.95399999999999));
#13575=CARTESIAN_POINT('Origin',(27.902,12.75,2.95399999999999));
#13576=CARTESIAN_POINT('Origin',(7.612,16.52,2.95399999999999));
#13577=CARTESIAN_POINT('',(7.612,17.02,2.95399999999999));
#13578=CARTESIAN_POINT('Origin',(7.612,19.06,2.95399999999999));
#13579=CARTESIAN_POINT('',(7.612,19.56,2.95399999999999));
#13580=CARTESIAN_POINT('Origin',(7.612,21.6,2.95399999999999));
#13581=CARTESIAN_POINT('',(7.612,22.1,2.95399999999999));
#13582=CARTESIAN_POINT('Origin',(7.612,24.14,2.95399999999999));
#13583=CARTESIAN_POINT('',(7.612,24.64,2.95399999999999));
#13584=CARTESIAN_POINT('Origin',(7.612,26.68,2.95399999999999));
#13585=CARTESIAN_POINT('',(7.612,27.18,2.95399999999999));
#13586=CARTESIAN_POINT('Origin',(7.612,29.22,2.95399999999999));
#13587=CARTESIAN_POINT('',(7.612,29.72,2.95399999999999));
#13588=CARTESIAN_POINT('Origin',(21.052,16.6,2.95399999999999));
#13589=CARTESIAN_POINT('',(21.052,17.1,2.95399999999999));
#13590=CARTESIAN_POINT('Origin',(21.052,19.1,2.95399999999999));
#13591=CARTESIAN_POINT('',(21.052,19.6,2.95399999999999));
#13592=CARTESIAN_POINT('Origin',(21.052,21.6,2.95399999999999));
#13593=CARTESIAN_POINT('',(21.052,22.1,2.95399999999999));
#13594=CARTESIAN_POINT('Origin',(35.552,16.6,2.95399999999999));
#13595=CARTESIAN_POINT('',(35.552,17.1,2.95399999999999));
#13596=CARTESIAN_POINT('Origin',(35.552,21.6,2.95399999999999));
#13597=CARTESIAN_POINT('',(35.552,22.1,2.95399999999999));
#13598=CARTESIAN_POINT('Origin',(29.202,24.7,2.95399999999999));
#13599=CARTESIAN_POINT('',(29.202,23.95,2.95399999999999));
#13600=CARTESIAN_POINT('',(29.202,25.45,2.95399999999999));
#13601=CARTESIAN_POINT('Origin',(29.202,25.45,2.95399999999999));
#13602=CARTESIAN_POINT('',(27.902,25.45,2.95399999999999));
#13603=CARTESIAN_POINT('Origin',(27.902,24.7,2.95399999999999));
#13604=CARTESIAN_POINT('',(27.902,23.95,2.95399999999999));
#13605=CARTESIAN_POINT('Origin',(27.902,23.95,2.95399999999999));
#13606=CARTESIAN_POINT('',(-19.0630000000001,5.1,1.59500000000002));
#13607=CARTESIAN_POINT('',(19.037,-13.95,1.59500000000001));
#13608=CARTESIAN_POINT('',(19.037,5.10000000000001,1.59500000000002));
#13609=CARTESIAN_POINT('',(38.0870000000001,-13.95,1.59500000000001));
#13610=CARTESIAN_POINT('',(-0.0129999999999867,-13.95,1.59500000000001));
#13611=CARTESIAN_POINT('',(-19.063,-13.95,1.59500000000001));
#13612=CARTESIAN_POINT('',(38.0870000000001,5.1,1.59500000000002));
#13613=CARTESIAN_POINT('',(-0.0130000000000055,5.1,1.59500000000002));
#13614=CARTESIAN_POINT('',(0.,0.,0.));
#13615=CARTESIAN_POINT('Origin',(-52.2,0.,41.3));
#13616=CARTESIAN_POINT('',(-52.2,13.,42.3));
#13617=CARTESIAN_POINT('',(-53.2,13.,41.3));
#13618=CARTESIAN_POINT('Origin',(-52.2,13.,41.3));
#13619=CARTESIAN_POINT('',(-53.2,1.,41.3));
#13620=CARTESIAN_POINT('',(-53.2,0.,41.3));
#13621=CARTESIAN_POINT('',(-52.2,1.,42.3));
#13622=CARTESIAN_POINT('Origin',(-52.2,1.,41.3));
#13623=CARTESIAN_POINT('',(-52.2,0.,42.3));
#13624=CARTESIAN_POINT('Origin',(-52.2,1.,-21.15));
#13625=CARTESIAN_POINT('',(-53.2,1.,-41.3));
#13626=CARTESIAN_POINT('',(-52.2,0.,-41.3));
#13627=CARTESIAN_POINT('Origin',(-52.2,1.,-41.3));
#13628=CARTESIAN_POINT('',(-52.2,0.,41.3));
#13629=CARTESIAN_POINT('',(-52.2,0.,-21.15));
#13630=CARTESIAN_POINT('Origin',(-52.2,1.,41.3));
#13631=CARTESIAN_POINT('',(-53.2,1.,-21.15));
#13632=CARTESIAN_POINT('Origin',(-52.2,0.,-41.3));
#13633=CARTESIAN_POINT('',(-53.2,13.,-41.3));
#13634=CARTESIAN_POINT('',(-52.2,13.,-42.3));
#13635=CARTESIAN_POINT('Origin',(-52.2,13.,-41.3));
#13636=CARTESIAN_POINT('',(-52.2,1.,-42.3));
#13637=CARTESIAN_POINT('',(-52.2,0.,-42.3));
#13638=CARTESIAN_POINT('Origin',(-52.2,1.,-41.3));
#13639=CARTESIAN_POINT('',(-53.2,0.,-41.3));
#13640=CARTESIAN_POINT('Origin',(-52.2,1.,-41.3));
#13641=CARTESIAN_POINT('Origin',(-52.2,1.,-41.3));
#13642=CARTESIAN_POINT('Origin',(-52.2,1.,41.3));
#13643=CARTESIAN_POINT('Origin',(-52.2,1.,41.3));
#13644=CARTESIAN_POINT('Origin',(-53.2,0.,42.3));
#13645=CARTESIAN_POINT('',(52.2,1.,42.3));
#13646=CARTESIAN_POINT('',(-26.6,1.,42.3));
#13647=CARTESIAN_POINT('',(52.2,13.,42.3));
#13648=CARTESIAN_POINT('',(52.2,0.,42.3));
#13649=CARTESIAN_POINT('',(-53.2,13.,42.3));
#13650=CARTESIAN_POINT('Origin',(-26.6,1.,41.3));
#13651=CARTESIAN_POINT('',(52.2,0.,41.3));
#13652=CARTESIAN_POINT('',(-26.6,0.,41.3));
#13653=CARTESIAN_POINT('Origin',(52.2,1.,41.3));
#13654=CARTESIAN_POINT('Origin',(0.,0.,0.));
#13655=CARTESIAN_POINT('',(52.2,0.,-41.3));
#13656=CARTESIAN_POINT('',(26.6,0.,-41.3));
#13657=CARTESIAN_POINT('',(52.2,0.,21.15));
#13658=CARTESIAN_POINT('',(-50.55,0.,-37.3));
#13659=CARTESIAN_POINT('Origin',(-48.2,0.,-37.3));
#13660=CARTESIAN_POINT('',(45.85,0.,-37.3));
#13661=CARTESIAN_POINT('Origin',(48.2,0.,-37.3));
#13662=CARTESIAN_POINT('',(-50.55,0.,37.3));
#13663=CARTESIAN_POINT('Origin',(-48.2,0.,37.3));
#13664=CARTESIAN_POINT('',(45.85,0.,37.3));
#13665=CARTESIAN_POINT('Origin',(48.2,0.,37.3));
#13666=CARTESIAN_POINT('Origin',(26.6,1.,-41.3));
#13667=CARTESIAN_POINT('',(52.2,1.,-42.3));
#13668=CARTESIAN_POINT('',(26.6,1.,-42.3));
#13669=CARTESIAN_POINT('Origin',(52.2,1.,-41.3));
#13670=CARTESIAN_POINT('Origin',(53.2,0.,-42.3));
#13671=CARTESIAN_POINT('',(52.2,13.,-42.3));
#13672=CARTESIAN_POINT('',(53.2,13.,-42.3));
#13673=CARTESIAN_POINT('',(52.2,0.,-42.3));
#13674=CARTESIAN_POINT('',(-4.,4.1999998614192,-42.3));
#13675=CARTESIAN_POINT('',(4.,4.1999998614192,-42.3));
#13676=CARTESIAN_POINT('',(24.6,4.1999998614192,-42.3));
#13677=CARTESIAN_POINT('',(6.,6.1999998614192,-42.3));
#13678=CARTESIAN_POINT('Origin',(4.,6.1999998614192,-42.3));
#13679=CARTESIAN_POINT('',(6.,6.6999998614192,-42.3));
#13680=CARTESIAN_POINT('',(6.,3.0999999307096,-42.3));
#13681=CARTESIAN_POINT('',(4.,8.6999998614192,-42.3));
#13682=CARTESIAN_POINT('Origin',(4.,6.6999998614192,-42.3));
#13683=CARTESIAN_POINT('',(-4.,8.6999998614192,-42.3));
#13684=CARTESIAN_POINT('',(28.6,8.6999998614192,-42.3));
#13685=CARTESIAN_POINT('',(-6.,6.6999998614192,-42.3));
#13686=CARTESIAN_POINT('Origin',(-4.,6.6999998614192,-42.3));
#13687=CARTESIAN_POINT('',(-6.,6.1999998614192,-42.3));
#13688=CARTESIAN_POINT('',(-6.,3.3499999307096,-42.3));
#13689=CARTESIAN_POINT('Origin',(-4.,6.1999998614192,-42.3));
#13690=CARTESIAN_POINT('Origin',(52.2,0.,-41.3));
#13691=CARTESIAN_POINT('',(53.2,13.,-41.3));
#13692=CARTESIAN_POINT('Origin',(52.2,13.,-41.3));
#13693=CARTESIAN_POINT('',(53.2,1.,-41.3));
#13694=CARTESIAN_POINT('',(53.2,0.,-41.3));
#13695=CARTESIAN_POINT('Origin',(52.2,1.,-41.3));
#13696=CARTESIAN_POINT('Origin',(52.2,1.,-41.3));
#13697=CARTESIAN_POINT('Origin',(52.2,1.,-41.3));
#13698=CARTESIAN_POINT('Origin',(-53.2,0.,-42.3));
#13699=CARTESIAN_POINT('',(-53.2,13.,-42.3));
#13700=CARTESIAN_POINT('Origin',(52.2,1.,21.15));
#13701=CARTESIAN_POINT('',(53.2,1.,41.3));
#13702=CARTESIAN_POINT('',(53.2,1.,21.15));
#13703=CARTESIAN_POINT('Origin',(52.2,1.,41.3));
#13704=CARTESIAN_POINT('Origin',(53.2,0.,42.3));
#13705=CARTESIAN_POINT('',(53.2,13.,41.3));
#13706=CARTESIAN_POINT('',(53.2,13.,42.3));
#13707=CARTESIAN_POINT('',(53.2,0.,41.3));
#13708=CARTESIAN_POINT('Origin',(52.2,1.,41.3));
#13709=CARTESIAN_POINT('Origin',(52.2,1.,41.3));
#13710=CARTESIAN_POINT('Origin',(52.2,0.,41.3));
#13711=CARTESIAN_POINT('Origin',(52.2,13.,41.3));
#13712=CARTESIAN_POINT('Origin',(39.2,0.,-28.3));
#13713=CARTESIAN_POINT('',(36.7,9.,-28.3));
#13714=CARTESIAN_POINT('Origin',(39.2,9.,-28.3));
#13715=CARTESIAN_POINT('',(36.7,3.,-28.3));
#13716=CARTESIAN_POINT('',(36.7,0.,-28.3));
#13717=CARTESIAN_POINT('Origin',(39.2,3.,-28.3));
#13718=CARTESIAN_POINT('Origin',(39.2,9.,-28.3));
#13719=CARTESIAN_POINT('Origin',(-39.2,0.,-28.3));
#13720=CARTESIAN_POINT('',(-41.7,9.,-28.3));
#13721=CARTESIAN_POINT('Origin',(-39.2,9.,-28.3));
#13722=CARTESIAN_POINT('',(-41.7,3.,-28.3));
#13723=CARTESIAN_POINT('',(-41.7,0.,-28.3));
#13724=CARTESIAN_POINT('Origin',(-39.2,3.,-28.3));
#13725=CARTESIAN_POINT('Origin',(-39.2,9.,-28.3));
#13726=CARTESIAN_POINT('Origin',(39.2,0.,28.3));
#13727=CARTESIAN_POINT('',(36.7,9.,28.3));
#13728=CARTESIAN_POINT('Origin',(39.2,9.,28.3));
#13729=CARTESIAN_POINT('',(36.7,3.,28.3));
#13730=CARTESIAN_POINT('',(36.7,0.,28.3));
#13731=CARTESIAN_POINT('Origin',(39.2,3.,28.3));
#13732=CARTESIAN_POINT('Origin',(39.2,9.,28.3));
#13733=CARTESIAN_POINT('Origin',(-39.2,0.,28.3));
#13734=CARTESIAN_POINT('',(-41.7,9.,28.3));
#13735=CARTESIAN_POINT('Origin',(-39.2,9.,28.3));
#13736=CARTESIAN_POINT('',(-41.7,3.,28.3));
#13737=CARTESIAN_POINT('',(-41.7,0.,28.3));
#13738=CARTESIAN_POINT('Origin',(-39.2,3.,28.3));
#13739=CARTESIAN_POINT('Origin',(-39.2,9.,28.3));
#13740=CARTESIAN_POINT('Origin',(-4.,4.1999998614192,-42.3));
#13741=CARTESIAN_POINT('',(-4.,4.1999998614192,-32.3));
#13742=CARTESIAN_POINT('',(-4.,4.1999998614192,-42.3));
#13743=CARTESIAN_POINT('',(4.,4.1999998614192,-32.3));
#13744=CARTESIAN_POINT('',(-23.6,4.1999998614192,-32.3));
#13745=CARTESIAN_POINT('',(4.,4.1999998614192,-42.3));
#13746=CARTESIAN_POINT('Origin',(-4.,6.1999998614192,-42.3));
#13747=CARTESIAN_POINT('',(-6.,6.1999998614192,-32.3));
#13748=CARTESIAN_POINT('',(-6.,6.1999998614192,-42.3));
#13749=CARTESIAN_POINT('Origin',(-4.,6.1999998614192,-32.3));
#13750=CARTESIAN_POINT('Origin',(-6.,6.6999998614192,-42.3));
#13751=CARTESIAN_POINT('',(-6.,6.6999998614192,-32.3));
#13752=CARTESIAN_POINT('',(-6.,6.6999998614192,-42.3));
#13753=CARTESIAN_POINT('',(-6.,3.3499999307096,-32.3));
#13754=CARTESIAN_POINT('Origin',(-4.,6.6999998614192,-42.3));
#13755=CARTESIAN_POINT('',(-4.,8.6999998614192,-32.3));
#13756=CARTESIAN_POINT('',(-4.,8.6999998614192,-42.3));
#13757=CARTESIAN_POINT('Origin',(-4.,6.6999998614192,-32.3));
#13758=CARTESIAN_POINT('Origin',(4.,8.6999998614192,-42.3));
#13759=CARTESIAN_POINT('',(4.,8.6999998614192,-32.3));
#13760=CARTESIAN_POINT('',(4.,8.6999998614192,-42.3));
#13761=CARTESIAN_POINT('',(-19.6,8.6999998614192,-32.3));
#13762=CARTESIAN_POINT('Origin',(4.,6.6999998614192,-42.3));
#13763=CARTESIAN_POINT('',(6.,6.6999998614192,-32.3));
#13764=CARTESIAN_POINT('',(6.,6.6999998614192,-42.3));
#13765=CARTESIAN_POINT('Origin',(4.,6.6999998614192,-32.3));
#13766=CARTESIAN_POINT('Origin',(6.,6.1999998614192,-42.3));
#13767=CARTESIAN_POINT('',(6.,6.1999998614192,-32.3));
#13768=CARTESIAN_POINT('',(6.,6.1999998614192,-42.3));
#13769=CARTESIAN_POINT('',(6.,3.0999999307096,-32.3));
#13770=CARTESIAN_POINT('Origin',(4.,6.1999998614192,-42.3));
#13771=CARTESIAN_POINT('Origin',(4.,6.1999998614192,-32.3));
#13772=CARTESIAN_POINT('Origin',(-43.2,0.,32.3));
#13773=CARTESIAN_POINT('',(-43.2,3.,-32.3));
#13774=CARTESIAN_POINT('',(-43.2,3.,32.3));
#13775=CARTESIAN_POINT('',(-43.2,3.,32.3));
#13776=CARTESIAN_POINT('',(-43.2,13.,-32.3));
#13777=CARTESIAN_POINT('',(-43.2,0.,-32.3));
#13778=CARTESIAN_POINT('',(-43.2,13.,32.3));
#13779=CARTESIAN_POINT('',(-43.2,13.,32.3));
#13780=CARTESIAN_POINT('',(-43.2,0.,32.3));
#13781=CARTESIAN_POINT('Origin',(-43.2,0.,-32.3));
#13782=CARTESIAN_POINT('',(43.2,3.,-32.3));
#13783=CARTESIAN_POINT('',(-43.2,3.,-32.3));
#13784=CARTESIAN_POINT('',(43.2,13.,-32.3));
#13785=CARTESIAN_POINT('',(43.2,0.,-32.3));
#13786=CARTESIAN_POINT('',(-43.2,13.,-32.3));
#13787=CARTESIAN_POINT('Origin',(48.2,0.,37.3));
#13788=CARTESIAN_POINT('',(45.85,13.,37.3));
#13789=CARTESIAN_POINT('Origin',(48.2,13.,37.3));
#13790=CARTESIAN_POINT('',(45.85,0.,37.3));
#13791=CARTESIAN_POINT('Origin',(-48.2,0.,37.3));
#13792=CARTESIAN_POINT('',(-50.55,13.,37.3));
#13793=CARTESIAN_POINT('Origin',(-48.2,13.,37.3));
#13794=CARTESIAN_POINT('',(-50.55,0.,37.3));
#13795=CARTESIAN_POINT('Origin',(48.2,0.,-37.3));
#13796=CARTESIAN_POINT('',(45.85,13.,-37.3));
#13797=CARTESIAN_POINT('Origin',(48.2,13.,-37.3));
#13798=CARTESIAN_POINT('',(45.85,0.,-37.3));
#13799=CARTESIAN_POINT('Origin',(-48.2,0.,-37.3));
#13800=CARTESIAN_POINT('',(-50.55,13.,-37.3));
#13801=CARTESIAN_POINT('Origin',(-48.2,13.,-37.3));
#13802=CARTESIAN_POINT('',(-50.55,0.,-37.3));
#13803=CARTESIAN_POINT('Origin',(43.2,0.,32.3));
#13804=CARTESIAN_POINT('',(43.2,3.,32.3));
#13805=CARTESIAN_POINT('',(43.2,3.,32.3));
#13806=CARTESIAN_POINT('',(43.2,13.,32.3));
#13807=CARTESIAN_POINT('',(43.2,13.,32.3));
#13808=CARTESIAN_POINT('',(43.2,0.,32.3));
#13809=CARTESIAN_POINT('Origin',(43.2,0.,-32.3));
#13810=CARTESIAN_POINT('',(43.2,3.,-32.3));
#13811=CARTESIAN_POINT('',(43.2,13.,-32.3));
#13812=CARTESIAN_POINT('Origin',(0.,13.,0.));
#13813=CARTESIAN_POINT('Origin',(0.,3.,0.));
#13814=CARTESIAN_POINT('Origin',(52.000001090765,13.,40.9999988377094));
#13815=CARTESIAN_POINT('',(52.000001090765,13.,41.9999988377094));
#13816=CARTESIAN_POINT('',(53.000001090765,13.,40.9999988377094));
#13817=CARTESIAN_POINT('Origin',(52.000001090765,13.,40.9999988377094));
#13818=CARTESIAN_POINT('',(53.000001090765,13.5,40.9999988377094));
#13819=CARTESIAN_POINT('',(53.000001090765,13.,40.9999988377094));
#13820=CARTESIAN_POINT('',(52.000001090765,13.5,41.9999988377094));
#13821=CARTESIAN_POINT('Origin',(52.000001090765,13.5,40.9999988377094));
#13822=CARTESIAN_POINT('',(52.000001090765,13.,41.9999988377094));
#13823=CARTESIAN_POINT('Origin',(52.000001090765,13.5,25.4249994188547));
#13824=CARTESIAN_POINT('',(53.000001090765,13.5,-9.10000002011657));
#13825=CARTESIAN_POINT('',(52.000001090765,14.5,-9.10000002011657));
#13826=CARTESIAN_POINT('Origin',(52.000001090765,13.5,-9.10000002011657));
#13827=CARTESIAN_POINT('',(52.000001090765,14.5,40.9999988377094));
#13828=CARTESIAN_POINT('',(52.000001090765,14.5,25.4249994188547));
#13829=CARTESIAN_POINT('Origin',(52.000001090765,13.5,40.9999988377094));
#13830=CARTESIAN_POINT('',(53.000001090765,13.5,25.4249994188547));
#13831=CARTESIAN_POINT('Origin',(52.000001090765,13.5,40.9999988377094));
#13832=CARTESIAN_POINT('Origin',(52.000001090765,13.5,40.9999988377094));
#13833=CARTESIAN_POINT('Origin',(-0.0999999999999801,13.,8.85));
#13834=CARTESIAN_POINT('',(-53.19999653548,13.,41.9999988377094));
#13835=CARTESIAN_POINT('',(53.000001090765,13.,41.9999988377094));
#13836=CARTESIAN_POINT('',(-53.19999653548,13.,-9.10000002011657));
#13837=CARTESIAN_POINT('',(-53.19999653548,13.,27.9000018001534));
#13838=CARTESIAN_POINT('',(-38.2000066496432,13.,-9.10000002011657));
#13839=CARTESIAN_POINT('',(-53.19999653548,13.,-9.10000002011657));
#13840=CARTESIAN_POINT('',(-38.2,13.,-10.2));
#13841=CARTESIAN_POINT('',(-38.2,13.,27.9));
#13842=CARTESIAN_POINT('',(38.,13.,-10.2));
#13843=CARTESIAN_POINT('',(38.,13.,-10.2));
#13844=CARTESIAN_POINT('',(38.0000014260411,13.,-9.10000002011657));
#13845=CARTESIAN_POINT('',(38.,13.,27.9));
#13846=CARTESIAN_POINT('',(53.000001090765,13.,-9.10000002011657));
#13847=CARTESIAN_POINT('',(38.0000014260411,13.,-9.10000002011657));
#13848=CARTESIAN_POINT('',(53.000001090765,13.,-9.10000002011657));
#13849=CARTESIAN_POINT('',(-50.55,13.,37.3));
#13850=CARTESIAN_POINT('Origin',(-48.2,13.,37.3));
#13851=CARTESIAN_POINT('',(45.85,13.,37.3));
#13852=CARTESIAN_POINT('Origin',(48.2,13.,37.3));
#13853=CARTESIAN_POINT('',(-2.62499999999998,13.,11.875));
#13854=CARTESIAN_POINT('',(-3.12499999999998,13.,11.375));
#13855=CARTESIAN_POINT('Origin',(-3.12499999999998,13.,11.875));
#13856=CARTESIAN_POINT('',(-16.125,13.,11.375));
#13857=CARTESIAN_POINT('',(-3.12499999999998,13.,11.375));
#13858=CARTESIAN_POINT('',(-16.625,13.,11.875));
#13859=CARTESIAN_POINT('Origin',(-16.125,13.,11.875));
#13860=CARTESIAN_POINT('',(-16.625,13.,24.875));
#13861=CARTESIAN_POINT('',(-16.625,13.,11.875));
#13862=CARTESIAN_POINT('',(-16.125,13.,25.375));
#13863=CARTESIAN_POINT('Origin',(-16.125,13.,24.875));
#13864=CARTESIAN_POINT('',(-3.12499999999998,13.,25.375));
#13865=CARTESIAN_POINT('',(-3.12499999999998,13.,25.375));
#13866=CARTESIAN_POINT('',(-2.62499999999998,13.,24.875));
#13867=CARTESIAN_POINT('Origin',(-3.12499999999998,13.,24.875));
#13868=CARTESIAN_POINT('',(-2.62499999999998,13.,11.875));
#13869=CARTESIAN_POINT('',(16.425,13.,-7.175));
#13870=CARTESIAN_POINT('',(15.925,13.,-7.675));
#13871=CARTESIAN_POINT('Origin',(15.925,13.,-7.175));
#13872=CARTESIAN_POINT('',(2.92500000000002,13.,-7.67500000000001));
#13873=CARTESIAN_POINT('',(15.925,13.,-7.675));
#13874=CARTESIAN_POINT('',(2.42500000000001,13.,-7.175));
#13875=CARTESIAN_POINT('Origin',(2.92500000000002,13.,-7.175));
#13876=CARTESIAN_POINT('',(2.42500000000001,13.,5.825));
#13877=CARTESIAN_POINT('',(2.42500000000001,13.,-7.175));
#13878=CARTESIAN_POINT('',(2.92500000000002,13.,6.325));
#13879=CARTESIAN_POINT('Origin',(2.92500000000002,13.,5.825));
#13880=CARTESIAN_POINT('',(15.925,13.,6.32499999999999));
#13881=CARTESIAN_POINT('',(15.925,13.,6.325));
#13882=CARTESIAN_POINT('',(16.425,13.,5.825));
#13883=CARTESIAN_POINT('Origin',(15.925,13.,5.825));
#13884=CARTESIAN_POINT('',(16.425,13.,-7.175));
#13885=CARTESIAN_POINT('',(-21.675,13.,11.875));
#13886=CARTESIAN_POINT('',(-22.175,13.,11.375));
#13887=CARTESIAN_POINT('Origin',(-22.175,13.,11.875));
#13888=CARTESIAN_POINT('',(-35.175,13.,11.375));
#13889=CARTESIAN_POINT('',(-22.175,13.,11.375));
#13890=CARTESIAN_POINT('',(-35.675,13.,11.875));
#13891=CARTESIAN_POINT('Origin',(-35.175,13.,11.875));
#13892=CARTESIAN_POINT('',(-35.675,13.,24.875));
#13893=CARTESIAN_POINT('',(-35.675,13.,11.875));
#13894=CARTESIAN_POINT('',(-35.175,13.,25.375));
#13895=CARTESIAN_POINT('Origin',(-35.175,13.,24.875));
#13896=CARTESIAN_POINT('',(-22.175,13.,25.375));
#13897=CARTESIAN_POINT('',(-22.175,13.,25.375));
#13898=CARTESIAN_POINT('',(-21.675,13.,24.875));
#13899=CARTESIAN_POINT('Origin',(-22.175,13.,24.875));
#13900=CARTESIAN_POINT('',(-21.675,13.,11.875));
#13901=CARTESIAN_POINT('',(-2.62499999999998,13.,-7.175));
#13902=CARTESIAN_POINT('',(-3.12499999999998,13.,-7.675));
#13903=CARTESIAN_POINT('Origin',(-3.12499999999998,13.,-7.175));
#13904=CARTESIAN_POINT('',(-16.125,13.,-7.67499999999999));
#13905=CARTESIAN_POINT('',(-3.12499999999998,13.,-7.675));
#13906=CARTESIAN_POINT('',(-16.625,13.,-7.175));
#13907=CARTESIAN_POINT('Origin',(-16.125,13.,-7.175));
#13908=CARTESIAN_POINT('',(-16.625,13.,5.825));
#13909=CARTESIAN_POINT('',(-16.625,13.,-7.175));
#13910=CARTESIAN_POINT('',(-16.125,13.,6.325));
#13911=CARTESIAN_POINT('Origin',(-16.125,13.,5.825));
#13912=CARTESIAN_POINT('',(-3.12499999999998,13.,6.32500000000001));
#13913=CARTESIAN_POINT('',(-3.12499999999998,13.,6.325));
#13914=CARTESIAN_POINT('',(-2.62499999999998,13.,5.825));
#13915=CARTESIAN_POINT('Origin',(-3.12499999999998,13.,5.825));
#13916=CARTESIAN_POINT('',(-2.62499999999998,13.,-7.175));
#13917=CARTESIAN_POINT('',(-21.675,13.,-7.175));
#13918=CARTESIAN_POINT('',(-22.175,13.,-7.675));
#13919=CARTESIAN_POINT('Origin',(-22.175,13.,-7.175));
#13920=CARTESIAN_POINT('',(-35.175,13.,-7.675));
#13921=CARTESIAN_POINT('',(-22.175,13.,-7.675));
#13922=CARTESIAN_POINT('',(-35.675,13.,-7.175));
#13923=CARTESIAN_POINT('Origin',(-35.175,13.,-7.175));
#13924=CARTESIAN_POINT('',(-35.675,13.,5.825));
#13925=CARTESIAN_POINT('',(-35.675,13.,-7.175));
#13926=CARTESIAN_POINT('',(-35.175,13.,6.325));
#13927=CARTESIAN_POINT('Origin',(-35.175,13.,5.825));
#13928=CARTESIAN_POINT('',(-22.175,13.,6.32499999999999));
#13929=CARTESIAN_POINT('',(-22.175,13.,6.325));
#13930=CARTESIAN_POINT('',(-21.675,13.,5.825));
#13931=CARTESIAN_POINT('Origin',(-22.175,13.,5.825));
#13932=CARTESIAN_POINT('',(-21.675,13.,-7.175));
#13933=CARTESIAN_POINT('',(35.475,13.,-7.175));
#13934=CARTESIAN_POINT('',(34.975,13.,-7.675));
#13935=CARTESIAN_POINT('Origin',(34.975,13.,-7.175));
#13936=CARTESIAN_POINT('',(21.975,13.,-7.67500000000001));
#13937=CARTESIAN_POINT('',(34.975,13.,-7.675));
#13938=CARTESIAN_POINT('',(21.475,13.,-7.175));
#13939=CARTESIAN_POINT('Origin',(21.975,13.,-7.175));
#13940=CARTESIAN_POINT('',(21.475,13.,5.825));
#13941=CARTESIAN_POINT('',(21.475,13.,-7.175));
#13942=CARTESIAN_POINT('',(21.975,13.,6.325));
#13943=CARTESIAN_POINT('Origin',(21.975,13.,5.825));
#13944=CARTESIAN_POINT('',(34.975,13.,6.32500000000001));
#13945=CARTESIAN_POINT('',(34.975,13.,6.325));
#13946=CARTESIAN_POINT('',(35.475,13.,5.825));
#13947=CARTESIAN_POINT('Origin',(34.975,13.,5.825));
#13948=CARTESIAN_POINT('',(35.475,13.,-7.175));
#13949=CARTESIAN_POINT('',(16.425,13.,11.875));
#13950=CARTESIAN_POINT('',(15.925,13.,11.375));
#13951=CARTESIAN_POINT('Origin',(15.925,13.,11.875));
#13952=CARTESIAN_POINT('',(2.92500000000002,13.,11.375));
#13953=CARTESIAN_POINT('',(15.925,13.,11.375));
#13954=CARTESIAN_POINT('',(2.42500000000001,13.,11.875));
#13955=CARTESIAN_POINT('Origin',(2.92500000000002,13.,11.875));
#13956=CARTESIAN_POINT('',(2.42500000000001,13.,24.875));
#13957=CARTESIAN_POINT('',(2.42500000000001,13.,11.875));
#13958=CARTESIAN_POINT('',(2.92500000000002,13.,25.375));
#13959=CARTESIAN_POINT('Origin',(2.92500000000002,13.,24.875));
#13960=CARTESIAN_POINT('',(15.925,13.,25.375));
#13961=CARTESIAN_POINT('',(15.925,13.,25.375));
#13962=CARTESIAN_POINT('',(16.425,13.,24.875));
#13963=CARTESIAN_POINT('Origin',(15.925,13.,24.875));
#13964=CARTESIAN_POINT('',(16.425,13.,11.875));
#13965=CARTESIAN_POINT('',(35.475,13.,11.875));
#13966=CARTESIAN_POINT('',(34.975,13.,11.375));
#13967=CARTESIAN_POINT('Origin',(34.975,13.,11.875));
#13968=CARTESIAN_POINT('',(21.975,13.,11.375));
#13969=CARTESIAN_POINT('',(34.975,13.,11.375));
#13970=CARTESIAN_POINT('',(21.475,13.,11.875));
#13971=CARTESIAN_POINT('Origin',(21.975,13.,11.875));
#13972=CARTESIAN_POINT('',(21.475,13.,24.875));
#13973=CARTESIAN_POINT('',(21.475,13.,11.875));
#13974=CARTESIAN_POINT('',(21.975,13.,25.375));
#13975=CARTESIAN_POINT('Origin',(21.975,13.,24.875));
#13976=CARTESIAN_POINT('',(34.975,13.,25.375));
#13977=CARTESIAN_POINT('',(34.975,13.,25.375));
#13978=CARTESIAN_POINT('',(35.475,13.,24.875));
#13979=CARTESIAN_POINT('Origin',(34.975,13.,24.875));
#13980=CARTESIAN_POINT('',(35.475,13.,11.875));
#13981=CARTESIAN_POINT('',(-17.9999995976687,13.,0.787034569625909));
#13982=CARTESIAN_POINT('',(-17.9999995976687,13.,-3.39999992400408));
#13983=CARTESIAN_POINT('',(-17.9999995976687,13.,2.72500003799798));
#13984=CARTESIAN_POINT('',(-20.1550495865891,13.,-3.39999992400412));
#13985=CARTESIAN_POINT('',(-10.1275247932945,13.,-3.39999992400394));
#13986=CARTESIAN_POINT('',(-20.1550495865891,13.,0.787034569625909));
#13987=CARTESIAN_POINT('',(-20.1550495865891,13.,4.81851728481296));
#13988=CARTESIAN_POINT('',(-9.04999979883432,13.,0.787034569625908));
#13989=CARTESIAN_POINT('',(20.1000004023313,13.,-3.39999992400408));
#13990=CARTESIAN_POINT('',(17.9449504134109,13.,-3.39999992400412));
#13991=CARTESIAN_POINT('',(8.92247520670555,13.,-3.39999992400428));
#13992=CARTESIAN_POINT('',(17.9449504134109,13.,0.787034569625909));
#13993=CARTESIAN_POINT('',(17.9449504134109,13.,4.81851728481296));
#13994=CARTESIAN_POINT('',(20.1000004023313,13.,0.787034569625909));
#13995=CARTESIAN_POINT('',(10.0000002011657,13.,0.787034569625908));
#13996=CARTESIAN_POINT('',(20.1000004023314,13.,2.72500003799794));
#13997=CARTESIAN_POINT('',(39.1500004023313,13.,15.6500000759959));
#13998=CARTESIAN_POINT('',(36.9949504134109,13.,15.6500000759959));
#13999=CARTESIAN_POINT('',(18.4474752067054,13.,15.6500000759956));
#14000=CARTESIAN_POINT('',(36.9949504134109,13.,19.8370345696259));
#14001=CARTESIAN_POINT('',(36.9949504134109,13.,14.343517284813));
#14002=CARTESIAN_POINT('',(39.1500004023314,13.,19.8370345696259));
#14003=CARTESIAN_POINT('',(19.5250002011657,13.,19.8370345696259));
#14004=CARTESIAN_POINT('',(39.1500004023313,13.,12.2500000379979));
#14005=CARTESIAN_POINT('',(-1.10504958658914,13.,19.8370345696259));
#14006=CARTESIAN_POINT('',(1.05000040233134,13.,19.8370345696259));
#14007=CARTESIAN_POINT('',(0.475000201165682,13.,19.8370345696259));
#14008=CARTESIAN_POINT('',(1.05000040233133,13.,15.6500000759959));
#14009=CARTESIAN_POINT('',(1.05000040233133,13.,12.250000037998));
#14010=CARTESIAN_POINT('',(-1.10504958658914,13.,15.6500000759959));
#14011=CARTESIAN_POINT('',(-0.602524793294618,13.,15.6500000759959));
#14012=CARTESIAN_POINT('',(-1.10504958658914,13.,14.343517284813));
#14013=CARTESIAN_POINT('',(-17.9999995976687,13.,15.6500000759959));
#14014=CARTESIAN_POINT('',(-20.1550495865891,13.,15.6500000759959));
#14015=CARTESIAN_POINT('',(-10.1275247932946,13.,15.6500000759961));
#14016=CARTESIAN_POINT('',(-20.1550495865891,13.,19.8370345696259));
#14017=CARTESIAN_POINT('',(-20.1550495865891,13.,14.343517284813));
#14018=CARTESIAN_POINT('',(-17.9999995976687,13.,19.8370345696259));
#14019=CARTESIAN_POINT('',(-9.04999979883432,13.,19.8370345696259));
#14020=CARTESIAN_POINT('',(-17.9999995976687,13.,12.250000037998));
#14021=CARTESIAN_POINT('',(20.1000004023313,13.,15.6500000759959));
#14022=CARTESIAN_POINT('',(17.9449504134109,13.,15.6500000759959));
#14023=CARTESIAN_POINT('',(8.92247520670538,13.,15.6500000759957));
#14024=CARTESIAN_POINT('',(17.9449504134109,13.,19.8370345696259));
#14025=CARTESIAN_POINT('',(17.9449504134109,13.,14.343517284813));
#14026=CARTESIAN_POINT('',(20.1000004023313,13.,19.8370345696259));
#14027=CARTESIAN_POINT('',(10.0000002011657,13.,19.8370345696259));
#14028=CARTESIAN_POINT('',(20.1000004023313,13.,12.2500000379979));
#14029=CARTESIAN_POINT('',(39.1500004023313,13.,-3.39999992400408));
#14030=CARTESIAN_POINT('',(36.9949504134109,13.,-3.39999992400412));
#14031=CARTESIAN_POINT('',(18.4474752067056,13.,-3.39999992400445));
#14032=CARTESIAN_POINT('',(36.9949504134109,13.,0.787034569625909));
#14033=CARTESIAN_POINT('',(36.9949504134109,13.,4.81851728481296));
#14034=CARTESIAN_POINT('',(39.1500004023314,13.,0.787034569625909));
#14035=CARTESIAN_POINT('',(19.5250002011657,13.,0.787034569625908));
#14036=CARTESIAN_POINT('',(39.1500004023314,13.,2.72500003799792));
#14037=CARTESIAN_POINT('',(1.05000040233133,13.,-3.39999992400408));
#14038=CARTESIAN_POINT('',(-1.10504958658914,13.,-3.39999992400412));
#14039=CARTESIAN_POINT('',(-0.602524793294451,13.,-3.39999992400411));
#14040=CARTESIAN_POINT('',(-1.10504958658914,13.,0.787034569625909));
#14041=CARTESIAN_POINT('',(-1.10504958658914,13.,4.81851728481296));
#14042=CARTESIAN_POINT('',(1.05000040233134,13.,0.787034569625909));
#14043=CARTESIAN_POINT('',(0.475000201165682,13.,0.787034569625908));
#14044=CARTESIAN_POINT('',(1.05000040233135,13.,2.72500003799796));
#14045=CARTESIAN_POINT('Origin',(-53.19999653548,13.,41.9999988377094));
#14046=CARTESIAN_POINT('',(-53.19999653548,13.5,41.9999988377094));
#14047=CARTESIAN_POINT('',(-26.64999826774,13.5,41.9999988377094));
#14048=CARTESIAN_POINT('',(-53.19999653548,13.,41.9999988377094));
#14049=CARTESIAN_POINT('Origin',(-26.64999826774,13.5,40.9999988377094));
#14050=CARTESIAN_POINT('',(-52.19999653548,14.5,40.9999988377094));
#14051=CARTESIAN_POINT('',(-26.64999826774,14.5,40.9999988377094));
#14052=CARTESIAN_POINT('Origin',(-52.19999653548,13.5,40.9999988377094));
#14053=CARTESIAN_POINT('Origin',(-0.0999999999999801,14.5,8.85));
#14054=CARTESIAN_POINT('',(38.0000014260411,14.5,-9.10000002011657));
#14055=CARTESIAN_POINT('',(38.0000014260411,14.5,-9.10000002011657));
#14056=CARTESIAN_POINT('',(38.,14.5,-10.2));
#14057=CARTESIAN_POINT('',(38.,14.5,-0.674999999999999));
#14058=CARTESIAN_POINT('',(-38.2,14.5,-10.2));
#14059=CARTESIAN_POINT('',(-19.15,14.5,-10.2));
#14060=CARTESIAN_POINT('',(-38.2000066496432,14.5,-9.10000002011657));
#14061=CARTESIAN_POINT('',(-38.2,14.5,18.375));
#14062=CARTESIAN_POINT('',(-52.19999653548,14.5,-9.10000002011657));
#14063=CARTESIAN_POINT('',(-53.19999653548,14.5,-9.10000002011657));
#14064=CARTESIAN_POINT('',(-52.19999653548,14.5,-0.125000010058283));
#14065=CARTESIAN_POINT('',(35.475,14.5,24.875));
#14066=CARTESIAN_POINT('',(35.475,14.5,11.875));
#14067=CARTESIAN_POINT('',(35.475,14.5,16.8625));
#14068=CARTESIAN_POINT('',(34.975,14.5,25.375));
#14069=CARTESIAN_POINT('Origin',(34.975,14.5,24.875));
#14070=CARTESIAN_POINT('',(21.975,14.5,25.375));
#14071=CARTESIAN_POINT('',(10.9375,14.5,25.375));
#14072=CARTESIAN_POINT('',(21.475,14.5,24.875));
#14073=CARTESIAN_POINT('Origin',(21.975,14.5,24.875));
#14074=CARTESIAN_POINT('',(21.475,14.5,11.875));
#14075=CARTESIAN_POINT('',(21.475,14.5,10.3625));
#14076=CARTESIAN_POINT('',(21.975,14.5,11.375));
#14077=CARTESIAN_POINT('Origin',(21.975,14.5,11.875));
#14078=CARTESIAN_POINT('',(34.975,14.5,11.375));
#14079=CARTESIAN_POINT('',(17.4375,14.5,11.375));
#14080=CARTESIAN_POINT('Origin',(34.975,14.5,11.875));
#14081=CARTESIAN_POINT('',(-2.62499999999998,14.5,24.875));
#14082=CARTESIAN_POINT('',(-2.62499999999998,14.5,11.875));
#14083=CARTESIAN_POINT('',(-2.62499999999998,14.5,16.8625));
#14084=CARTESIAN_POINT('',(-3.12499999999998,14.5,25.375));
#14085=CARTESIAN_POINT('Origin',(-3.12499999999998,14.5,24.875));
#14086=CARTESIAN_POINT('',(-16.125,14.5,25.375));
#14087=CARTESIAN_POINT('',(-8.11249999999999,14.5,25.375));
#14088=CARTESIAN_POINT('',(-16.625,14.5,24.875));
#14089=CARTESIAN_POINT('Origin',(-16.125,14.5,24.875));
#14090=CARTESIAN_POINT('',(-16.625,14.5,11.875));
#14091=CARTESIAN_POINT('',(-16.625,14.5,10.3625));
#14092=CARTESIAN_POINT('',(-16.125,14.5,11.375));
#14093=CARTESIAN_POINT('Origin',(-16.125,14.5,11.875));
#14094=CARTESIAN_POINT('',(-3.12499999999998,14.5,11.375));
#14095=CARTESIAN_POINT('',(-1.61249999999997,14.5,11.375));
#14096=CARTESIAN_POINT('Origin',(-3.12499999999998,14.5,11.875));
#14097=CARTESIAN_POINT('',(35.475,14.5,5.825));
#14098=CARTESIAN_POINT('',(35.475,14.5,-7.175));
#14099=CARTESIAN_POINT('',(35.475,14.5,7.3375));
#14100=CARTESIAN_POINT('',(34.975,14.5,6.32500000000001));
#14101=CARTESIAN_POINT('Origin',(34.975,14.5,5.825));
#14102=CARTESIAN_POINT('',(21.975,14.5,6.325));
#14103=CARTESIAN_POINT('',(10.9375,14.5,6.325));
#14104=CARTESIAN_POINT('',(21.475,14.5,5.825));
#14105=CARTESIAN_POINT('Origin',(21.975,14.5,5.825));
#14106=CARTESIAN_POINT('',(21.475,14.5,-7.175));
#14107=CARTESIAN_POINT('',(21.475,14.5,0.837500000000002));
#14108=CARTESIAN_POINT('',(21.975,14.5,-7.67500000000001));
#14109=CARTESIAN_POINT('Origin',(21.975,14.5,-7.175));
#14110=CARTESIAN_POINT('',(34.975,14.5,-7.675));
#14111=CARTESIAN_POINT('',(17.4375,14.5,-7.675));
#14112=CARTESIAN_POINT('Origin',(34.975,14.5,-7.175));
#14113=CARTESIAN_POINT('',(-21.675,14.5,24.875));
#14114=CARTESIAN_POINT('',(-21.675,14.5,11.875));
#14115=CARTESIAN_POINT('',(-21.675,14.5,16.8625));
#14116=CARTESIAN_POINT('',(-22.175,14.5,25.375));
#14117=CARTESIAN_POINT('Origin',(-22.175,14.5,24.875));
#14118=CARTESIAN_POINT('',(-35.175,14.5,25.375));
#14119=CARTESIAN_POINT('',(-17.6375,14.5,25.375));
#14120=CARTESIAN_POINT('',(-35.675,14.5,24.875));
#14121=CARTESIAN_POINT('Origin',(-35.175,14.5,24.875));
#14122=CARTESIAN_POINT('',(-35.675,14.5,11.875));
#14123=CARTESIAN_POINT('',(-35.675,14.5,10.3625));
#14124=CARTESIAN_POINT('',(-35.175,14.5,11.375));
#14125=CARTESIAN_POINT('Origin',(-35.175,14.5,11.875));
#14126=CARTESIAN_POINT('',(-22.175,14.5,11.375));
#14127=CARTESIAN_POINT('',(-11.1375,14.5,11.375));
#14128=CARTESIAN_POINT('Origin',(-22.175,14.5,11.875));
#14129=CARTESIAN_POINT('',(-2.62499999999998,14.5,5.825));
#14130=CARTESIAN_POINT('',(-2.62499999999998,14.5,-7.175));
#14131=CARTESIAN_POINT('',(-2.62499999999998,14.5,7.3375));
#14132=CARTESIAN_POINT('',(-3.12499999999998,14.5,6.32500000000001));
#14133=CARTESIAN_POINT('Origin',(-3.12499999999998,14.5,5.825));
#14134=CARTESIAN_POINT('',(-16.125,14.5,6.325));
#14135=CARTESIAN_POINT('',(-8.11249999999999,14.5,6.325));
#14136=CARTESIAN_POINT('',(-16.625,14.5,5.825));
#14137=CARTESIAN_POINT('Origin',(-16.125,14.5,5.825));
#14138=CARTESIAN_POINT('',(-16.625,14.5,-7.175));
#14139=CARTESIAN_POINT('',(-16.625,14.5,0.837500000000002));
#14140=CARTESIAN_POINT('',(-16.125,14.5,-7.67499999999999));
#14141=CARTESIAN_POINT('Origin',(-16.125,14.5,-7.175));
#14142=CARTESIAN_POINT('',(-3.12499999999998,14.5,-7.675));
#14143=CARTESIAN_POINT('',(-1.61249999999997,14.5,-7.675));
#14144=CARTESIAN_POINT('Origin',(-3.12499999999998,14.5,-7.175));
#14145=CARTESIAN_POINT('',(-21.675,14.5,5.825));
#14146=CARTESIAN_POINT('',(-21.675,14.5,-7.175));
#14147=CARTESIAN_POINT('',(-21.675,14.5,7.3375));
#14148=CARTESIAN_POINT('',(-22.175,14.5,6.32499999999999));
#14149=CARTESIAN_POINT('Origin',(-22.175,14.5,5.825));
#14150=CARTESIAN_POINT('',(-35.175,14.5,6.325));
#14151=CARTESIAN_POINT('',(-17.6375,14.5,6.325));
#14152=CARTESIAN_POINT('',(-35.675,14.5,5.825));
#14153=CARTESIAN_POINT('Origin',(-35.175,14.5,5.825));
#14154=CARTESIAN_POINT('',(-35.675,14.5,-7.175));
#14155=CARTESIAN_POINT('',(-35.675,14.5,0.837500000000002));
#14156=CARTESIAN_POINT('',(-35.175,14.5,-7.675));
#14157=CARTESIAN_POINT('Origin',(-35.175,14.5,-7.175));
#14158=CARTESIAN_POINT('',(-22.175,14.5,-7.675));
#14159=CARTESIAN_POINT('',(-11.1375,14.5,-7.675));
#14160=CARTESIAN_POINT('Origin',(-22.175,14.5,-7.175));
#14161=CARTESIAN_POINT('',(16.425,14.5,5.825));
#14162=CARTESIAN_POINT('',(16.425,14.5,-7.175));
#14163=CARTESIAN_POINT('',(16.425,14.5,7.3375));
#14164=CARTESIAN_POINT('',(15.925,14.5,6.32499999999999));
#14165=CARTESIAN_POINT('Origin',(15.925,14.5,5.825));
#14166=CARTESIAN_POINT('',(2.92500000000002,14.5,6.325));
#14167=CARTESIAN_POINT('',(1.41250000000001,14.5,6.325));
#14168=CARTESIAN_POINT('',(2.42500000000001,14.5,5.825));
#14169=CARTESIAN_POINT('Origin',(2.92500000000002,14.5,5.825));
#14170=CARTESIAN_POINT('',(2.42500000000001,14.5,-7.175));
#14171=CARTESIAN_POINT('',(2.42500000000001,14.5,0.837500000000002));
#14172=CARTESIAN_POINT('',(2.92500000000002,14.5,-7.67500000000001));
#14173=CARTESIAN_POINT('Origin',(2.92500000000002,14.5,-7.175));
#14174=CARTESIAN_POINT('',(15.925,14.5,-7.675));
#14175=CARTESIAN_POINT('',(7.91250000000003,14.5,-7.675));
#14176=CARTESIAN_POINT('Origin',(15.925,14.5,-7.175));
#14177=CARTESIAN_POINT('',(16.425,14.5,24.875));
#14178=CARTESIAN_POINT('',(16.425,14.5,11.875));
#14179=CARTESIAN_POINT('',(16.425,14.5,16.8625));
#14180=CARTESIAN_POINT('',(15.925,14.5,25.375));
#14181=CARTESIAN_POINT('Origin',(15.925,14.5,24.875));
#14182=CARTESIAN_POINT('',(2.92500000000002,14.5,25.375));
#14183=CARTESIAN_POINT('',(1.41250000000001,14.5,25.375));
#14184=CARTESIAN_POINT('',(2.42500000000001,14.5,24.875));
#14185=CARTESIAN_POINT('Origin',(2.92500000000002,14.5,24.875));
#14186=CARTESIAN_POINT('',(2.42500000000001,14.5,11.875));
#14187=CARTESIAN_POINT('',(2.42500000000001,14.5,10.3625));
#14188=CARTESIAN_POINT('',(2.92500000000002,14.5,11.375));
#14189=CARTESIAN_POINT('Origin',(2.92500000000002,14.5,11.875));
#14190=CARTESIAN_POINT('',(15.925,14.5,11.375));
#14191=CARTESIAN_POINT('',(7.91250000000003,14.5,11.375));
#14192=CARTESIAN_POINT('Origin',(15.925,14.5,11.875));
#14193=CARTESIAN_POINT('',(45.85,14.5,37.3));
#14194=CARTESIAN_POINT('Origin',(48.2,14.5,37.3));
#14195=CARTESIAN_POINT('',(-50.55,14.5,37.3));
#14196=CARTESIAN_POINT('Origin',(-48.2,14.5,37.3));
#14197=CARTESIAN_POINT('Origin',(-52.19999653548,13.5,-0.125000010058283));
#14198=CARTESIAN_POINT('',(-53.19999653548,13.5,-9.10000002011657));
#14199=CARTESIAN_POINT('Origin',(-52.19999653548,13.5,-9.10000002011657));
#14200=CARTESIAN_POINT('',(-53.19999653548,13.5,-0.125000010058283));
#14201=CARTESIAN_POINT('Origin',(53.000001090765,13.,41.9999988377094));
#14202=CARTESIAN_POINT('',(53.000001090765,13.,-9.10000002011657));
#14203=CARTESIAN_POINT('Origin',(-48.2,0.5,37.3));
#14204=CARTESIAN_POINT('',(-50.55,0.5,37.3));
#14205=CARTESIAN_POINT('Origin',(48.2,0.5,37.3));
#14206=CARTESIAN_POINT('',(45.85,0.5,37.3));
#14207=CARTESIAN_POINT('Origin',(-1.10504958658914,13.68,-3.39999992400412));
#14208=CARTESIAN_POINT('',(-1.10504958658914,13.68,-3.39999992400412));
#14209=CARTESIAN_POINT('',(1.05000040233133,13.68,-3.39999992400408));
#14210=CARTESIAN_POINT('',(-1.10504958658914,13.68,-3.39999992400412));
#14211=CARTESIAN_POINT('',(-1.10504958658914,13.68,-3.39999992400412));
#14212=CARTESIAN_POINT('',(1.05000040233133,13.68,-3.39999992400408));
#14213=CARTESIAN_POINT('Origin',(-1.10504958658914,13.68,0.787034569625909));
#14214=CARTESIAN_POINT('',(-1.10504958658914,13.68,0.787034569625909));
#14215=CARTESIAN_POINT('',(-1.10504958658914,13.68,0.787034569625909));
#14216=CARTESIAN_POINT('',(-1.10504958658914,13.68,0.787034569625909));
#14217=CARTESIAN_POINT('Origin',(1.05000040233134,13.68,0.787034569625909));
#14218=CARTESIAN_POINT('',(1.05000040233134,13.68,0.787034569625909));
#14219=CARTESIAN_POINT('',(1.05000040233134,13.68,0.787034569625909));
#14220=CARTESIAN_POINT('',(1.05000040233134,13.68,0.787034569625909));
#14221=CARTESIAN_POINT('Origin',(1.05000040233133,13.68,-3.39999992400408));
#14222=CARTESIAN_POINT('',(1.05000040233133,13.68,-3.39999992400408));
#14223=CARTESIAN_POINT('Origin',(-0.0275245921288969,13.68,-1.30648267718911));
#14224=CARTESIAN_POINT('Origin',(36.9949504134109,13.68,-3.39999992400412));
#14225=CARTESIAN_POINT('',(36.9949504134109,13.68,-3.39999992400412));
#14226=CARTESIAN_POINT('',(39.1500004023313,13.68,-3.39999992400408));
#14227=CARTESIAN_POINT('',(36.9949504134109,13.68,-3.39999992400412));
#14228=CARTESIAN_POINT('',(36.9949504134109,13.68,-3.39999992400412));
#14229=CARTESIAN_POINT('',(39.1500004023313,13.68,-3.39999992400408));
#14230=CARTESIAN_POINT('Origin',(36.9949504134109,13.68,0.787034569625909));
#14231=CARTESIAN_POINT('',(36.9949504134109,13.68,0.787034569625909));
#14232=CARTESIAN_POINT('',(36.9949504134109,13.68,0.787034569625909));
#14233=CARTESIAN_POINT('',(36.9949504134109,13.68,0.787034569625909));
#14234=CARTESIAN_POINT('Origin',(39.1500004023314,13.68,0.787034569625909));
#14235=CARTESIAN_POINT('',(39.1500004023314,13.68,0.787034569625909));
#14236=CARTESIAN_POINT('',(39.1500004023314,13.68,0.787034569625909));
#14237=CARTESIAN_POINT('',(39.1500004023314,13.68,0.787034569625909));
#14238=CARTESIAN_POINT('Origin',(39.1500004023313,13.68,-3.39999992400408));
#14239=CARTESIAN_POINT('',(39.1500004023313,13.68,-3.39999992400408));
#14240=CARTESIAN_POINT('Origin',(38.0724754078711,13.68,-1.30648267718911));
#14241=CARTESIAN_POINT('Origin',(17.9449504134109,13.68,15.6500000759959));
#14242=CARTESIAN_POINT('',(17.9449504134109,13.68,15.6500000759959));
#14243=CARTESIAN_POINT('',(20.1000004023313,13.68,15.6500000759959));
#14244=CARTESIAN_POINT('',(17.9449504134109,13.68,15.6500000759959));
#14245=CARTESIAN_POINT('',(17.9449504134109,13.68,15.6500000759959));
#14246=CARTESIAN_POINT('',(20.1000004023313,13.68,15.6500000759959));
#14247=CARTESIAN_POINT('Origin',(17.9449504134109,13.68,19.8370345696259));
#14248=CARTESIAN_POINT('',(17.9449504134109,13.68,19.8370345696259));
#14249=CARTESIAN_POINT('',(17.9449504134109,13.68,19.8370345696259));
#14250=CARTESIAN_POINT('',(17.9449504134109,13.68,19.8370345696259));
#14251=CARTESIAN_POINT('Origin',(20.1000004023313,13.68,19.8370345696259));
#14252=CARTESIAN_POINT('',(20.1000004023313,13.68,19.8370345696259));
#14253=CARTESIAN_POINT('',(20.1000004023313,13.68,19.8370345696259));
#14254=CARTESIAN_POINT('',(20.1000004023313,13.68,19.8370345696259));
#14255=CARTESIAN_POINT('Origin',(20.1000004023313,13.68,15.6500000759959));
#14256=CARTESIAN_POINT('',(20.1000004023313,13.68,15.6500000759959));
#14257=CARTESIAN_POINT('Origin',(19.0224754078711,13.68,17.7435173228109));
#14258=CARTESIAN_POINT('Origin',(-20.1550495865891,13.68,15.6500000759959));
#14259=CARTESIAN_POINT('',(-20.1550495865891,13.68,15.6500000759959));
#14260=CARTESIAN_POINT('',(-17.9999995976687,13.68,15.6500000759959));
#14261=CARTESIAN_POINT('',(-20.1550495865891,13.68,15.6500000759959));
#14262=CARTESIAN_POINT('',(-20.1550495865891,13.68,15.6500000759959));
#14263=CARTESIAN_POINT('',(-17.9999995976687,13.68,15.6500000759959));
#14264=CARTESIAN_POINT('Origin',(-20.1550495865891,13.68,19.8370345696259));
#14265=CARTESIAN_POINT('',(-20.1550495865891,13.68,19.8370345696259));
#14266=CARTESIAN_POINT('',(-20.1550495865891,13.68,19.8370345696259));
#14267=CARTESIAN_POINT('',(-20.1550495865891,13.68,19.8370345696259));
#14268=CARTESIAN_POINT('Origin',(-17.9999995976687,13.68,19.8370345696259));
#14269=CARTESIAN_POINT('',(-17.9999995976687,13.68,19.8370345696259));
#14270=CARTESIAN_POINT('',(-17.9999995976687,13.68,19.8370345696259));
#14271=CARTESIAN_POINT('',(-17.9999995976687,13.68,19.8370345696259));
#14272=CARTESIAN_POINT('Origin',(-17.9999995976687,13.68,15.6500000759959));
#14273=CARTESIAN_POINT('',(-17.9999995976687,13.68,15.6500000759959));
#14274=CARTESIAN_POINT('Origin',(-19.0775245921289,13.68,17.7435173228109));
#14275=CARTESIAN_POINT('Origin',(1.05000040233134,13.68,19.8370345696259));
#14276=CARTESIAN_POINT('',(1.05000040233134,13.68,19.8370345696259));
#14277=CARTESIAN_POINT('',(-1.10504958658914,13.68,19.8370345696259));
#14278=CARTESIAN_POINT('',(1.05000040233134,13.68,19.8370345696259));
#14279=CARTESIAN_POINT('',(1.05000040233134,13.68,19.8370345696259));
#14280=CARTESIAN_POINT('',(-1.10504958658914,13.68,19.8370345696259));
#14281=CARTESIAN_POINT('Origin',(1.05000040233133,13.68,15.6500000759959));
#14282=CARTESIAN_POINT('',(1.05000040233133,13.68,15.6500000759959));
#14283=CARTESIAN_POINT('',(1.05000040233133,13.68,15.6500000759959));
#14284=CARTESIAN_POINT('',(1.05000040233133,13.68,15.6500000759959));
#14285=CARTESIAN_POINT('Origin',(-1.10504958658914,13.68,15.6500000759959));
#14286=CARTESIAN_POINT('',(-1.10504958658914,13.68,15.6500000759959));
#14287=CARTESIAN_POINT('',(-1.10504958658914,13.68,15.6500000759959));
#14288=CARTESIAN_POINT('',(-1.10504958658914,13.68,15.6500000759959));
#14289=CARTESIAN_POINT('Origin',(-1.10504958658914,13.68,19.8370345696259));
#14290=CARTESIAN_POINT('',(-1.10504958658914,13.68,19.8370345696259));
#14291=CARTESIAN_POINT('Origin',(-0.0275245921288969,13.68,17.7435173228109));
#14292=CARTESIAN_POINT('Origin',(36.9949504134109,13.68,15.6500000759959));
#14293=CARTESIAN_POINT('',(36.9949504134109,13.68,15.6500000759959));
#14294=CARTESIAN_POINT('',(39.1500004023313,13.68,15.6500000759959));
#14295=CARTESIAN_POINT('',(36.9949504134109,13.68,15.6500000759959));
#14296=CARTESIAN_POINT('',(36.9949504134109,13.68,15.6500000759959));
#14297=CARTESIAN_POINT('',(39.1500004023313,13.68,15.6500000759959));
#14298=CARTESIAN_POINT('Origin',(36.9949504134109,13.68,19.8370345696259));
#14299=CARTESIAN_POINT('',(36.9949504134109,13.68,19.8370345696259));
#14300=CARTESIAN_POINT('',(36.9949504134109,13.68,19.8370345696259));
#14301=CARTESIAN_POINT('',(36.9949504134109,13.68,19.8370345696259));
#14302=CARTESIAN_POINT('Origin',(39.1500004023314,13.68,19.8370345696259));
#14303=CARTESIAN_POINT('',(39.1500004023314,13.68,19.8370345696259));
#14304=CARTESIAN_POINT('',(39.1500004023314,13.68,19.8370345696259));
#14305=CARTESIAN_POINT('',(39.1500004023314,13.68,19.8370345696259));
#14306=CARTESIAN_POINT('Origin',(39.1500004023313,13.68,15.6500000759959));
#14307=CARTESIAN_POINT('',(39.1500004023313,13.68,15.6500000759959));
#14308=CARTESIAN_POINT('Origin',(38.0724754078711,13.68,17.7435173228109));
#14309=CARTESIAN_POINT('Origin',(17.9449504134109,13.68,-3.39999992400412));
#14310=CARTESIAN_POINT('',(17.9449504134109,13.68,-3.39999992400412));
#14311=CARTESIAN_POINT('',(20.1000004023313,13.68,-3.39999992400408));
#14312=CARTESIAN_POINT('',(17.9449504134109,13.68,-3.39999992400412));
#14313=CARTESIAN_POINT('',(17.9449504134109,13.68,-3.39999992400412));
#14314=CARTESIAN_POINT('',(20.1000004023313,13.68,-3.39999992400408));
#14315=CARTESIAN_POINT('Origin',(17.9449504134109,13.68,0.787034569625909));
#14316=CARTESIAN_POINT('',(17.9449504134109,13.68,0.787034569625909));
#14317=CARTESIAN_POINT('',(17.9449504134109,13.68,0.787034569625909));
#14318=CARTESIAN_POINT('',(17.9449504134109,13.68,0.787034569625909));
#14319=CARTESIAN_POINT('Origin',(20.1000004023313,13.68,0.787034569625909));
#14320=CARTESIAN_POINT('',(20.1000004023313,13.68,0.787034569625909));
#14321=CARTESIAN_POINT('',(20.1000004023313,13.68,0.787034569625909));
#14322=CARTESIAN_POINT('',(20.1000004023313,13.68,0.787034569625909));
#14323=CARTESIAN_POINT('Origin',(20.1000004023313,13.68,-3.39999992400408));
#14324=CARTESIAN_POINT('',(20.1000004023313,13.68,-3.39999992400408));
#14325=CARTESIAN_POINT('Origin',(19.0224754078711,13.68,-1.30648267718911));
#14326=CARTESIAN_POINT('Origin',(-17.9999995976687,13.68,-3.39999992400408));
#14327=CARTESIAN_POINT('',(-17.9999995976687,13.68,-3.39999992400408));
#14328=CARTESIAN_POINT('',(-17.9999995976687,13.68,0.787034569625909));
#14329=CARTESIAN_POINT('',(-17.9999995976687,13.68,-3.39999992400408));
#14330=CARTESIAN_POINT('',(-17.9999995976687,13.68,-3.39999992400408));
#14331=CARTESIAN_POINT('',(-17.9999995976687,13.68,0.787034569625909));
#14332=CARTESIAN_POINT('Origin',(-20.1550495865891,13.68,-3.39999992400412));
#14333=CARTESIAN_POINT('',(-20.1550495865891,13.68,-3.39999992400412));
#14334=CARTESIAN_POINT('',(-20.1550495865891,13.68,-3.39999992400412));
#14335=CARTESIAN_POINT('',(-20.1550495865891,13.68,-3.39999992400412));
#14336=CARTESIAN_POINT('Origin',(-20.1550495865891,13.68,0.787034569625909));
#14337=CARTESIAN_POINT('',(-20.1550495865891,13.68,0.787034569625909));
#14338=CARTESIAN_POINT('',(-20.1550495865891,13.68,0.787034569625909));
#14339=CARTESIAN_POINT('',(-20.1550495865891,13.68,0.787034569625909));
#14340=CARTESIAN_POINT('Origin',(-17.9999995976687,13.68,0.787034569625909));
#14341=CARTESIAN_POINT('',(-17.9999995976687,13.68,0.787034569625909));
#14342=CARTESIAN_POINT('Origin',(-19.0775245921289,13.68,-1.30648267718911));
#14343=CARTESIAN_POINT('Origin',(-53.19999653548,13.,-9.10000002011657));
#14344=CARTESIAN_POINT('',(-53.19999653548,13.,-9.10000002011657));
#14345=CARTESIAN_POINT('Origin',(-38.2000066496432,13.,-9.10000002011657));
#14346=CARTESIAN_POINT('',(-38.2,14.5,-9.10000002011657));
#14347=CARTESIAN_POINT('Origin',(53.000001090765,13.,-9.10000002011657));
#14348=CARTESIAN_POINT('',(38.,14.5,-9.10000002011657));
#14349=CARTESIAN_POINT('Origin',(38.,16.,-10.2));
#14350=CARTESIAN_POINT('',(38.,16.,-10.2));
#14351=CARTESIAN_POINT('Origin',(-38.2,16.,27.9));
#14352=CARTESIAN_POINT('',(-38.2,16.,-10.2));
#14353=CARTESIAN_POINT('Origin',(-38.2,16.,-10.2));
#14354=CARTESIAN_POINT('Origin',(21.475,16.,11.875));
#14355=CARTESIAN_POINT('',(21.475,16.,24.875));
#14356=CARTESIAN_POINT('',(21.475,16.,11.875));
#14357=CARTESIAN_POINT('Origin',(21.975,16.,24.875));
#14358=CARTESIAN_POINT('',(21.975,16.,25.375));
#14359=CARTESIAN_POINT('Origin',(21.975,16.,25.375));
#14360=CARTESIAN_POINT('',(34.975,16.,25.375));
#14361=CARTESIAN_POINT('Origin',(34.975,16.,24.875));
#14362=CARTESIAN_POINT('',(35.475,16.,24.875));
#14363=CARTESIAN_POINT('Origin',(-16.625,16.,11.875));
#14364=CARTESIAN_POINT('',(-16.625,16.,24.875));
#14365=CARTESIAN_POINT('',(-16.625,16.,11.875));
#14366=CARTESIAN_POINT('Origin',(-16.125,16.,24.875));
#14367=CARTESIAN_POINT('',(-16.125,16.,25.375));
#14368=CARTESIAN_POINT('Origin',(-16.125,16.,25.375));
#14369=CARTESIAN_POINT('',(-3.12499999999998,16.,25.375));
#14370=CARTESIAN_POINT('Origin',(-3.12499999999998,16.,24.875));
#14371=CARTESIAN_POINT('',(-2.62499999999998,16.,24.875));
#14372=CARTESIAN_POINT('Origin',(21.475,16.,-7.175));
#14373=CARTESIAN_POINT('',(21.475,16.,5.825));
#14374=CARTESIAN_POINT('',(21.475,16.,-7.175));
#14375=CARTESIAN_POINT('Origin',(21.975,16.,5.825));
#14376=CARTESIAN_POINT('',(21.975,16.,6.325));
#14377=CARTESIAN_POINT('Origin',(21.975,16.,6.325));
#14378=CARTESIAN_POINT('',(34.975,16.,6.32500000000001));
#14379=CARTESIAN_POINT('Origin',(34.975,16.,5.825));
#14380=CARTESIAN_POINT('',(35.475,16.,5.825));
#14381=CARTESIAN_POINT('Origin',(-35.675,16.,11.875));
#14382=CARTESIAN_POINT('',(-35.675,16.,24.875));
#14383=CARTESIAN_POINT('',(-35.675,16.,11.875));
#14384=CARTESIAN_POINT('Origin',(-35.175,16.,24.875));
#14385=CARTESIAN_POINT('',(-35.175,16.,25.375));
#14386=CARTESIAN_POINT('Origin',(-35.175,16.,25.375));
#14387=CARTESIAN_POINT('',(-22.175,16.,25.375));
#14388=CARTESIAN_POINT('Origin',(-22.175,16.,24.875));
#14389=CARTESIAN_POINT('',(-21.675,16.,24.875));
#14390=CARTESIAN_POINT('Origin',(-16.625,16.,-7.175));
#14391=CARTESIAN_POINT('',(-16.625,16.,5.825));
#14392=CARTESIAN_POINT('',(-16.625,16.,-7.175));
#14393=CARTESIAN_POINT('Origin',(-16.125,16.,5.825));
#14394=CARTESIAN_POINT('',(-16.125,16.,6.325));
#14395=CARTESIAN_POINT('Origin',(-16.125,16.,6.325));
#14396=CARTESIAN_POINT('',(-3.12499999999998,16.,6.32500000000001));
#14397=CARTESIAN_POINT('Origin',(-3.12499999999998,16.,5.825));
#14398=CARTESIAN_POINT('',(-2.62499999999998,16.,5.825));
#14399=CARTESIAN_POINT('Origin',(-35.675,16.,-7.175));
#14400=CARTESIAN_POINT('',(-35.675,16.,5.825));
#14401=CARTESIAN_POINT('',(-35.675,16.,-7.175));
#14402=CARTESIAN_POINT('Origin',(-35.175,16.,5.825));
#14403=CARTESIAN_POINT('',(-35.175,16.,6.325));
#14404=CARTESIAN_POINT('Origin',(-35.175,16.,6.325));
#14405=CARTESIAN_POINT('',(-22.175,16.,6.32499999999999));
#14406=CARTESIAN_POINT('Origin',(-22.175,16.,5.825));
#14407=CARTESIAN_POINT('',(-21.675,16.,5.825));
#14408=CARTESIAN_POINT('Origin',(2.42500000000001,16.,-7.175));
#14409=CARTESIAN_POINT('',(2.42500000000001,16.,5.825));
#14410=CARTESIAN_POINT('',(2.42500000000001,16.,-7.175));
#14411=CARTESIAN_POINT('Origin',(2.92500000000002,16.,5.825));
#14412=CARTESIAN_POINT('',(2.92500000000002,16.,6.325));
#14413=CARTESIAN_POINT('Origin',(2.92500000000002,16.,6.325));
#14414=CARTESIAN_POINT('',(15.925,16.,6.32499999999999));
#14415=CARTESIAN_POINT('Origin',(15.925,16.,5.825));
#14416=CARTESIAN_POINT('',(16.425,16.,5.825));
#14417=CARTESIAN_POINT('Origin',(2.42500000000001,16.,11.875));
#14418=CARTESIAN_POINT('',(2.42500000000001,16.,24.875));
#14419=CARTESIAN_POINT('',(2.42500000000001,16.,11.875));
#14420=CARTESIAN_POINT('Origin',(2.92500000000002,16.,24.875));
#14421=CARTESIAN_POINT('',(2.92500000000002,16.,25.375));
#14422=CARTESIAN_POINT('Origin',(2.92500000000002,16.,25.375));
#14423=CARTESIAN_POINT('',(15.925,16.,25.375));
#14424=CARTESIAN_POINT('Origin',(15.925,16.,24.875));
#14425=CARTESIAN_POINT('',(16.425,16.,24.875));
#14426=CARTESIAN_POINT('Origin',(35.475,16.,24.875));
#14427=CARTESIAN_POINT('',(35.475,16.,11.875));
#14428=CARTESIAN_POINT('Origin',(34.975,16.,11.875));
#14429=CARTESIAN_POINT('',(34.975,16.,11.375));
#14430=CARTESIAN_POINT('Origin',(34.975,16.,11.375));
#14431=CARTESIAN_POINT('',(21.975,16.,11.375));
#14432=CARTESIAN_POINT('Origin',(21.975,16.,11.875));
#14433=CARTESIAN_POINT('Origin',(-2.62499999999998,16.,24.875));
#14434=CARTESIAN_POINT('',(-2.62499999999998,16.,11.875));
#14435=CARTESIAN_POINT('Origin',(-3.12499999999998,16.,11.875));
#14436=CARTESIAN_POINT('',(-3.12499999999998,16.,11.375));
#14437=CARTESIAN_POINT('Origin',(-3.12499999999998,16.,11.375));
#14438=CARTESIAN_POINT('',(-16.125,16.,11.375));
#14439=CARTESIAN_POINT('Origin',(-16.125,16.,11.875));
#14440=CARTESIAN_POINT('Origin',(35.475,16.,5.825));
#14441=CARTESIAN_POINT('',(35.475,16.,-7.175));
#14442=CARTESIAN_POINT('Origin',(34.975,16.,-7.175));
#14443=CARTESIAN_POINT('',(34.975,16.,-7.675));
#14444=CARTESIAN_POINT('Origin',(34.975,16.,-7.675));
#14445=CARTESIAN_POINT('',(21.975,16.,-7.67500000000001));
#14446=CARTESIAN_POINT('Origin',(21.975,16.,-7.175));
#14447=CARTESIAN_POINT('Origin',(-21.675,16.,24.875));
#14448=CARTESIAN_POINT('',(-21.675,16.,11.875));
#14449=CARTESIAN_POINT('Origin',(-22.175,16.,11.875));
#14450=CARTESIAN_POINT('',(-22.175,16.,11.375));
#14451=CARTESIAN_POINT('Origin',(-22.175,16.,11.375));
#14452=CARTESIAN_POINT('',(-35.175,16.,11.375));
#14453=CARTESIAN_POINT('Origin',(-35.175,16.,11.875));
#14454=CARTESIAN_POINT('Origin',(-2.62499999999998,16.,5.825));
#14455=CARTESIAN_POINT('',(-2.62499999999998,16.,-7.175));
#14456=CARTESIAN_POINT('Origin',(-3.12499999999998,16.,-7.175));
#14457=CARTESIAN_POINT('',(-3.12499999999998,16.,-7.675));
#14458=CARTESIAN_POINT('Origin',(-3.12499999999998,16.,-7.675));
#14459=CARTESIAN_POINT('',(-16.125,16.,-7.67499999999999));
#14460=CARTESIAN_POINT('Origin',(-16.125,16.,-7.175));
#14461=CARTESIAN_POINT('Origin',(-21.675,16.,5.825));
#14462=CARTESIAN_POINT('',(-21.675,16.,-7.175));
#14463=CARTESIAN_POINT('Origin',(-22.175,16.,-7.175));
#14464=CARTESIAN_POINT('',(-22.175,16.,-7.675));
#14465=CARTESIAN_POINT('Origin',(-22.175,16.,-7.675));
#14466=CARTESIAN_POINT('',(-35.175,16.,-7.675));
#14467=CARTESIAN_POINT('Origin',(-35.175,16.,-7.175));
#14468=CARTESIAN_POINT('Origin',(16.425,16.,5.825));
#14469=CARTESIAN_POINT('',(16.425,16.,-7.175));
#14470=CARTESIAN_POINT('Origin',(15.925,16.,-7.175));
#14471=CARTESIAN_POINT('',(15.925,16.,-7.675));
#14472=CARTESIAN_POINT('Origin',(15.925,16.,-7.675));
#14473=CARTESIAN_POINT('',(2.92500000000002,16.,-7.67500000000001));
#14474=CARTESIAN_POINT('Origin',(2.92500000000002,16.,-7.175));
#14475=CARTESIAN_POINT('Origin',(16.425,16.,24.875));
#14476=CARTESIAN_POINT('',(16.425,16.,11.875));
#14477=CARTESIAN_POINT('Origin',(15.925,16.,11.875));
#14478=CARTESIAN_POINT('',(15.925,16.,11.375));
#14479=CARTESIAN_POINT('Origin',(15.925,16.,11.375));
#14480=CARTESIAN_POINT('',(2.92500000000002,16.,11.375));
#14481=CARTESIAN_POINT('Origin',(2.92500000000002,16.,11.875));
#14482=CARTESIAN_POINT('Origin',(-52.2,14.,-10.3));
#14483=CARTESIAN_POINT('',(-53.2,13.,-10.3));
#14484=CARTESIAN_POINT('',(-52.2,13.,-9.29999999999999));
#14485=CARTESIAN_POINT('Origin',(-52.2,13.,-10.3));
#14486=CARTESIAN_POINT('',(-52.2,18.,-9.30000000000002));
#14487=CARTESIAN_POINT('',(-52.2,14.,-9.30000000000002));
#14488=CARTESIAN_POINT('',(-53.2,18.,-10.3));
#14489=CARTESIAN_POINT('Origin',(-52.2,18.,-10.3));
#14490=CARTESIAN_POINT('',(-53.2,14.,-10.3));
#14491=CARTESIAN_POINT('Origin',(-26.6,18.,-10.3));
#14492=CARTESIAN_POINT('',(52.2,18.,-9.30000000000001));
#14493=CARTESIAN_POINT('',(52.2,19.,-10.3));
#14494=CARTESIAN_POINT('Origin',(52.2,18.,-10.3));
#14495=CARTESIAN_POINT('',(-52.2,19.,-10.3));
#14496=CARTESIAN_POINT('',(-26.6,19.,-10.3));
#14497=CARTESIAN_POINT('Origin',(-52.2,18.,-10.3));
#14498=CARTESIAN_POINT('',(-26.6,18.,-9.30000000000002));
#14499=CARTESIAN_POINT('Origin',(52.2,14.,-10.3));
#14500=CARTESIAN_POINT('',(52.2,13.,-9.29999999999998));
#14501=CARTESIAN_POINT('',(53.2,13.,-10.3));
#14502=CARTESIAN_POINT('Origin',(52.2,13.,-10.3));
#14503=CARTESIAN_POINT('',(53.2,18.,-10.3));
#14504=CARTESIAN_POINT('',(53.2,14.,-10.3));
#14505=CARTESIAN_POINT('Origin',(52.2,18.,-10.3));
#14506=CARTESIAN_POINT('',(52.2,14.,-9.30000000000001));
#14507=CARTESIAN_POINT('Origin',(52.2,18.,-10.3));
#14508=CARTESIAN_POINT('Origin',(52.2,18.,-10.3));
#14509=CARTESIAN_POINT('Origin',(-52.2,18.,-10.3));
#14510=CARTESIAN_POINT('Origin',(-52.2,18.,-10.3));
#14511=CARTESIAN_POINT('Origin',(-52.2,18.,-34.05));
#14512=CARTESIAN_POINT('',(-52.2,19.,-41.3));
#14513=CARTESIAN_POINT('',(-52.2,19.,-34.05));
#14514=CARTESIAN_POINT('',(-53.2,18.,-41.3));
#14515=CARTESIAN_POINT('Origin',(-52.2,18.,-41.3));
#14516=CARTESIAN_POINT('',(-53.2,18.,-34.05));
#14517=CARTESIAN_POINT('Origin',(8.88178419700125E-15,19.,-25.8));
#14518=CARTESIAN_POINT('',(52.2,19.,-41.3));
#14519=CARTESIAN_POINT('',(52.2,19.,-17.55));
#14520=CARTESIAN_POINT('',(26.6,19.,-41.3));
#14521=CARTESIAN_POINT('',(45.85,19.,-37.3));
#14522=CARTESIAN_POINT('Origin',(48.2,19.,-37.3));
#14523=CARTESIAN_POINT('',(-50.55,19.,-37.3));
#14524=CARTESIAN_POINT('Origin',(-48.2,19.,-37.3));
#14525=CARTESIAN_POINT('',(35.5000004246831,19.,-26.0000002831221));
#14526=CARTESIAN_POINT('',(35.5000004246831,19.,-12.0000002831221));
#14527=CARTESIAN_POINT('',(35.5000004246831,19.,-18.900000141561));
#14528=CARTESIAN_POINT('',(21.5000004246831,19.,-12.0000002831221));
#14529=CARTESIAN_POINT('',(10.7500002123416,19.,-12.0000002831221));
#14530=CARTESIAN_POINT('',(21.5000004246831,19.,-26.0000002831221));
#14531=CARTESIAN_POINT('',(21.5000004246831,19.,-25.900000141561));
#14532=CARTESIAN_POINT('',(17.7500002123416,19.,-26.0000002831221));
#14533=CARTESIAN_POINT('',(-5.40000025331974,19.,-16.3500003278255));
#14534=CARTESIAN_POINT('',(-30.0000002533198,19.,-16.3500003278255));
#14535=CARTESIAN_POINT('',(-15.0000001266599,19.,-16.3500003278255));
#14536=CARTESIAN_POINT('',(-30.0000002533198,19.,-26.8500003278255));
#14537=CARTESIAN_POINT('',(-30.0000002533198,19.,-26.3250001639128));
#14538=CARTESIAN_POINT('',(-5.40000025331974,19.,-26.8500003278255));
#14539=CARTESIAN_POINT('',(-2.70000012665986,19.,-26.8500003278255));
#14540=CARTESIAN_POINT('',(-5.40000025331974,19.,-21.0750001639128));
#14541=CARTESIAN_POINT('Origin',(52.2,18.,-17.55));
#14542=CARTESIAN_POINT('',(53.2,18.,-41.3));
#14543=CARTESIAN_POINT('',(53.2,18.,-17.55));
#14544=CARTESIAN_POINT('Origin',(52.2,18.,-41.3));
#14545=CARTESIAN_POINT('Origin',(53.2,14.,-9.30000000000001));
#14546=CARTESIAN_POINT('',(53.2,13.,-41.3));
#14547=CARTESIAN_POINT('',(53.2,13.,-9.29999999999998));
#14548=CARTESIAN_POINT('',(53.2,14.,-41.3));
#14549=CARTESIAN_POINT('Origin',(52.2,14.,-41.3));
#14550=CARTESIAN_POINT('',(52.2,13.,-42.3));
#14551=CARTESIAN_POINT('Origin',(52.2,13.,-41.3));
#14552=CARTESIAN_POINT('',(52.2,18.,-42.3));
#14553=CARTESIAN_POINT('',(52.2,14.,-42.3));
#14554=CARTESIAN_POINT('Origin',(52.2,18.,-41.3));
#14555=CARTESIAN_POINT('Origin',(52.2,18.,-41.3));
#14556=CARTESIAN_POINT('Origin',(52.2,18.,-41.3));
#14557=CARTESIAN_POINT('Origin',(26.6,18.,-41.3));
#14558=CARTESIAN_POINT('',(-52.2,18.,-42.3));
#14559=CARTESIAN_POINT('',(26.6,18.,-42.3));
#14560=CARTESIAN_POINT('Origin',(-52.2,18.,-41.3));
#14561=CARTESIAN_POINT('Origin',(53.2,14.,-42.3));
#14562=CARTESIAN_POINT('',(-52.2,13.,-42.3));
#14563=CARTESIAN_POINT('',(53.2,13.,-42.3));
#14564=CARTESIAN_POINT('',(-52.2,14.,-42.3));
#14565=CARTESIAN_POINT('Origin',(0.,13.,-25.8));
#14566=CARTESIAN_POINT('',(-53.2,13.,-41.3));
#14567=CARTESIAN_POINT('',(-53.2,13.,-9.29999999999999));
#14568=CARTESIAN_POINT('Origin',(-52.2,13.,-41.3));
#14569=CARTESIAN_POINT('',(43.2,13.,-9.29999999999998));
#14570=CARTESIAN_POINT('',(43.2,13.,-9.29999999999998));
#14571=CARTESIAN_POINT('',(43.2,13.,-32.3));
#14572=CARTESIAN_POINT('',(43.2,13.,-42.3));
#14573=CARTESIAN_POINT('',(-43.2,13.,-32.3));
#14574=CARTESIAN_POINT('',(-43.2,13.,-32.3));
#14575=CARTESIAN_POINT('',(-43.2,13.,-9.29999999999999));
#14576=CARTESIAN_POINT('',(-43.2,13.,-42.3));
#14577=CARTESIAN_POINT('',(-43.2,13.,-9.29999999999999));
#14578=CARTESIAN_POINT('',(45.85,13.,-37.3));
#14579=CARTESIAN_POINT('Origin',(48.2,13.,-37.3));
#14580=CARTESIAN_POINT('',(-50.55,13.,-37.3));
#14581=CARTESIAN_POINT('Origin',(-48.2,13.,-37.3));
#14582=CARTESIAN_POINT('Origin',(-52.2,18.,-41.3));
#14583=CARTESIAN_POINT('Origin',(-52.2,18.,-41.3));
#14584=CARTESIAN_POINT('Origin',(-52.2,14.,-41.3));
#14585=CARTESIAN_POINT('',(-53.2,14.,-41.3));
#14586=CARTESIAN_POINT('Origin',(-53.2,14.,-9.30000000000002));
#14587=CARTESIAN_POINT('',(-43.1999990344048,14.5,-9.3000004417263));
#14588=CARTESIAN_POINT('',(-43.2,13.,-9.29999999999999));
#14589=CARTESIAN_POINT('',(43.2000020518899,14.5,-9.3000004417263));
#14590=CARTESIAN_POINT('',(43.2,14.5,-9.29999999999998));
#14591=CARTESIAN_POINT('',(43.2,13.,-9.29999999999998));
#14592=CARTESIAN_POINT('Origin',(-53.2,14.,-42.3));
#14593=CARTESIAN_POINT('Origin',(-43.1999990344048,16.,-10.7999997586012));
#14594=CARTESIAN_POINT('',(43.2000020518899,16.,-10.7999997586012));
#14595=CARTESIAN_POINT('',(-43.1999990344048,16.,-10.7999997586012));
#14596=CARTESIAN_POINT('',(-21.5999995172024,16.,-10.7999997586012));
#14597=CARTESIAN_POINT('',(43.2000020518899,14.5,-10.7999997586012));
#14598=CARTESIAN_POINT('',(43.2,14.5,-10.7999997586012));
#14599=CARTESIAN_POINT('',(-43.1999990344048,14.5,-10.7999997586012));
#14600=CARTESIAN_POINT('',(-43.1999990344048,14.5,-10.7999997586012));
#14601=CARTESIAN_POINT('',(-43.2,14.5,-10.7999997586012));
#14602=CARTESIAN_POINT('Origin',(1.02594494677533E-6,14.5,-10.0499998793006));
#14603=CARTESIAN_POINT('',(43.2,14.5,-21.1749999396503));
#14604=CARTESIAN_POINT('',(-43.2,14.5,-9.67499993965029));
#14605=CARTESIAN_POINT('Origin',(-43.2,13.,-9.29999999999999));
#14606=CARTESIAN_POINT('',(-43.2,16.,-32.3));
#14607=CARTESIAN_POINT('',(-43.2,13.,-32.3));
#14608=CARTESIAN_POINT('',(-43.2,16.,-17.55));
#14609=CARTESIAN_POINT('Origin',(43.2,13.,-32.3));
#14610=CARTESIAN_POINT('',(43.2,16.,-32.3));
#14611=CARTESIAN_POINT('',(43.2,16.,-29.05));
#14612=CARTESIAN_POINT('',(43.2,13.,-32.3));
#14613=CARTESIAN_POINT('Origin',(-43.2,13.,-32.3));
#14614=CARTESIAN_POINT('',(-21.6,16.,-32.3));
#14615=CARTESIAN_POINT('Origin',(48.2,0.,-37.3));
#14616=CARTESIAN_POINT('',(45.85,0.,-37.3));
#14617=CARTESIAN_POINT('Origin',(-48.2,0.,-37.3));
#14618=CARTESIAN_POINT('',(-50.55,0.,-37.3));
#14619=CARTESIAN_POINT('Origin',(8.88178419700125E-15,16.,-25.8));
#14620=CARTESIAN_POINT('',(21.5000004246831,16.,-12.0000002831221));
#14621=CARTESIAN_POINT('',(21.5000004246831,16.,-26.0000002831221));
#14622=CARTESIAN_POINT('',(21.5000004246831,16.,-25.900000141561));
#14623=CARTESIAN_POINT('',(35.5000004246831,16.,-12.0000002831221));
#14624=CARTESIAN_POINT('',(10.7500002123416,16.,-12.0000002831221));
#14625=CARTESIAN_POINT('',(35.5000004246831,16.,-26.0000002831221));
#14626=CARTESIAN_POINT('',(35.5000004246831,16.,-18.900000141561));
#14627=CARTESIAN_POINT('',(17.7500002123416,16.,-26.0000002831221));
#14628=CARTESIAN_POINT('',(-30.0000002533198,16.,-26.8500003278255));
#14629=CARTESIAN_POINT('',(-5.40000025331974,16.,-26.8500003278255));
#14630=CARTESIAN_POINT('',(-2.70000012665986,16.,-26.8500003278255));
#14631=CARTESIAN_POINT('',(-30.0000002533198,16.,-16.3500003278255));
#14632=CARTESIAN_POINT('',(-30.0000002533198,16.,-26.3250001639128));
#14633=CARTESIAN_POINT('',(-5.40000025331974,16.,-16.3500003278255));
#14634=CARTESIAN_POINT('',(-15.0000001266599,16.,-16.3500003278255));
#14635=CARTESIAN_POINT('',(-5.40000025331974,16.,-21.0750001639128));
#14636=CARTESIAN_POINT('Origin',(35.5000004246831,14.,-12.0000002831221));
#14637=CARTESIAN_POINT('',(35.5000004246831,14.,-12.0000002831221));
#14638=CARTESIAN_POINT('',(35.5000004246831,14.,-26.0000002831221));
#14639=CARTESIAN_POINT('Origin',(21.5000004246831,14.,-12.0000002831221));
#14640=CARTESIAN_POINT('',(21.5000004246831,14.,-12.0000002831221));
#14641=CARTESIAN_POINT('Origin',(-30.0000002533198,14.,-16.3500003278255));
#14642=CARTESIAN_POINT('',(-30.0000002533198,14.,-16.3500003278255));
#14643=CARTESIAN_POINT('',(-5.40000025331974,14.,-16.3500003278255));
#14644=CARTESIAN_POINT('Origin',(-30.0000002533198,14.,-26.8500003278255));
#14645=CARTESIAN_POINT('',(-30.0000002533198,14.,-26.8500003278255));
#14646=CARTESIAN_POINT('Origin',(21.5000004246831,14.,-26.0000002831221));
#14647=CARTESIAN_POINT('',(21.5000004246831,14.,-26.0000002831221));
#14648=CARTESIAN_POINT('Origin',(35.5000004246831,14.,-26.0000002831221));
#14649=CARTESIAN_POINT('Origin',(-5.40000025331974,14.,-26.8500003278255));
#14650=CARTESIAN_POINT('',(-5.40000025331974,14.,-26.8500003278255));
#14651=CARTESIAN_POINT('Origin',(-5.40000025331974,14.,-16.3500003278255));
#14652=CARTESIAN_POINT('',(3.5527136788005E-14,6.00000000000002,3.48610029732299E-14));
#14653=UNCERTAINTY_MEASURE_WITH_UNIT(LENGTH_MEASURE(0.01),#14679,
'DISTANCE_ACCURACY_VALUE',
'Maximum model space distance between geometric entities at asserted c
onnectivities');
#14654=UNCERTAINTY_MEASURE_WITH_UNIT(LENGTH_MEASURE(0.01),#14679,
'DISTANCE_ACCURACY_VALUE',
'Maximum model space distance between geometric entities at asserted c
onnectivities');
#14655=UNCERTAINTY_MEASURE_WITH_UNIT(LENGTH_MEASURE(0.01),#14679,
'DISTANCE_ACCURACY_VALUE',
'Maximum model space distance between geometric entities at asserted c
onnectivities');
#14656=UNCERTAINTY_MEASURE_WITH_UNIT(LENGTH_MEASURE(0.01),#14679,
'DISTANCE_ACCURACY_VALUE',
'Maximum model space distance between geometric entities at asserted c
onnectivities');
#14657=UNCERTAINTY_MEASURE_WITH_UNIT(LENGTH_MEASURE(0.01),#14679,
'DISTANCE_ACCURACY_VALUE',
'Maximum model space distance between geometric entities at asserted c
onnectivities');
#14658=UNCERTAINTY_MEASURE_WITH_UNIT(LENGTH_MEASURE(0.01),#14679,
'DISTANCE_ACCURACY_VALUE',
'Maximum model space distance between geometric entities at asserted c
onnectivities');
#14659=UNCERTAINTY_MEASURE_WITH_UNIT(LENGTH_MEASURE(0.01),#14679,
'DISTANCE_ACCURACY_VALUE',
'Maximum model space distance between geometric entities at asserted c
onnectivities');
#14660=UNCERTAINTY_MEASURE_WITH_UNIT(LENGTH_MEASURE(0.01),#14679,
'DISTANCE_ACCURACY_VALUE',
'Maximum model space distance between geometric entities at asserted c
onnectivities');
#14661=UNCERTAINTY_MEASURE_WITH_UNIT(LENGTH_MEASURE(0.01),#14679,
'DISTANCE_ACCURACY_VALUE',
'Maximum model space distance between geometric entities at asserted c
onnectivities');
#14662=UNCERTAINTY_MEASURE_WITH_UNIT(LENGTH_MEASURE(0.01),#14679,
'DISTANCE_ACCURACY_VALUE',
'Maximum model space distance between geometric entities at asserted c
onnectivities');
#14663=UNCERTAINTY_MEASURE_WITH_UNIT(LENGTH_MEASURE(0.01),#14679,
'DISTANCE_ACCURACY_VALUE',
'Maximum model space distance between geometric entities at asserted c
onnectivities');
#14664=UNCERTAINTY_MEASURE_WITH_UNIT(LENGTH_MEASURE(0.01),#14679,
'DISTANCE_ACCURACY_VALUE',
'Maximum model space distance between geometric entities at asserted c
onnectivities');
#14665=UNCERTAINTY_MEASURE_WITH_UNIT(LENGTH_MEASURE(0.01),#14679,
'DISTANCE_ACCURACY_VALUE',
'Maximum model space distance between geometric entities at asserted c
onnectivities');
#14666=(
GEOMETRIC_REPRESENTATION_CONTEXT(3)
GLOBAL_UNCERTAINTY_ASSIGNED_CONTEXT((#14653))
GLOBAL_UNIT_ASSIGNED_CONTEXT((#14679,#14681,#14682))
REPRESENTATION_CONTEXT('','3D')
);
#14667=(
GEOMETRIC_REPRESENTATION_CONTEXT(3)
GLOBAL_UNCERTAINTY_ASSIGNED_CONTEXT((#14654))
GLOBAL_UNIT_ASSIGNED_CONTEXT((#14679,#14681,#14682))
REPRESENTATION_CONTEXT('','3D')
);
#14668=(
GEOMETRIC_REPRESENTATION_CONTEXT(3)
GLOBAL_UNCERTAINTY_ASSIGNED_CONTEXT((#14655))
GLOBAL_UNIT_ASSIGNED_CONTEXT((#14679,#14681,#14682))
REPRESENTATION_CONTEXT('','3D')
);
#14669=(
GEOMETRIC_REPRESENTATION_CONTEXT(3)
GLOBAL_UNCERTAINTY_ASSIGNED_CONTEXT((#14656))
GLOBAL_UNIT_ASSIGNED_CONTEXT((#14679,#14681,#14682))
REPRESENTATION_CONTEXT('','3D')
);
#14670=(
GEOMETRIC_REPRESENTATION_CONTEXT(3)
GLOBAL_UNCERTAINTY_ASSIGNED_CONTEXT((#14657))
GLOBAL_UNIT_ASSIGNED_CONTEXT((#14679,#14681,#14682))
REPRESENTATION_CONTEXT('','3D')
);
#14671=(
GEOMETRIC_REPRESENTATION_CONTEXT(3)
GLOBAL_UNCERTAINTY_ASSIGNED_CONTEXT((#14658))
GLOBAL_UNIT_ASSIGNED_CONTEXT((#14679,#14681,#14682))
REPRESENTATION_CONTEXT('','3D')
);
#14672=(
GEOMETRIC_REPRESENTATION_CONTEXT(3)
GLOBAL_UNCERTAINTY_ASSIGNED_CONTEXT((#14659))
GLOBAL_UNIT_ASSIGNED_CONTEXT((#14679,#14681,#14682))
REPRESENTATION_CONTEXT('','3D')
);
#14673=(
GEOMETRIC_REPRESENTATION_CONTEXT(3)
GLOBAL_UNCERTAINTY_ASSIGNED_CONTEXT((#14660))
GLOBAL_UNIT_ASSIGNED_CONTEXT((#14679,#14681,#14682))
REPRESENTATION_CONTEXT('','3D')
);
#14674=(
GEOMETRIC_REPRESENTATION_CONTEXT(3)
GLOBAL_UNCERTAINTY_ASSIGNED_CONTEXT((#14661))
GLOBAL_UNIT_ASSIGNED_CONTEXT((#14679,#14681,#14682))
REPRESENTATION_CONTEXT('','3D')
);
#14675=(
GEOMETRIC_REPRESENTATION_CONTEXT(3)
GLOBAL_UNCERTAINTY_ASSIGNED_CONTEXT((#14662))
GLOBAL_UNIT_ASSIGNED_CONTEXT((#14679,#14681,#14682))
REPRESENTATION_CONTEXT('','3D')
);
#14676=(
GEOMETRIC_REPRESENTATION_CONTEXT(3)
GLOBAL_UNCERTAINTY_ASSIGNED_CONTEXT((#14663))
GLOBAL_UNIT_ASSIGNED_CONTEXT((#14679,#14681,#14682))
REPRESENTATION_CONTEXT('','3D')
);
#14677=(
GEOMETRIC_REPRESENTATION_CONTEXT(3)
GLOBAL_UNCERTAINTY_ASSIGNED_CONTEXT((#14664))
GLOBAL_UNIT_ASSIGNED_CONTEXT((#14679,#14681,#14682))
REPRESENTATION_CONTEXT('','3D')
);
#14678=(
GEOMETRIC_REPRESENTATION_CONTEXT(3)
GLOBAL_UNCERTAINTY_ASSIGNED_CONTEXT((#14665))
GLOBAL_UNIT_ASSIGNED_CONTEXT((#14679,#14681,#14682))
REPRESENTATION_CONTEXT('','3D')
);
#14679=(
LENGTH_UNIT()
NAMED_UNIT(*)
SI_UNIT(.MILLI.,.METRE.)
);
#14680=(
LENGTH_UNIT()
NAMED_UNIT(*)
SI_UNIT($,.METRE.)
);
#14681=(
NAMED_UNIT(*)
PLANE_ANGLE_UNIT()
SI_UNIT($,.RADIAN.)
);
#14682=(
NAMED_UNIT(*)
SI_UNIT($,.STERADIAN.)
SOLID_ANGLE_UNIT()
);
#14683=SHAPE_DEFINITION_REPRESENTATION(#14695,#14725);
#14684=SHAPE_DEFINITION_REPRESENTATION(#14696,#14726);
#14685=SHAPE_DEFINITION_REPRESENTATION(#14697,#14727);
#14686=SHAPE_DEFINITION_REPRESENTATION(#14698,#14728);
#14687=SHAPE_DEFINITION_REPRESENTATION(#14699,#14729);
#14688=SHAPE_DEFINITION_REPRESENTATION(#14700,#14730);
#14689=SHAPE_DEFINITION_REPRESENTATION(#14701,#14731);
#14690=SHAPE_DEFINITION_REPRESENTATION(#14702,#14732);
#14691=SHAPE_DEFINITION_REPRESENTATION(#14703,#14733);
#14692=SHAPE_DEFINITION_REPRESENTATION(#14704,#14734);
#14693=SHAPE_DEFINITION_REPRESENTATION(#14705,#14735);
#14694=SHAPE_DEFINITION_REPRESENTATION(#14714,#14736);
#14695=PRODUCT_DEFINITION_SHAPE('',$,#14738);
#14696=PRODUCT_DEFINITION_SHAPE('',$,#14739);
#14697=PRODUCT_DEFINITION_SHAPE('',$,#14740);
#14698=PRODUCT_DEFINITION_SHAPE('',$,#14741);
#14699=PRODUCT_DEFINITION_SHAPE('',$,#14742);
#14700=PRODUCT_DEFINITION_SHAPE('',$,#14743);
#14701=PRODUCT_DEFINITION_SHAPE('',$,#14744);
#14702=PRODUCT_DEFINITION_SHAPE('',$,#14745);
#14703=PRODUCT_DEFINITION_SHAPE('',$,#14746);
#14704=PRODUCT_DEFINITION_SHAPE('',$,#14747);
#14705=PRODUCT_DEFINITION_SHAPE('',$,#14748);
#14706=PRODUCT_DEFINITION_SHAPE($,$,#75);
#14707=PRODUCT_DEFINITION_SHAPE($,$,#76);
#14708=PRODUCT_DEFINITION_SHAPE($,$,#77);
#14709=PRODUCT_DEFINITION_SHAPE($,$,#78);
#14710=PRODUCT_DEFINITION_SHAPE($,$,#79);
#14711=PRODUCT_DEFINITION_SHAPE($,$,#80);
#14712=PRODUCT_DEFINITION_SHAPE($,$,#81);
#14713=PRODUCT_DEFINITION_SHAPE($,$,#82);
#14714=PRODUCT_DEFINITION_SHAPE('',$,#14749);
#14715=PRODUCT_DEFINITION_SHAPE($,$,#83);
#14716=PRODUCT_DEFINITION_SHAPE($,$,#84);
#14717=PRODUCT_DEFINITION_SHAPE($,$,#85);
#14718=PRODUCT_DEFINITION_SHAPE($,$,#86);
#14719=PRODUCT_DEFINITION_SHAPE($,$,#87);
#14720=PRODUCT_DEFINITION_SHAPE($,$,#88);
#14721=PRODUCT_DEFINITION_SHAPE($,$,#89);
#14722=PRODUCT_DEFINITION_SHAPE($,$,#90);
#14723=PRODUCT_DEFINITION_SHAPE($,$,#91);
#14724=PRODUCT_DEFINITION_SHAPE($,$,#92);
#14725=SHAPE_REPRESENTATION('',(#8589,#9568),#14666);
#14726=SHAPE_REPRESENTATION('',(#8590,#9226,#9227,#9228,#9229,#9230,#9231,
#9232,#9233,#9234),#14667);
#14727=SHAPE_REPRESENTATION('',(#8591,#8638),#14668);
#14728=SHAPE_REPRESENTATION('',(#8592,#8639),#14669);
#14729=SHAPE_REPRESENTATION('',(#8593,#8640),#14670);
#14730=SHAPE_REPRESENTATION('',(#8594,#8641),#14671);
#14731=SHAPE_REPRESENTATION('',(#8595,#8642),#14672);
#14732=SHAPE_REPRESENTATION('',(#8596,#8643),#14673);
#14733=SHAPE_REPRESENTATION('',(#8597,#8644),#14674);
#14734=SHAPE_REPRESENTATION('',(#8598,#8645),#14675);
#14735=SHAPE_REPRESENTATION('',(#8599),#14676);
#14736=SHAPE_REPRESENTATION('',(#8646),#14677);
#14737=PRODUCT_DEFINITION_CONTEXT('part definition',#14775,'design');
#14738=PRODUCT_DEFINITION('2026-08-21-23-33-17-774','Hackpad case',#14750,
#14737);
#14739=PRODUCT_DEFINITION('hackpad 1','pcb',#14751,#14737);
#14740=PRODUCT_DEFINITION('D_DO-35_SOD27_P7.62mm_Horizontal',
'D_DO-35_SOD27_P7.62mm_Horizontal (1)',#14752,#14737);
#14741=PRODUCT_DEFINITION('D_DO-35_SOD27_P7.62mm_Horizontal_1',
'D_DO-35_SOD27_P7.62mm_Horizontal (1)',#14753,#14737);
#14742=PRODUCT_DEFINITION('D_DO-35_SOD27_P7.62mm_Horizontal_2',
'D_DO-35_SOD27_P7.62mm_Horizontal (1)',#14754,#14737);
#14743=PRODUCT_DEFINITION('D_DO-35_SOD27_P7.62mm_Horizontal_3',
'D_DO-35_SOD27_P7.62mm_Horizontal (1)',#14755,#14737);
#14744=PRODUCT_DEFINITION('D_DO-35_SOD27_P7.62mm_Horizontal_4',
'D_DO-35_SOD27_P7.62mm_Horizontal (1)',#14756,#14737);
#14745=PRODUCT_DEFINITION('D_DO-35_SOD27_P7.62mm_Horizontal_5',
'D_DO-35_SOD27_P7.62mm_Horizontal (1)',#14757,#14737);
#14746=PRODUCT_DEFINITION('D_DO-35_SOD27_P7.62mm_Horizontal_6',
'D_DO-35_SOD27_P7.62mm_Horizontal (1)',#14758,#14737);
#14747=PRODUCT_DEFINITION('D_DO-35_SOD27_P7.62mm_Horizontal_7',
'D_DO-35_SOD27_P7.62mm_Horizontal (1)',#14759,#14737);
#14748=PRODUCT_DEFINITION('D_DO-35_SOD27_P7.62mm_Horizontal_8',
'D_DO-35_SOD27_P7.62mm_Horizontal',#14760,#14737);
#14749=PRODUCT_DEFINITION('hackpad_PCB','hackpad_PCB',#14761,#14737);
#14750=PRODUCT_DEFINITION_FORMATION('',$,#14777);
#14751=PRODUCT_DEFINITION_FORMATION('',$,#14778);
#14752=PRODUCT_DEFINITION_FORMATION('',$,#14779);
#14753=PRODUCT_DEFINITION_FORMATION('',$,#14780);
#14754=PRODUCT_DEFINITION_FORMATION('',$,#14781);
#14755=PRODUCT_DEFINITION_FORMATION('',$,#14782);
#14756=PRODUCT_DEFINITION_FORMATION('',$,#14783);
#14757=PRODUCT_DEFINITION_FORMATION('',$,#14784);
#14758=PRODUCT_DEFINITION_FORMATION('',$,#14785);
#14759=PRODUCT_DEFINITION_FORMATION('',$,#14786);
#14760=PRODUCT_DEFINITION_FORMATION('',$,#14787);
#14761=PRODUCT_DEFINITION_FORMATION('',$,#14788);
#14762=PRODUCT_RELATED_PRODUCT_CATEGORY('Hackpad case','Hackpad case',(#14777));
#14763=PRODUCT_RELATED_PRODUCT_CATEGORY('pcb','pcb',(#14778));
#14764=PRODUCT_RELATED_PRODUCT_CATEGORY(
'D_DO-35_SOD27_P7.62mm_Horizontal (1)',
'D_DO-35_SOD27_P7.62mm_Horizontal (1)',(#14779));
#14765=PRODUCT_RELATED_PRODUCT_CATEGORY(
'D_DO-35_SOD27_P7.62mm_Horizontal (1)',
'D_DO-35_SOD27_P7.62mm_Horizontal (1)',(#14780));
#14766=PRODUCT_RELATED_PRODUCT_CATEGORY(
'D_DO-35_SOD27_P7.62mm_Horizontal (1)',
'D_DO-35_SOD27_P7.62mm_Horizontal (1)',(#14781));
#14767=PRODUCT_RELATED_PRODUCT_CATEGORY(
'D_DO-35_SOD27_P7.62mm_Horizontal (1)',
'D_DO-35_SOD27_P7.62mm_Horizontal (1)',(#14782));
#14768=PRODUCT_RELATED_PRODUCT_CATEGORY(
'D_DO-35_SOD27_P7.62mm_Horizontal (1)',
'D_DO-35_SOD27_P7.62mm_Horizontal (1)',(#14783));
#14769=PRODUCT_RELATED_PRODUCT_CATEGORY(
'D_DO-35_SOD27_P7.62mm_Horizontal (1)',
'D_DO-35_SOD27_P7.62mm_Horizontal (1)',(#14784));
#14770=PRODUCT_RELATED_PRODUCT_CATEGORY(
'D_DO-35_SOD27_P7.62mm_Horizontal (1)',
'D_DO-35_SOD27_P7.62mm_Horizontal (1)',(#14785));
#14771=PRODUCT_RELATED_PRODUCT_CATEGORY(
'D_DO-35_SOD27_P7.62mm_Horizontal (1)',
'D_DO-35_SOD27_P7.62mm_Horizontal (1)',(#14786));
#14772=PRODUCT_RELATED_PRODUCT_CATEGORY(
'D_DO-35_SOD27_P7.62mm_Horizontal','D_DO-35_SOD27_P7.62mm_Horizontal',(#14787));
#14773=PRODUCT_RELATED_PRODUCT_CATEGORY('hackpad_PCB','hackpad_PCB',(#14788));
#14774=APPLICATION_PROTOCOL_DEFINITION('international standard',
'automotive_design',2009,#14775);
#14775=APPLICATION_CONTEXT(
'Core Data for Automotive Mechanical Design Process');
#14776=PRODUCT_CONTEXT('part definition',#14775,'mechanical');
#14777=PRODUCT('2026-08-21-23-33-17-774','Hackpad case',$,(#14776));
#14778=PRODUCT('hackpad 1','pcb','KiCad electronic assembly',(#14776));
#14779=PRODUCT('D_DO-35_SOD27_P7.62mm_Horizontal',
'D_DO-35_SOD27_P7.62mm_Horizontal (1)',$,(#14776));
#14780=PRODUCT('D_DO-35_SOD27_P7.62mm_Horizontal_1',
'D_DO-35_SOD27_P7.62mm_Horizontal (1)',$,(#14776));
#14781=PRODUCT('D_DO-35_SOD27_P7.62mm_Horizontal_2',
'D_DO-35_SOD27_P7.62mm_Horizontal (1)',$,(#14776));
#14782=PRODUCT('D_DO-35_SOD27_P7.62mm_Horizontal_3',
'D_DO-35_SOD27_P7.62mm_Horizontal (1)',$,(#14776));
#14783=PRODUCT('D_DO-35_SOD27_P7.62mm_Horizontal_4',
'D_DO-35_SOD27_P7.62mm_Horizontal (1)',$,(#14776));
#14784=PRODUCT('D_DO-35_SOD27_P7.62mm_Horizontal_5',
'D_DO-35_SOD27_P7.62mm_Horizontal (1)',$,(#14776));
#14785=PRODUCT('D_DO-35_SOD27_P7.62mm_Horizontal_6',
'D_DO-35_SOD27_P7.62mm_Horizontal (1)',$,(#14776));
#14786=PRODUCT('D_DO-35_SOD27_P7.62mm_Horizontal_7',
'D_DO-35_SOD27_P7.62mm_Horizontal (1)',$,(#14776));
#14787=PRODUCT('D_DO-35_SOD27_P7.62mm_Horizontal_8',
'D_DO-35_SOD27_P7.62mm_Horizontal',$,(#14776));
#14788=PRODUCT('hackpad_PCB','hackpad_PCB',$,(#14776));
#14789=PRESENTATION_STYLE_ASSIGNMENT((#14795));
#14790=PRESENTATION_STYLE_ASSIGNMENT((#14796));
#14791=PRESENTATION_STYLE_ASSIGNMENT((#14797));
#14792=PRESENTATION_STYLE_ASSIGNMENT((#14798));
#14793=PRESENTATION_STYLE_ASSIGNMENT((#14799));
#14794=PRESENTATION_STYLE_ASSIGNMENT((#14800));
#14795=SURFACE_STYLE_USAGE(.BOTH.,#14801);
#14796=SURFACE_STYLE_USAGE(.BOTH.,#14802);
#14797=SURFACE_STYLE_USAGE(.BOTH.,#14803);
#14798=SURFACE_STYLE_USAGE(.BOTH.,#14804);
#14799=SURFACE_STYLE_USAGE(.BOTH.,#14805);
#14800=SURFACE_STYLE_USAGE(.BOTH.,#14806);
#14801=SURFACE_SIDE_STYLE('',(#14807));
#14802=SURFACE_SIDE_STYLE('',(#14808));
#14803=SURFACE_SIDE_STYLE('',(#14809));
#14804=SURFACE_SIDE_STYLE('',(#14810));
#14805=SURFACE_SIDE_STYLE('',(#14811));
#14806=SURFACE_SIDE_STYLE('',(#14812));
#14807=SURFACE_STYLE_FILL_AREA(#14813);
#14808=SURFACE_STYLE_FILL_AREA(#14814);
#14809=SURFACE_STYLE_FILL_AREA(#14815);
#14810=SURFACE_STYLE_FILL_AREA(#14816);
#14811=SURFACE_STYLE_FILL_AREA(#14817);
#14812=SURFACE_STYLE_FILL_AREA(#14818);
#14813=FILL_AREA_STYLE('Steel - Satin',(#14819));
#14814=FILL_AREA_STYLE('Plastic - Matte (Black)',(#14820));
#14815=FILL_AREA_STYLE('Opaque(210,209,199)',(#14821));
#14816=FILL_AREA_STYLE('Opaque(178,25,13)',(#14822));
#14817=FILL_AREA_STYLE('Opaque(0,161,191)',(#14823));
#14818=FILL_AREA_STYLE('Opaque(80,124,105)',(#14824));
#14819=FILL_AREA_STYLE_COLOUR('Steel - Satin',#14825);
#14820=FILL_AREA_STYLE_COLOUR('Plastic - Matte (Black)',#14826);
#14821=FILL_AREA_STYLE_COLOUR('Opaque(210,209,199)',#14827);
#14822=FILL_AREA_STYLE_COLOUR('Opaque(178,25,13)',#14828);
#14823=FILL_AREA_STYLE_COLOUR('Opaque(0,161,191)',#14829);
#14824=FILL_AREA_STYLE_COLOUR('Opaque(80,124,105)',#14830);
#14825=COLOUR_RGB('Steel - Satin',0.627450980392157,0.627450980392157,0.627450980392157);
#14826=COLOUR_RGB('Plastic - Matte (Black)',0.0980392156862745,0.0980392156862745,
0.0980392156862745);
#14827=COLOUR_RGB('Opaque(210,209,199)',0.823529411764706,0.819607843137255,
0.780392156862745);
#14828=COLOUR_RGB('Opaque(178,25,13)',0.698039215686274,0.0980392156862745,
0.0509803921568627);
#14829=COLOUR_RGB('Opaque(0,161,191)',0.,0.631372549019608,0.749019607843137);
#14830=COLOUR_RGB('Opaque(80,124,105)',0.313725490196078,0.486274509803922,
0.411764705882353);
ENDSEC;
END-ISO-10303-21;
